Country,Year,Energy_consumption,Population,GDP
Afghanistan,1980,0.0106332866710247,13356.5,
Afghanistan,1981,0.01197978304953748,13171.700000000003,
Afghanistan,1982,0.012759125869523399,12882.5,
Afghanistan,1983,0.015608721252652641,12537.700000000003,
Afghanistan,1984,0.015680896160747183,12204.299999999997,
Afghanistan,1985,0.015309984518077701,11938.200000000003,
Afghanistan,1986,0.01564447943202148,11736.200000000003,
Afghanistan,1987,0.025226063076582476,11604.5,
Afghanistan,1988,0.04448831460225056,11618.0,37.7013
Afghanistan,1989,0.04374581542773648,11868.9,34.9313
Afghanistan,1990,0.043328136574785195,12412.299999999997,33.5173
Afghanistan,1991,0.018975279103592722,13299.0,30.449699999999996
Afghanistan,1992,0.01251270630119292,14485.5,30.0136
Afghanistan,1993,0.01242749330054096,15816.6,24.2715
Afghanistan,1994,0.012032443503261001,17075.7,18.6874
Afghanistan,1995,0.010139389305981041,18110.7,24.393
Afghanistan,1996,0.009944087773431892,18853.4,25.2627
Afghanistan,1997,0.009469355303139927,19357.1,23.9564
Afghanistan,1998,0.00921582210313993,19737.8,22.8357
Afghanistan,1999,0.009210974913279964,20170.8,21.744
Afghanistan,2000,0.008071224741279944,20780.0,20.5799
Afghanistan,2001,0.006365796183684,21607.0,19.4201
Afghanistan,2002,0.0060438034336829,22600.8,28.8519
Afghanistan,2003,0.00710771180280492,23680.900000000005,33.4125
Afghanistan,2004,0.00656546758152494,24726.7,34.3682
Afghanistan,2005,0.00839838427664376,25654.3,36.9487
Afghanistan,2006,0.010571311310804899,26433.099999999995,40.1128
Afghanistan,2007,0.01370188373387216,27100.5,49.1955
Afghanistan,2008,0.02341059314140578,27722.3,48.6518
Afghanistan,2009,0.03813951780086622,28394.8,53.9395
Afghanistan,2010,0.04741541145998058,29185.5,56.7712
Afghanistan,2011,0.06442032087485612,30117.400000000005,60.6103
Afghanistan,2012,0.059043059427667945,31161.400000000005,66.4914
Afghanistan,2013,0.0498017093137364,32269.599999999995,70.9136
Afghanistan,2014,0.04572550045210694,33370.8,73.0931
Afghanistan,2015,0.05051605451498788,34413.6,72.056
Afghanistan,2016,0.04703026171969312,35383.0,73.2453
Afghanistan,2017,0.04997650285790274,36296.1,75.1899
Afghanistan,2018,0.05730924778437548,37173.5,76.3784
Afghanistan,2019,0.049099368535805,38050.9,79.4546
Albania,1980,0.06519272872849968,2682.7,
Albania,1981,0.0648177970947314,2737.02,
Albania,1982,0.06513844680087189,2790.28,
Albania,1983,0.067734340596716,2844.8700000000003,
Albania,1984,0.06816228872809729,2904.14,
Albania,1985,0.06802250200266827,2969.67,
Albania,1986,0.06643015110813391,3044.1999999999994,
Albania,1987,0.06665621135844861,3124.89,
Albania,1988,0.06743634912415426,3200.97,15.6877
Albania,1989,0.06413623181407167,3257.91,17.2309
Albania,1990,0.0459381306059588,3286.07,15.5809
Albania,1991,0.03852947579799276,3280.4,11.2179
Albania,1992,0.03367649534331872,3245.89,10.4103
Albania,1993,0.02953338192898868,3195.1999999999994,11.4097
Albania,1994,0.02807128829498164,3146.52,12.356699999999998
Albania,1995,0.03101987343091252,3112.92,14.000099999999998
Albania,1996,0.034137050744401085,3098.6999999999994,15.2744
Albania,1997,0.031178669477986844,3099.75,13.619
Albania,1998,0.03353700605449304,3110.6999999999994,14.8459
Albania,1999,0.030182493748635443,3122.6999999999994,16.8503
Albania,2000,0.03921494237623646,3129.25,17.9665
Albania,2001,0.03716933708182954,3129.6999999999994,19.3931
Albania,2002,0.04025979353551034,3126.18,20.2137
Albania,2003,0.04540895363382346,3118.02,21.373900000000003
Albania,2004,0.04843403373409651,3104.89,22.5865
Albania,2005,0.04778861621683602,3086.81,23.8874
Albania,2006,0.04499578156031366,3063.02,25.184700000000003
Albania,2007,0.03873003746342848,3033.99,26.671900000000004
Albania,2008,0.0422979456075266,3002.68,28.682
Albania,2009,0.046095224712483576,2973.0399999999995,29.644099999999998
Albania,2010,0.04921760932913862,2948.03,30.743
Albania,2011,0.04297339457648094,2928.6,31.525500000000005
Albania,2012,0.04205117332724922,2914.09,31.972400000000004
Albania,2013,0.05277244706576763,2903.7899999999995,32.2927
Albania,2014,0.04648655713628022,2896.31,32.8658
Albania,2015,0.046518920974177,2890.52,33.595
Albania,2016,0.05184295304229423,2886.43,34.7087
Albania,2017,0.050141236631784936,2884.17,36.0284
Albania,2018,0.05687401824050068,2882.0500000000006,37.4765
Albania,2019,0.04429929637307656,2879.92,38.2684
Algeria,1980,0.31227806684532083,19221.7,
Algeria,1981,0.265356529293161,19824.3,
Algeria,1982,0.38087524636721,20452.9,
Algeria,1983,0.428224737286521,21101.9,
Algeria,1984,0.4523146851882494,21763.6,
Algeria,1985,0.41856729866711084,22431.5,
Algeria,1986,0.4265203846807949,23102.400000000005,
Algeria,1987,0.45532746156766957,23774.3,
Algeria,1988,0.48524774615242566,24443.5,219.92099999999996
Algeria,1989,0.4701129800009441,25106.2,229.59800000000004
Algeria,1990,0.48706988524413825,25758.900000000005,231.434
Algeria,1991,0.5416088741092208,26400.5,228.657
Algeria,1992,0.5207270212663427,27028.3,232.773
Algeria,1993,0.47887607590453884,27635.5,227.885
Algeria,1994,0.4932613095285478,28213.8,225.83399999999997
Algeria,1995,0.5157363422298593,28757.8,234.415
Algeria,1996,0.5054671574856464,29266.400000000005,244.02599999999998
Algeria,1997,0.4814931518453246,29743.0,246.711
Algeria,1998,0.5003197393919686,30192.8,259.293
Algeria,1999,0.49843856990570784,30623.400000000005,267.59
Algeria,2000,0.5096563638065705,31042.2,277.759
Algeria,2001,0.5102315366701526,31451.5,286.092
Algeria,2002,0.5229818253626177,31855.099999999995,302.113
Algeria,2003,0.5292485517426387,32264.2,323.865
Algeria,2004,0.5181639594653158,32692.2,337.791
Algeria,2005,0.5961864836830907,33149.7,357.721
Algeria,2006,0.6238755740086163,33641.0,363.80199999999996
Algeria,2007,0.6198984943942246,34167.0,376.171
Algeria,2008,0.6709680456643278,34730.6,385.199
Algeria,2009,0.7136501527949439,35333.9,391.363
Algeria,2010,0.7111041607664398,35977.4,405.452
Algeria,2011,0.7751961095291319,36661.4,417.21
Algeria,2012,0.8392816499931781,37383.9,431.395
Algeria,2013,0.8150342390148488,38140.1,443.474
Algeria,2014,0.9199595587034848,38923.7,460.326
Algeria,2015,0.9407128927082372,39728.0,477.358
Algeria,2016,0.9344607575122783,40551.4,492.633
Algeria,2017,0.9444803600226068,41389.2,499.038
Algeria,2018,1.0063092691006594,42209.8,505.026
Algeria,2019,1.0574010617810434,43030.4,509.066
American Samoa,1980,0.00235724496,32.646,
American Samoa,1981,0.0027705909,33.701,
American Samoa,1982,0.0038620358,34.968,
American Samoa,1983,0.0024347617,36.412,
American Samoa,1984,0.0027781815599999997,37.946,
American Samoa,1985,0.0026026763,39.519,
American Samoa,1986,0.0026866336,41.119,
American Samoa,1987,0.0027892035494,42.74,
American Samoa,1988,0.00271152569856,44.342999999999996,
American Samoa,1989,0.0031224765084,45.894,
American Samoa,1990,0.0032842153084,47.347,
American Samoa,1991,0.0032842153084,48.685,
American Samoa,1992,0.00337820747928,49.895999999999994,
American Samoa,1993,0.0032864783084,51.02,
American Samoa,1994,0.0032014333084,52.095,
American Samoa,1995,0.0031163883084000003,53.161,
American Samoa,1996,0.00312464267928,54.21099999999999,
American Samoa,1997,0.0032014333084,55.221,
American Samoa,1998,0.0032014333084,56.171,
American Samoa,1999,0.0032014374,57.053,
American Samoa,2000,0.00313484124799996,57.821,
American Samoa,2001,0.0031348412479999996,58.494,
American Samoa,2002,0.003186924644,59.080000000000005,0.514
American Samoa,2003,0.003186924644,59.504,0.527
American Samoa,2004,0.003186924644,59.681000000000004,0.512
American Samoa,2005,0.00338539253999996,59.56199999999999,0.503
American Samoa,2006,0.0034427821999999998,59.107,0.496
American Samoa,2007,0.0034427821999999998,58.365,0.52
American Samoa,2008,0.00345221448,57.492,0.563
American Samoa,2009,0.0034427821999999998,56.683,0.678
American Samoa,2010,0.0034427821999999998,56.079,0.576
American Samoa,2011,0.0019646035583428803,55.75899999999999,0.574
American Samoa,2012,0.00196998625321488,55.667,0.644
American Samoa,2013,0.0019646035583428803,55.713,0.641
American Samoa,2014,0.0019646035583428803,55.791,0.642
American Samoa,2015,0.00196460283553,55.81199999999999,0.661
American Samoa,2016,0.001969986161832,55.74100000000001,0.652
American Samoa,2017,0.00196460355832744,55.62,0.602
American Samoa,2018,0.00196460355832744,55.465,0.636
American Samoa,2019,0.00196460355832744,55.31199999999999,
Angola,1980,0.02334645918651508,8341.29,
Angola,1981,0.02314547521253784,8640.48,
Angola,1982,0.02480315970023484,8952.97,
Angola,1983,0.026518802888971883,9278.1,
Angola,1984,0.02395788036290044,9614.76,
Angola,1985,0.029506678320123398,9961.99,
Angola,1986,0.029141302400000003,10320.1,
Angola,1987,0.030054191400000003,10689.2,
Angola,1988,0.03099809952,11068.0,64.7743
Angola,1989,0.0299933794,11454.799999999997,64.8013
Angola,1990,0.03184345366829272,11848.4,62.565599999999996
Angola,1991,0.0333764448,12248.9,63.1859
Angola,1992,0.03386729698,12657.4,59.496900000000004
Angola,1993,0.03324926432,13075.0,45.2275
Angola,1994,0.0324407422,13503.799999999997,45.8333
Angola,1995,0.034797807720000004,13945.200000000003,52.7082
Angola,1996,0.03344468816,14400.700000000003,59.84720000000001
Angola,1997,0.03756658374,14871.6,64.2007
Angola,1998,0.03381107176,15359.6,67.2124
Angola,1999,0.03773951312,15866.9,68.6787
Angola,2000,0.04428694631237836,16395.5,70.7766
Angola,2001,0.0480892902569072,16945.8,73.7534
Angola,2002,0.05124536503906716,17519.4,83.8323
Angola,2003,0.05686825148172564,18121.5,86.3388
Angola,2004,0.06288839739468956,18758.1,95.79540000000001
Angola,2005,0.05354292152188076,19433.6,110.192
Angola,2006,0.06751016191769917,20149.9,122.91699999999999
Angola,2007,0.07759853507759204,20905.4,140.138
Angola,2008,0.09094978623565117,21695.6,155.786
Angola,2009,0.103489781998456,22514.3,157.123
Angola,2010,0.11352705909456,23356.2,164.043
Angola,2011,0.11901436522240001,24220.7,169.739
Angola,2012,0.12429599396735995,25107.900000000005,184.23799999999997
Angola,2013,0.13910451106784,26015.8,193.366
Angola,2014,0.153105490382,26941.8,202.691
Angola,2015,0.15968748390600002,27884.400000000005,204.604
Angola,2016,0.1457006067456,28842.5,199.32499999999996
Angola,2017,0.1389835797604,29816.8,199.032
Angola,2018,0.135100397752,30833.3,195.044
Angola,2019,0.148971112234,31849.8,193.826
Antarctica,1980,0.00085278,,
Antarctica,1981,0.00085045,,
Antarctica,1982,0.00085045,,
Antarctica,1983,0.00085045,,
Antarctica,1984,0.001108614,,
Antarctica,1985,0.00119063,,
Antarctica,1986,0.001105585,,
Antarctica,1987,0.001105585,,
Antarctica,1988,0.001193892,,
Antarctica,1989,0.001105585,,
Antarctica,1990,0.00119063,,
Antarctica,1991,0.00119063,,
Antarctica,1992,0.001193892,,
Antarctica,1993,0.00119063,,
Antarctica,1994,0.00119063,,
Antarctica,1995,0.001275675,,
Antarctica,1996,0.00127917,,
Antarctica,1997,0.001275675,,
Antarctica,1998,0.001275675,,
Antarctica,1999,0.001275675,,
Antarctica,2000,0.0012688714000000001,,
Antarctica,2001,0.001303635,,
Antarctica,2002,0.001303635,,
Antarctica,2003,0.001303635,,
Antarctica,2004,0.0013210168,,
Antarctica,2005,0.00132901599999996,,
Antarctica,2006,0.00132895199999996,,
Antarctica,2007,0.0013463057999999598,,
Antarctica,2008,6.724682031200001e-05,,
Antarctica,2009,9.19836074186e-05,,
Antarctica,2010,9.19772074186e-05,,
Antarctica,2011,9.191320741860001e-05,,
Antarctica,2012,7.847957380824e-05,,
Antarctica,2013,7.82758074186e-05,,
Antarctica,2014,7.82696074186e-05,,
Antarctica,2015,7.949177788e-05,,
Antarctica,2016,7.939104e-05,,
Antarctica,2017,7.460342953859999e-05,,
Antarctica,2018,7.460342953859999e-05,,
Antarctica,2019,7.460348e-05,,
Antigua and Barbuda,1980,0.00232194217498496,,
Antigua and Barbuda,1981,0.00206749827814552,,
Antigua and Barbuda,1982,0.00281179765644988,,
Antigua and Barbuda,1983,0.00165399862191772,,
Antigua and Barbuda,1984,0.00182438313739548,,
Antigua and Barbuda,1985,0.0018193984840146002,,
Antigua and Barbuda,1986,0.0018497576288,,
Antigua and Barbuda,1987,0.0023023669582,,
Antigua and Barbuda,1988,0.00230852447472,62.2338,0.907007
Antigua and Barbuda,1989,0.0023023669582,62.3834,0.9546449999999999
Antigua and Barbuda,1990,0.0023874119582,62.532999999999994,0.983396
Antigua and Barbuda,1991,0.0023790607582,63.760799999999996,1.0048
Antigua and Barbuda,1992,0.00238542839472,64.9886,1.01644
Antigua and Barbuda,1993,0.0023790607582,66.2164,1.07011
Antigua and Barbuda,1994,0.0025468877582,67.4442,1.14156
Antigua and Barbuda,1995,0.0027153717582,68.672,1.09179
Antigua and Barbuda,1996,0.00272266079472,70.139,1.1639
Antigua and Barbuda,1997,0.0027981537582,71.606,1.22758
Antigua and Barbuda,1998,0.0027981537582,73.073,1.28566
Antigua and Barbuda,1999,0.00279816144,74.54,1.33332
Antigua and Barbuda,2000,0.00291572085199996,76.007,1.41604
Antigua and Barbuda,2001,0.0029157208519999997,77.098,1.35164
Antigua and Barbuda,2002,0.00312586717599996,78.189,1.36552
Antigua and Barbuda,2003,0.0032855099919999998,79.28,1.4485
Antigua and Barbuda,2004,0.0034076644439999604,80.371,1.53203
Antigua and Barbuda,2005,0.00345978005199996,81.462,1.63122
Antigua and Barbuda,2006,0.00356582553599996,82.7756,1.83851
Antigua and Barbuda,2007,0.00373695922799996,84.0892,2.00978
Antigua and Barbuda,2008,0.00382277003199996,85.4028,2.00949
Antigua and Barbuda,2009,0.0040052020663999596,86.71639999999998,1.7691
Antigua and Barbuda,2010,0.00387263094399996,88.03000000000002,1.63039
Antigua and Barbuda,2011,0.0038617429144,89.1382,1.59846
Antigua and Barbuda,2012,0.00396856479199996,90.2464,1.6523700000000001
Antigua and Barbuda,2013,0.00396895143199996,91.3546,1.64244
Antigua and Barbuda,2014,0.00405806215599996,92.4628,1.70479
Antigua and Barbuda,2015,0.004153733298,93.57099999999998,1.7700000000000002
Antigua and Barbuda,2016,0.0042160876736,94.4424,1.86731
Antigua and Barbuda,2017,0.0040092577823518,95.3138,1.92603
Antigua and Barbuda,2018,0.0041421413607654,96.1852,2.0599
Antigua and Barbuda,2019,0.004160002439999999,97.0566,2.12893
Argentina,1980,0.5710293753719747,27951.930000000004,453.819
Argentina,1981,0.5565877971118219,28398.0,430.09
Argentina,1982,0.5831730868924205,28858.3,416.50600000000003
Argentina,1983,0.5911507768595268,29327.900000000005,433.632
Argentina,1984,0.6332753318941943,29801.63,442.301
Argentina,1985,0.6072252238337054,30276.05,411.5602999999999
Argentina,1986,0.650646680469206,30755.45,440.9364
Argentina,1987,0.6526154224882061,31241.599999999995,452.362
Argentina,1988,0.6474695664481703,31728.099999999995,443.792
Argentina,1989,0.6435799809224316,32208.150000000005,413.00769999999994
Argentina,1990,0.6254286779613097,32675.95,405.4487
Argentina,1991,0.6518261844878614,33131.9,448.3389
Argentina,1992,0.6757535870440434,33579.75,491.40899999999993
Argentina,1993,0.7497807983259778,34020.12,514.864
Argentina,1994,0.7380771850819187,34453.77,544.914
Argentina,1995,0.7602124177927337,34880.85,529.409
Argentina,1996,0.7939148306224553,35299.2,558.667
Argentina,1997,0.8229430441928308,35709.0,603.981
Argentina,1998,0.8737898276093317,36113.68,627.236
Argentina,1999,0.8456542524985232,36516.9,606.002
Argentina,2000,0.9177624646472807,36921.7,601.221
Argentina,2001,0.9031916068075964,37327.62,574.714
Argentina,2002,0.8503325669927294,37732.75,512.102
Argentina,2003,0.9257061559424035,38137.02,557.356
Argentina,2004,0.9972234050300135,38540.62,583.43
Argentina,2005,1.042773537893999,38942.95,635.073
Argentina,2006,1.099646546241939,39341.35,686.179
Argentina,2007,1.1287391069681336,39736.48,747.987
Argentina,2008,1.172498279511198,40132.93,778.335
Argentina,2009,1.1468525910904872,40535.52,732.2689999999999
Argentina,2010,1.1928773906780223,40948.95,806.4140000000001
Argentina,2011,1.218223511832973,41375.93,854.831
Argentina,2012,1.2369890735926086,41813.05,846.0570000000001
Argentina,2013,1.254710198216111,42254.68,866.407
Argentina,2014,1.2585134870260772,42694.98,844.638
Argentina,2015,1.2768707971229236,43129.3,867.707
Argentina,2016,1.2773931954579547,43559.05,849.6550000000001
Argentina,2017,1.2210147221322178,43987.19999999999,873.602
Argentina,2018,1.192626554009123,44412.27,850.736
Argentina,2019,1.1818356997900894,44832.69999999999,833.5009999999999
Armenia,1980,,,
Armenia,1981,,,
Armenia,1982,,,
Armenia,1983,,,
Armenia,1984,,,
Armenia,1985,,,
Armenia,1986,,,
Armenia,1987,,,
Armenia,1988,,,
Armenia,1989,,,
Armenia,1990,,,
Armenia,1991,,,
Armenia,1992,0.07882975383292465,3442.82,8.17452
Armenia,1993,0.05999492310727368,3363.11,7.45428
Armenia,1994,0.05363357893782272,3283.66,7.85138
Armenia,1995,0.052608478069003636,3217.35,8.39244
Armenia,1996,0.05611997306813127,3168.2100000000005,8.88759
Armenia,1997,0.0472949058627595,3133.08,9.18275
Armenia,1998,0.05026151617722107,3108.69,9.85678
Armenia,1999,0.031064017093763035,3089.02,10.1776
Armenia,2000,0.03340903568273517,3069.6,10.777700000000001
Armenia,2001,0.03285564163495439,3050.69,11.807700000000002
Armenia,2002,0.031472344607203474,3033.98,13.5848
Armenia,2003,0.03460823993876478,3017.94,15.492200000000002
Armenia,2004,0.035895046427201545,3000.72,17.1139
Armenia,2005,0.041581520295263893,2981.26,19.4868
Armenia,2006,0.04151802225666712,2958.3000000000006,22.0587
Armenia,2007,0.046588953341994005,2932.61,25.0916
Armenia,2008,0.04496205016869631,2907.61,26.8349
Armenia,2009,0.040173199114146706,2888.09,23.0378
Armenia,2010,0.044741711865782935,2877.31,23.5481
Armenia,2011,0.04710485428354013,2876.5399999999995,24.643199999999997
Armenia,2012,0.049914062180188096,2884.24,26.409000000000002
Armenia,2013,0.04896834169895178,2897.59,27.2805
Armenia,2014,0.04991288325744287,2912.4,28.262600000000003
Armenia,2015,0.046249049940915506,2925.56,29.167
Armenia,2016,0.046575886556235215,2936.15,29.2253
Armenia,2017,0.04963696165766018,2944.7899999999995,31.417199999999998
Armenia,2018,0.048826035224823296,2950.94,33.0509
Armenia,2019,0.052271470733985304,2957.09,35.5628
Aruba,1980,,,
Aruba,1981,,,
Aruba,1982,,,
Aruba,1983,,,
Aruba,1984,,,
Aruba,1985,,,
Aruba,1986,0.0005815472,62.645,
Aruba,1987,0.0005815472,61.838,
Aruba,1988,0.0022280610144,61.072,1.51893
Aruba,1989,0.0029617998,61.032999999999994,1.70318
Aruba,1990,0.0031282700804000003,62.15200000000001,1.77065
Aruba,1991,0.0034125225028,64.623,1.91164
Aruba,1992,0.00374840544072,68.24,2.02409
Aruba,1993,0.0038084684,72.495,2.17201
Aruba,1994,0.004178634756,76.705,2.3502
Aruba,1995,0.004729375956000001,80.324,2.40911
Aruba,1996,0.0031170310944,83.211,2.4391
Aruba,1997,0.005040939956,85.45,2.62971
Aruba,1998,0.005040939956,87.28000000000002,2.8050200000000003
Aruba,1999,0.0050409467999999995,89.009,2.8374
Aruba,2000,0.00602907638,90.866,2.96548
Aruba,2001,0.006238364712,92.892,2.95467
Aruba,2002,0.0064486479999999995,94.992,2.89072
Aruba,2003,0.007181191299999961,97.016,2.90417
Aruba,2004,0.007488797748000001,98.74399999999999,3.12255
Aruba,2005,0.00808718719599996,100.028,3.15929
Aruba,2006,0.008071780051999999,100.83,3.1674400000000005
Aruba,2007,0.00831778451599996,101.226,3.25643
Aruba,2008,0.00781366026396,101.36200000000001,3.18037
Aruba,2009,0.00778996710015996,101.452,2.9087
Aruba,2010,0.00731271109516,101.665,2.8138899999999993
Aruba,2011,0.00581768488399996,102.05,2.8235000000000006
Aruba,2012,0.007292654882799959,102.565,2.78482
Aruba,2013,0.00705873760559996,103.165,2.90174
Aruba,2014,0.00716926340595996,103.776,2.9096500000000005
Aruba,2015,0.0073713840512,104.339,3.07615
Aruba,2016,0.007160517913599999,104.865,3.13953
Aruba,2017,0.00741378570245896,105.361,3.20138
Aruba,2018,0.007162236824417199,105.829,3.23047
Aruba,2019,0.00742590593919998,106.298,3.2078399999999996
Australia,1980,1.1941743321543687,14723.549999999997,373.5762
Australia,1981,1.219954239534394,14957.07,389.0065
Australia,1982,1.2926144430812663,15210.15,389.758
Australia,1983,1.2426995006904615,15416.299999999997,387.2328
Australia,1984,1.259762130552888,15605.43,413.144
Australia,1985,1.315778310529677,15816.85,433.96600000000007
Australia,1986,1.3357830365119228,16048.6,443.097
Australia,1987,1.4040582756574393,16297.269999999999,465.203
Australia,1988,1.4401228348703436,16568.15,484.463
Australia,1989,1.528112206978983,16846.0,506.911
Australia,1990,1.5380204185748085,17092.82,514.466
Australia,1991,1.5266830957882251,17309.1,509.335
Australia,1992,1.5584526648372703,17497.62,522.393
Australia,1993,1.5963043355833075,17655.47,542.955
Australia,1994,1.623838755425762,17827.45,569.261
Australia,1995,1.6725409472122656,18029.93,586.086
Australia,1996,1.746174150827382,18246.45,609.71
Australia,1997,1.7927987156558884,18442.8,637.787
Australia,1998,1.8575549420553128,18630.45,667.44
Australia,1999,1.9047523216141766,18836.07,696.46
Australia,2000,1.919327905319319,19057.72,718.054
Australia,2001,1.9305228068593803,19299.15,737.18
Australia,2002,1.9896278657370428,19521.48,767.916
Australia,2003,2.005738062012651,19744.05,791.081
Australia,2004,2.072441684293678,19960.65,823.592
Australia,2005,2.1109948204631603,20206.75,848.2599999999999
Australia,2006,2.1387259508189143,20495.62,870.371
Australia,2007,2.201717866664745,20877.3,908.353
Australia,2008,2.2023139271364562,21303.9,931.6240000000001
Australia,2009,2.246446244313695,21730.75,949.4500000000002
Australia,2010,2.2603273447308854,22065.650000000005,972.5859999999999
Australia,2011,2.294522989916001,22387.150000000005,1000.094
Australia,2012,2.3217450111349343,22780.319999999996,1037.872
Australia,2013,2.3207837387083377,23168.3,1060.76
Australia,2014,2.3002618215818424,23514.83,1087.884
Australia,2015,2.311111605080736,23859.349999999995,1113.001
Australia,2016,2.403724673277947,24238.52,1143.082
Australia,2017,2.480081185619044,24644.28,1170.254
Australia,2018,2.46448474697715,25027.28,1202.747
Australia,2019,2.5577950476434075,25407.680000000004,1226.586
Austria,1980,0.43895307616847984,7550.408,212.48709999999997
Austria,1981,0.43440864428386217,7572.555,212.2023
Austria,1982,0.41336958652393674,7571.651999999999,216.2571
Austria,1983,0.4162852834324787,7561.34,222.1881
Austria,1984,0.4274845412324767,7561.882999999999,223.0286
Austria,1985,0.4367365824283582,7565.422,228.0472
Austria,1986,0.4286594622972443,7570.558,233.4487
Austria,1987,0.4086999164250078,7575.018,237.2687
Austria,1988,0.4427709224296942,7587.567,247.8359
Austria,1989,0.4489527866198443,7625.88,258.1098
Austria,1990,0.463345232485559,7686.107,268.9426
Austria,1991,0.48770732658065885,7765.895,277.8724
Austria,1992,0.47762192877775,7851.16,283.3057
Austria,1993,0.48773783646311875,7911.413,285.5946
Austria,1994,0.48590868921102237,7937.96,292.5666
Austria,1995,0.5086639570925413,7949.475000000001,302.3074
Austria,1996,0.5312237446057583,7960.505,309.1158
Austria,1997,0.5314232486069445,7968.810999999999,315.9458
Austria,1998,0.5411903261892161,7978.204999999999,327.0387
Austria,1999,0.5476025164832409,7994.788,338.0535
Austria,2000,0.5430571289286503,8013.915,350.4684
Austria,2001,0.568866191631048,8047.63,354.65080000000006
Austria,2002,0.5686540328437965,8086.537,360.6824
Austria,2003,0.5779634154164179,8126.71,364.2545
Austria,2004,0.5986671417389978,8179.315,373.3226
Austria,2005,0.6211126200025274,8234.445,382.1802
Austria,2006,0.6175891260642489,8272.225,395.9011
Austria,2007,0.6066155696789928,8298.615,410.49500000000006
Austria,2008,0.6080498525317045,8324.873,416.6789999999999
Austria,2009,0.5820619196431567,8345.4,401.1004
Austria,2010,0.5977194417081533,8366.34,407.949
Austria,2011,0.5683548419250929,8395.76,420.451
Austria,2012,0.586082682648825,8435.458,423.652
Austria,2013,0.5895996642157771,8486.812,423.49399999999997
Austria,2014,0.5703188592138777,8556.0,426.955
Austria,2015,0.5714363823016573,8657.14,431.08200000000005
Austria,2016,0.5845876207833239,8745.72,439.417
Austria,2017,0.5974302136156859,8803.744,449.922
Austria,2018,0.584827073988458,8845.085,460.94800000000004
Austria,2019,0.6088104141384314,8885.205,467.708
Azerbaijan,1980,,,
Azerbaijan,1981,,,
Azerbaijan,1982,,,
Azerbaijan,1983,,,
Azerbaijan,1984,,,
Azerbaijan,1985,,,
Azerbaijan,1986,,,
Azerbaijan,1987,,,
Azerbaijan,1988,,,
Azerbaijan,1989,,,
Azerbaijan,1990,,,
Azerbaijan,1991,,,
Azerbaijan,1992,0.39647062569076846,7471.920000000001,42.89950000000001
Azerbaijan,1993,0.3375166430878607,7581.75,32.9895
Azerbaijan,1994,0.3037316072490296,7683.7,26.5055
Azerbaijan,1995,0.29123332518591993,7775.420000000001,23.377799999999997
Azerbaijan,1996,0.2572988809439304,7855.56,23.681699999999996
Azerbaijan,1997,0.2553458982746791,7925.670000000001,25.0553
Azerbaijan,1998,0.21859892334542774,7989.899999999999,27.5608
Azerbaijan,1999,0.22547902069081222,8054.13,29.6003
Azerbaijan,2000,0.2029674173191463,8122.740000000001,32.8859
Azerbaijan,2001,0.1782567007985532,8197.29,36.1416
Azerbaijan,2002,0.21274296592234468,8277.07,39.5151
Azerbaijan,2003,0.22699879457109828,8361.43,43.5319
Azerbaijan,2004,0.250408543583571,8448.94,47.568099999999994
Azerbaijan,2005,0.2592641772475861,8538.61,60.6273
Azerbaijan,2006,0.26273428225758527,8630.15,81.5664
Azerbaijan,2007,0.216385268254984,8724.24,102.288
Azerbaijan,2008,0.23174134603120528,8821.87,113.041
Azerbaijan,2009,0.2174768039648011,8924.38,123.38600000000001
Azerbaijan,2010,0.23466602534179687,9032.46,129.582
Azerbaijan,2011,0.22218180645310676,9146.28,127.875
Azerbaijan,2012,0.24130415458311805,9264.68,130.732
Azerbaijan,2013,0.2269337256604361,9385.47,138.304
Azerbaijan,2014,0.23402800009458025,9505.62,142.249
Azerbaijan,2015,0.24732662296582486,9622.74,144.146
Azerbaijan,2016,0.24357921208028022,9736.04,139.781
Azerbaijan,2017,0.24265619425459653,9845.32,140.02
Azerbaijan,2018,0.24337200869738304,9943.27,142.091
Azerbaijan,2019,0.25889466756759216,10041.2,145.705
Bahrain,1980,0.054831698135403284,339.605,
Bahrain,1981,0.06317231098202783,350.839,
Bahrain,1982,0.06736031098202784,362.07199999999995,
Bahrain,1983,0.07074104154632273,373.305,
Bahrain,1984,0.06865209813540328,384.538,
Bahrain,1985,0.08159951098202785,395.772,
Bahrain,1986,0.08839510863186,410.212,
Bahrain,1987,0.10632765559999999,424.653,
Bahrain,1988,0.09158140488,439.094,17.312
Bahrain,1989,0.0936440972,453.6290000000001,17.3494
Bahrain,1990,0.10249206701796387,468.165,18.141
Bahrain,1991,0.1147163762,481.002,20.1522
Bahrain,1992,0.096239244,493.839,21.5232
Bahrain,1993,0.11493285444000001,506.676,24.3172
Bahrain,1994,0.11323766500000002,519.512,24.2533
Bahrain,1995,0.113437977,532.349,25.1588
Bahrain,1996,0.11371433442000001,551.982,26.1891
Bahrain,1997,0.13397528813999998,599.403,27.0232
Bahrain,1998,0.14063613918,666.093,28.33
Bahrain,1999,0.14429227122,733.678,29.5342
Bahrain,2000,0.152696124228,630.513,31.1057
Bahrain,2001,0.158037118872,670.533,31.8805
Bahrain,2002,0.168623985428,710.554,32.948
Bahrain,2003,0.17617765593199997,764.5189999999999,35.0226
Bahrain,2004,0.18249924226799996,823.744,37.4675
Bahrain,2005,0.20473456119999994,888.824,40.0037
Bahrain,2006,0.21844655985999997,960.4249999999998,42.5907
Bahrain,2007,0.22428353247600005,1039.3,46.1232
Bahrain,2008,0.23487052376399994,1103.5,49.002100000000006
Bahrain,2009,0.23253985471199998,1178.42,50.24699999999999
Bahrain,2010,0.2350835604399999,1228.54,52.4261
Bahrain,2011,0.23260176263199997,1195.02,53.466
Bahrain,2012,0.249868336908,1208.96,55.459300000000006
Bahrain,2013,0.27787788812,1253.19,58.4634
Bahrain,2014,0.27546401479999993,1314.56,61.0068
Bahrain,2015,0.2778959369,1370.32,62.523
Bahrain,2016,0.2772781624188,1424.7300000000002,64.7477
Bahrain,2017,0.28526957151604,1501.12,67.5264
Bahrain,2018,0.28885737993088,1503.09,68.9688
Bahrain,2019,0.32522621624856,1483.76,70.4457
Bangladesh,1980,0.048949492586588615,79639.5,
Bangladesh,1981,0.05305277197089414,81767.5,
Bangladesh,1982,0.056409325086448726,83932.1,
Bangladesh,1983,0.05444771670232042,86142.5,
Bangladesh,1984,0.06645869697983774,88416.5,
Bangladesh,1985,0.06831400015449349,90764.2,
Bangladesh,1986,0.07409761408952711,93187.60000000002,
Bangladesh,1987,0.08030971922350072,95671.2,
Bangladesh,1988,0.09016552059747428,98186.39999999998,148.232
Bangladesh,1989,0.0982946443319902,100696.0,152.035
Bangladesh,1990,0.09564320067069344,103172.0,162.147
Bangladesh,1991,0.10181328162604868,105599.0,167.559
Bangladesh,1992,0.11435346806448018,107984.0,176.005
Bangladesh,1993,0.12372788370929959,110351.0,184.047
Bangladesh,1994,0.13697356013105214,112738.0,191.57499999999996
Bangladesh,1995,0.14982923951572444,115170.0,201.006
Bangladesh,1996,0.15560458930230353,117650.0,210.30100000000002
Bangladesh,1997,0.1597197795297554,120161.0,219.74300000000002
Bangladesh,1998,0.17096715098887552,122683.0,231.119
Bangladesh,1999,0.19222828820501056,125190.0,241.913
Bangladesh,2000,0.2042034714267129,127658.0,254.718
Bangladesh,2001,0.22361948714691032,130089.0,267.651
Bangladesh,2002,0.23525421101758365,132478.0,277.91
Bangladesh,2003,0.2589352975138919,134792.0,291.082
Bangladesh,2004,0.2680146696278558,136986.0,306.334
Bangladesh,2005,0.28494024642427834,139036.0,326.355
Bangladesh,2006,0.3072518859703737,140921.0,348.12999999999994
Bangladesh,2007,0.32267450892209776,142660.0,372.702
Bangladesh,2008,0.34886123176252215,144304.0,395.116
Bangladesh,2009,0.36722873538195966,145925.0,415.05
Bangladesh,2010,0.38731973627811056,147575.0,438.176
Bangladesh,2011,0.4073984879320591,149273.0,466.501
Bangladesh,2012,0.4391157329543612,151006.0,496.924
Bangladesh,2013,0.44941760393125374,152761.0,526.807
Bangladesh,2014,0.47434549922907143,154517.0,558.737
Bangladesh,2015,0.5303469024570255,156256.0,595.349
Bangladesh,2016,0.5667313448457393,157977.0,637.699
Bangladesh,2017,0.5836432783658956,159685.0,684.152
Bangladesh,2018,0.6201462564269857,161353.0,737.9500000000002
Bangladesh,2019,0.6466530942992184,163021.0,798.1129999999999
Barbados,1980,0.0058429617429538,252.388,
Barbados,1981,0.006080884999999999,253.29599999999996,
Barbados,1982,0.00616536164360448,254.078,
Barbados,1983,0.00650326821430164,254.79100000000003,
Barbados,1984,0.00626650217141256,255.49300000000002,
Barbados,1985,0.006925651428475001,256.26,
Barbados,1986,0.007263558000000001,257.117,
Barbados,1987,0.006915950396000001,258.012,
Barbados,1988,0.006512268929039999,258.97,3.6531800000000003
Barbados,1989,0.007087919400000001,259.961,3.7847400000000007
Barbados,1990,0.007508895107999999,260.933,3.6598400000000004
Barbados,1991,0.0075926180582,261.912,3.5166300000000006
Barbados,1992,0.00802047369024,262.89,3.2709999999999995
Barbados,1993,0.0078163369386,263.869,3.3109699999999997
Barbados,1994,0.0074129228442,264.893,3.43628
Barbados,1995,0.007693430138199999,265.955,3.5057999999999994
Barbados,1996,0.006907609146000001,267.047,3.64485
Barbados,1997,0.008316179846,268.183,3.81763
Barbados,1998,0.008446794290999999,269.334,3.9604200000000005
Barbados,1999,0.008843044614,270.455,3.9733299999999994
Barbados,2000,0.00950679669363386,271.511,4.15026
Barbados,2001,0.00951246397115196,272.494,4.05201
Barbados,2002,0.009576483428699281,273.423,4.08407
Barbados,2003,0.00967860382849664,274.331,4.17274
Barbados,2004,0.00975073633030432,275.283,4.23144
Barbados,2005,0.009826169522602578,276.32,4.39922
Barbados,2006,0.00984848034250372,277.475,4.64859
Barbados,2007,0.009396323927440001,278.701,4.75095
Barbados,2008,0.01107942030964,279.946,4.7841
Barbados,2009,0.01044184998035998,281.107,4.54127
Barbados,2010,0.01006346792683996,282.131,4.4374
Barbados,2011,0.01056174350075998,282.987,4.40752
Barbados,2012,0.00992663284864,283.698,4.3877
Barbados,2013,0.01008082969924,284.294,4.32577
Barbados,2014,0.00876693286604396,284.825,4.3203
Barbados,2015,0.009325737439999999,285.327,4.426
Barbados,2016,0.0095387273528,285.798,4.536
Barbados,2017,0.00901102608659712,286.229,4.55766
Barbados,2018,0.00959594422772568,286.61,4.53109
Barbados,2019,0.00961210522091718,286.99,4.52673
Belarus,1980,,,
Belarus,1981,,,
Belarus,1982,,,
Belarus,1983,,,
Belarus,1984,,,
Belarus,1985,,,
Belarus,1986,,,
Belarus,1987,,,
Belarus,1988,,,
Belarus,1989,,,
Belarus,1990,,,
Belarus,1991,,,
Belarus,1992,0.6007881606883541,10154.3,8.99849
Belarus,1993,0.512248563153475,10135.1,8.34777
Belarus,1994,0.4234001068443781,10108.3,64.9134
Belarus,1995,0.39953884262387823,10077.6,58.154599999999995
Belarus,1996,0.39966719272115153,10044.8,59.7837
Belarus,1997,0.3963151634500472,10009.4,66.5986
Belarus,1998,0.3882542034543602,9969.99,72.1936
Belarus,1999,0.40131141548450006,9924.44,74.6485
Belarus,2000,0.4363498733288467,9871.63,78.9782
Belarus,2001,0.4038087000673726,9811.4,82.71
Belarus,2002,0.39215618100608673,9745.93,86.883
Belarus,2003,0.41059845499488234,9679.24,93.0023
Belarus,2004,0.38433441107813165,9616.63,103.651
Belarus,2005,0.43230742784943044,9562.08,113.43599999999999
Belarus,2006,0.46130722423370163,9516.88,124.778
Belarus,2007,0.4476356882306094,9480.51,135.568
Belarus,2008,0.4531809120133792,9452.86,149.461
Belarus,2009,0.4217097430405601,9433.16,149.705
Belarus,2010,0.4489485645557016,9420.58,161.335
Belarus,2011,0.46444641902247097,9415.32,170.626
Belarus,2012,0.4684668078444491,9417.04,173.569
Belarus,2013,0.44747781540308224,9423.5,175.241
Belarus,2014,0.4482436683376309,9431.74,178.006
Belarus,2015,0.3813932058051606,9439.42,171.20400000000004
Belarus,2016,0.37796489714359066,9445.64,166.865
Belarus,2017,0.37640357546382347,9450.23,170.94999999999996
Belarus,2018,0.39886806949550285,9449.93,176.40199999999996
Belarus,2019,0.38765332511148454,9449.62,178.89199999999997
Belgium,1980,0.7073590662834125,9860.275,267.9961
Belgium,1981,0.6652932434581776,9857.885,268.3881
Belgium,1982,0.6221922391152195,9856.732,269.9461
Belgium,1983,0.6115173913542162,9854.895,271.0187
Belgium,1984,0.6250699249348616,9855.96,276.7159
Belgium,1985,0.6495650294727077,9858.452,281.8279
Belgium,1986,0.6758572966307012,9862.555,287.0511
Belgium,1987,0.6972516617316669,9871.603,293.8637
Belgium,1988,0.7158108574754776,9908.15,307.2803
Belgium,1989,0.7199959145156729,9940.218,318.3977
Belgium,1990,0.7381762050053671,9972.277,328.236
Belgium,1991,0.7642935086386102,10008.86,334.1465
Belgium,1992,0.7652741038791011,10050.95,338.5958
Belgium,1993,0.754108397185174,10088.5,336.2506
Belgium,1994,0.802344257686301,10119.35,347.3189
Belgium,1995,0.8143579104529709,10138.35,357.8923
Belgium,1996,0.8614228887308407,10160.0,362.6059
Belgium,1997,0.8655863037332399,10184.0,376.363
Belgium,1998,0.8866503748787925,10205.7,383.7498
Belgium,1999,0.880760547368904,10229.6,397.34379999999993
Belgium,2000,0.9009748382467015,10254.28,412.142
Belgium,2001,0.8992127676189211,10292.38,416.646
Belgium,2002,0.8943460593290774,10338.53,423.7540000000001
Belgium,2003,0.9230985680494096,10381.2,428.153
Belgium,2004,0.9354572963761139,10427.3,443.44
Belgium,2005,0.9265073371158253,10486.8,453.757
Belgium,2006,0.9239979801398701,10557.1,465.343
Belgium,2007,0.9281206668243277,10636.0,482.431
Belgium,2008,0.9568124975191158,10720.75,484.577
Belgium,2009,0.873007019144413,10807.35,474.8
Belgium,2010,0.9398593940729773,10940.38,488.39900000000006
Belgium,2011,0.878062815243298,11047.700000000003,496.675
Belgium,2012,0.8534775696032849,11114.700000000003,500.347
Belgium,2013,0.8792805326944735,11164.75,502.644
Belgium,2014,0.8212477558113073,11216.15,510.58099999999996
Belgium,2015,0.8315091436263694,11283.43,521.003
Belgium,2016,0.8820796868889866,11336.5,527.601
Belgium,2017,0.8872511979030479,11381.03,536.147
Belgium,2018,0.8934862560096613,11434.15,545.898
Belgium,2019,0.8970426358011875,11497.32,557.634
Belize,1980,0.0014368634322262,144.142,
Belize,1981,0.00135523270781404,147.572,
Belize,1982,0.00127604976227272,151.486,
Belize,1983,0.0012771059793927199,155.82,
Belize,1984,0.00135827941840336,160.341,
Belize,1985,0.0013551366658940398,164.918,
Belize,1986,0.0016497012636,169.569,
Belize,1987,0.00135017562,174.333,
Belize,1988,0.00103350182728,179.023,0.698207
Belize,1989,0.00148686569458,183.471,0.8062460000000001
Belize,1990,0.0019561529658799997,187.554,0.8958879999999999
Belize,1991,0.0022161384256800002,191.136,0.998986
Belize,1992,0.001857620139352,194.32399999999998,1.1193
Belize,1993,0.00185281540968,197.625,1.18943
Belize,1994,0.0017678824096800001,201.679,1.19213
Belize,1995,0.00218638320968,206.962,1.19995
Belize,1996,0.0019528441143920002,213.66,1.21696
Belize,1997,0.00301641114046,221.57499999999996,1.26052
Belize,1998,0.00296645100798,230.24799999999996,1.30747
Belize,1999,0.0030852756160000003,238.979,1.4191399999999998
Belize,2000,0.0032941608675599995,247.31000000000003,1.5911800000000003
Belize,2001,0.00362608651893996,255.068,1.68285
Belize,2002,0.0035089965849920005,262.387,1.76245
Belize,2003,0.0034425281630639597,269.428,1.92696
Belize,2004,0.003316703495476,276.516,2.01921
Belize,2005,0.00355143146444388,283.798,2.05843
Belize,2006,0.00408562983412788,291.338,2.15773
Belize,2007,0.00385496416321996,299.031,2.16875
Belize,2008,0.00372819655348548,306.822,2.24448
Belize,2009,0.00388544139967508,314.655,2.22226
Belize,2010,0.00461302427464084,322.465,2.31693
Belize,2011,0.0040240462336914,330.236,2.36146
Belize,2012,0.00418051808623248,338.001,2.41846
Belize,2013,0.00455560022216328,345.70700000000005,2.44995
Belize,2014,0.00453075809526544,353.366,2.54886
Belize,2015,0.0050090306021085195,360.926,2.616
Belize,2016,0.0050148998528,368.39900000000006,2.61513
Belize,2017,0.00557286419111362,375.7749999999999,2.66256
Belize,2018,0.00497806282931708,383.057,2.7400299999999995
Belize,2019,0.004926470528,390.339,2.78824
Benin,1980,0.0026106101962356802,3717.16,
Benin,1981,0.00262984487001644,3820.1299999999997,
Benin,1982,0.0018560448474722,3927.72,
Benin,1983,0.00269262567001644,4039.94,
Benin,1984,0.00266929659623568,4156.82,
Benin,1985,0.0030795256818357203,4278.5,
Benin,1986,0.003000421977,4404.5,
Benin,1987,0.00237694612044,4535.26,
Benin,1988,0.0029472379472,4672.84,10.0239
Benin,1989,0.0030370443840000002,4820.02,9.73778
Benin,1990,0.0034896426,4978.49,10.6119
Benin,1991,0.00407861992,5149.5,11.0603
Benin,1992,0.00453168496,5331.81,11.3874
Benin,1993,0.0049830832,5521.759999999999,12.052
Benin,1994,0.0052136312,5714.21,12.295499999999999
Benin,1995,0.005627019,5905.55,13.0388
Benin,1996,0.00614261848,6094.27,13.6026
Benin,1997,0.0066448927443999994,6281.64,14.3827
Benin,1998,0.007163288360000001,6470.27,14.952400000000003
Benin,1999,0.00351661608,6664.100000000001,15.7511
Benin,2000,0.00936947673999996,6865.95,16.6737
Benin,2001,0.01066381324399996,7076.73,17.563
Benin,2002,0.012218100987999959,7295.399999999999,18.3784
Benin,2003,0.014185745836,7520.56,19.0113
Benin,2004,0.014957274668,7750.0,19.8534
Benin,2005,0.014041336036,7982.22,20.1935
Benin,2006,0.019191241668,8216.89,20.9899
Benin,2007,0.022654437365865806,8454.79,22.2465
Benin,2008,0.023167771233619322,8696.92,23.335799999999995
Benin,2009,0.025720966053504553,8944.71,23.877
Benin,2010,0.02949793442824176,9199.25,24.3818
Benin,2011,0.027499155116706808,9460.83,25.1044
Benin,2012,0.026099235862325838,9729.25,26.3122
Benin,2013,0.026592259854736167,10004.6,28.204400000000003
Benin,2014,0.028113864295810864,10286.8,29.997599999999995
Benin,2015,0.03109306408528904,10576.0,30.530999999999995
Benin,2016,0.037914372313084435,10872.1,31.5506
Benin,2017,0.04020692451298768,11175.200000000003,33.34
Benin,2018,0.0446028966578884,11491.200000000003,35.5729
Benin,2019,0.039991908574214204,11807.200000000003,38.0152
Bermuda,1980,0.0031909137559888398,,
Bermuda,1981,0.00276348548968692,,
Bermuda,1982,0.002930969457885,,
Bermuda,1983,0.00309845342859572,,
Bermuda,1984,0.00302297092760396,,
Bermuda,1985,0.002930969457885,,
Bermuda,1986,0.0027595831132,,
Bermuda,1987,0.003978861817200001,,
Bermuda,1988,0.0043424249193600006,60.815599999999996,4.4118
Bermuda,1989,0.005247365297199999,61.2228,4.41731
Bermuda,1990,0.003724226984,61.63,4.30043
Bermuda,1991,0.0032628226000000005,61.99179999999999,4.31167
Bermuda,1992,0.0025491378816,62.3536,4.19415
Bermuda,1993,0.002961989308,62.71540000000001,4.29576
Bermuda,1994,0.002854460308,63.0772,4.36364
Bermuda,1995,0.0029277458839999998,63.439,4.59911
Bermuda,1996,0.0030208752816,63.7546,4.77731
Bermuda,1997,0.003012790884,64.0702,4.99734
Bermuda,1998,0.003012790884,64.3858,5.19273
Bermuda,1999,0.0030127968,64.7014,5.368750000000001
Bermuda,2000,0.0032927121199999598,65.017,5.52893
Bermuda,2001,0.00333979166399996,65.2656,5.92819
Bermuda,2002,0.0035146632919999996,65.5142,5.84059
Bermuda,2003,0.003506674572,65.7628,6.03979
Bermuda,2004,0.003631005224,66.0114,6.182199999999999
Bermuda,2005,0.00382352578399996,66.26,6.285709999999999
Bermuda,2006,0.00431834857199996,66.0856,6.57525
Bermuda,2007,0.005015634608,65.9112,7.00978
Bermuda,2008,0.00479804320879996,65.7368,7.3153
Bermuda,2009,0.00377537083249596,65.5624,7.09929
Bermuda,2010,0.00444528077858396,65.388,7.14066
Bermuda,2011,0.002872883995612,65.0494,6.87341
Bermuda,2012,0.00310697509356796,64.7108,6.50875
Bermuda,2013,0.00312089625811996,64.3722,6.49054
Bermuda,2014,0.004041846345992,64.0336,6.250319999999999
Bermuda,2015,0.00339889005637596,63.695,6.2988
Bermuda,2016,0.0043260118104,63.41060000000001,6.2574
Bermuda,2017,0.00426720431868048,63.126200000000004,6.48338
Bermuda,2018,0.0044145648000000004,62.8418,6.49022
Bermuda,2019,0.00441184136,62.5574,6.64648
Bhutan,1980,5.400927130813141e-05,406.883,0.537717
Bhutan,1981,0.0001979309764914769,418.359,0.619032
Bhutan,1982,0.00020388520294772482,429.835,0.640325
Bhutan,1983,0.00020036125342971924,441.31200000000007,0.707118
Bhutan,1984,0.00020713509692637196,452.788,0.7393389999999999
Bhutan,1985,0.0002236028172606147,464.26399999999995,0.769123
Bhutan,1986,0.0010903908965502482,477.5710000000001,0.856744
Bhutan,1987,0.0037584022305484797,490.8790000000001,1.10566
Bhutan,1988,0.004746133141310641,504.186,1.15838
Bhutan,1989,0.00482819520890448,517.494,1.24358
Bhutan,1990,0.005091566492698279,530.801,1.3727
Bhutan,1991,0.00518439870699208,531.567,1.36711
Bhutan,1992,0.00526542887879324,532.332,1.43
Bhutan,1993,0.00528597642544072,533.098,1.45841
Bhutan,1994,0.00564998829107192,533.863,1.53062
Bhutan,1995,0.00603361876403212,534.629,1.6389000000000002
Bhutan,1996,0.006614836085238119,545.906,1.73011
Bhutan,1997,0.00666532893484416,557.183,1.82308
Bhutan,1998,0.006517888527443521,568.46,1.9309
Bhutan,1999,0.006584787202563639,579.737,2.08506
Bhutan,2000,0.00678758388528376,591.014,2.15502
Bhutan,2001,0.007493014512497879,602.56,2.33494
Bhutan,2002,0.00828876402515892,614.106,2.5916
Bhutan,2003,0.00923199935684876,625.652,2.79435
Bhutan,2004,0.00888453539771466,637.198,2.9622499999999996
Bhutan,2005,0.010067375724184622,648.744,3.17812
Bhutan,2006,0.0163078903054198,656.096,3.40058
Bhutan,2007,0.02037728269719466,663.447,4.02496
Bhutan,2008,0.021059318310969622,670.799,4.21813
Bhutan,2009,0.02183961445808174,678.15,4.50279
Bhutan,2010,0.02338607990377248,685.502,5.04068
Bhutan,2011,0.022755469914907678,693.9789999999999,5.44306
Bhutan,2012,0.02210937873404274,702.455,5.72166
Bhutan,2013,0.02449061878501558,710.9320000000001,5.842960000000001
Bhutan,2014,0.023448297363086002,719.408,6.18048
Bhutan,2015,0.024556663881577078,727.8849999999999,6.591
Bhutan,2016,0.025270827081323638,736.63,7.126650000000001
Bhutan,2017,0.025108478962427884,745.3759999999999,7.45817
Bhutan,2018,0.02407012138483372,754.121,7.68603
Bhutan,2019,0.03055601600445288,762.8669999999998,8.10603
Bolivia,1980,0.029819252906976717,5579.93,
Bolivia,1981,0.03421304812056848,5697.100000000001,
Bolivia,1982,0.029788882594080003,5814.34,
Bolivia,1983,0.03094942906534,5932.81,
Bolivia,1984,0.02983826128534492,6054.13,
Bolivia,1985,0.026861894908367802,6179.46,
Bolivia,1986,0.0272696614,6309.13,
Bolivia,1987,0.0268157148,6442.82,
Bolivia,1988,0.030804467279999997,6580.32,25.908599999999996
Bolivia,1989,0.034900938,6721.12,26.890599999999996
Bolivia,1990,0.0369030368,6864.84,28.137199999999996
Bolivia,1991,0.0363124314,7011.46,29.619
Bolivia,1992,0.039209126080000004,7160.920000000001,30.1067
Bolivia,1993,0.0386834878224904,7312.86,31.392
Bolivia,1994,0.04320803091375352,7466.79,32.8572
Bolivia,1995,0.049515438716276124,7622.329999999999,34.3944
Bolivia,1996,0.04850260374078844,7779.27,35.8944
Bolivia,1997,0.05439716390409628,7937.45,37.6727
Bolivia,1998,0.050457653116095326,8096.759999999999,39.5674
Bolivia,1999,0.05668018948823872,8257.07,39.7363
Bolivia,2000,0.059490780007152876,8418.27,40.7328
Bolivia,2001,0.05091059797778241,8580.24,41.4187
Bolivia,2002,0.05553075208266216,8742.82,42.4481
Bolivia,2003,0.0746523088669277,8905.82,43.5991
Bolivia,2004,0.07742217362557682,9069.04,45.4186
Bolivia,2005,0.07584959137259421,9232.3,47.426700000000004
Bolivia,2006,0.08348860730415278,9395.45,49.7018
Bolivia,2007,0.0897050867818871,9558.44,51.970400000000005
Bolivia,2008,0.09207478681797807,9721.46,55.1658
Bolivia,2009,0.09074619553838506,9884.79,57.0177
Bolivia,2010,0.09207763946711081,10048.6,59.3707
Bolivia,2011,0.09530477532119036,10213.0,62.4604
Bolivia,2012,0.11296718446255949,10377.7,65.6597
Bolivia,2013,0.11448542332372894,10542.4,70.122
Bolivia,2014,0.11547976999895253,10706.5,73.9511
Bolivia,2015,0.12137346716242577,10869.7,77.543
Bolivia,2016,0.1256975987648,11031.799999999997,80.8493
Bolivia,2017,0.12389997141439998,11192.799999999997,84.2411
Bolivia,2018,0.12789428741199999,11352.9,87.7992
Bolivia,2019,0.12477306347879999,11513.0,89.7455
Bosnia and Herzegovina,1980,,,
Bosnia and Herzegovina,1981,,,
Bosnia and Herzegovina,1982,,,
Bosnia and Herzegovina,1983,,,
Bosnia and Herzegovina,1984,,,
Bosnia and Herzegovina,1985,,,
Bosnia and Herzegovina,1986,,,
Bosnia and Herzegovina,1987,,,
Bosnia and Herzegovina,1988,,,
Bosnia and Herzegovina,1989,,,
Bosnia and Herzegovina,1990,,,
Bosnia and Herzegovina,1991,,,
Bosnia and Herzegovina,1992,0.05950334927547416,4233.67,7.08632
Bosnia and Herzegovina,1993,0.04298247313474418,4078.94,6.93175
Bosnia and Herzegovina,1994,0.04521632974510912,3936.53,7.70339
Bosnia and Herzegovina,1995,0.07497253188998478,3829.0500000000006,9.30569
Bosnia and Herzegovina,1996,0.04663558537516776,3764.42,14.3493
Bosnia and Herzegovina,1997,0.06652469502920008,3736.07,19.6071
Bosnia and Herzegovina,1998,0.07856555560917344,3734.34,22.865
Bosnia and Herzegovina,1999,0.07969695891791352,3743.35,25.1515
Bosnia and Herzegovina,2000,0.08827050381084052,3751.18,26.534900000000004
Bosnia and Herzegovina,2001,0.08781548382343876,3755.51,27.453999999999997
Bosnia and Herzegovina,2002,0.08826157277178184,3759.39,28.762600000000003
Bosnia and Herzegovina,2003,0.07700663124523266,3762.18,30.0979
Bosnia and Herzegovina,2004,0.07953067645979418,3764.19,31.5859
Bosnia and Herzegovina,2005,0.07349196586804102,3765.33,32.8077
Bosnia and Herzegovina,2006,0.07511584196844756,3765.42,35.4638
Bosnia and Herzegovina,2007,0.07175293402872654,3762.7899999999995,37.9156
Bosnia and Herzegovina,2008,0.0811254429502727,3754.26,39.4234
Bosnia and Herzegovina,2009,0.09754396240895173,3735.9499999999994,38.0795
Bosnia and Herzegovina,2010,0.10441894931000736,3705.48,37.7564
Bosnia and Herzegovina,2011,0.1011715864178881,3661.17,38.458
Bosnia and Herzegovina,2012,0.09841787327585931,3604.97,38.4486
Bosnia and Herzegovina,2013,0.09993734461442753,3542.6,39.1429
Bosnia and Herzegovina,2014,0.09674609614097714,3482.11,39.5725
Bosnia and Herzegovina,2015,0.09689139801574158,3429.36,41.195
Bosnia and Herzegovina,2016,0.09907201806018529,3386.26,42.7338
Bosnia and Herzegovina,2017,0.09831609475422948,3351.53,44.36260000000001
Bosnia and Herzegovina,2018,0.09997216486148917,3327.9600000000005,45.8473
Bosnia and Herzegovina,2019,0.09492162949223372,3304.39,47.11350000000001
Botswana,1980,0.00589950469956684,897.8602,3.928214
Botswana,1981,0.0061849353823620005,930.4117,4.28429
Botswana,1982,0.00577088769789102,962.859,4.8055
Botswana,1983,0.00578432967610992,996.1255,5.437270000000001
Botswana,1984,0.00577785244596762,1031.443,5.90191
Botswana,1985,0.007546396473333721,1069.585,6.322430999999999
Botswana,1986,0.0080243222414402,1110.948,6.83916
Botswana,1987,0.00845769822979856,1154.905,7.651790000000001
Botswana,1988,0.00978908306903628,1200.073,9.140061
Botswana,1989,0.011059035196178239,1244.485,10.33371
Botswana,1990,0.01221736577310996,1286.755,11.033589999999998
Botswana,1991,0.01278791533890396,1326.32,11.85654
Botswana,1992,0.01551197873980536,1363.54,12.202400000000003
Botswana,1993,0.01505151394272336,1399.11,12.43622
Botswana,1994,0.0149829365225682,1434.0600000000002,12.48478
Botswana,1995,0.015163543652544801,1469.1719999999998,13.28704
Botswana,1996,0.014366674851330922,1504.7249999999997,14.01173
Botswana,1997,0.014807015145506319,1540.423,15.07993
Botswana,1998,0.01587409107245284,1575.825,15.142540000000002
Botswana,1999,0.01501841670348624,1610.26,16.5924
Botswana,2000,0.01958431523577128,1643.335,16.81807
Botswana,2001,0.02058769149622508,1674.675,16.81986
Botswana,2002,0.0216041626597548,1704.638,17.86904
Botswana,2003,0.02208294583473622,1734.387,19.23549
Botswana,2004,0.0217492149144212,1765.5330000000001,19.75669
Botswana,2005,0.02311676704071896,1799.0780000000002,20.66427
Botswana,2006,0.024694577427128838,1835.91,22.40969
Botswana,2007,0.025356674701702258,1875.4579999999999,24.25762
Botswana,2008,0.026376944748529217,1915.635,25.76085
Botswana,2009,0.0246659562682637,1953.497,23.78059
Botswana,2010,0.0254115526462382,1987.11,25.81222
Botswana,2011,0.02665451915099516,2015.405,27.37044
Botswana,2012,0.026342877990030676,2039.55,28.59105
Botswana,2013,0.026150293690199077,2062.552,31.837679999999995
Botswana,2014,0.02626466145564284,2088.62,32.89559
Botswana,2015,0.032003309468952676,2120.715,31.00921
Botswana,2016,0.035234805257682675,2159.925,33.19451
Botswana,2017,0.032388967953308055,2205.075,34.52648
Botswana,2018,0.03162991765043604,2253.925,35.90103
Botswana,2019,0.031418105638845076,2302.775,36.97997
Brazil,1980,1.558552376094462,121050.8,1305.131
Brazil,1981,1.5147383658959317,123920.0,1247.861
Brazil,1982,1.2877398407850733,126858.5,1255.116
Brazil,1983,1.2903253003962132,129819.8,1212.396
Brazil,1984,1.388206421118661,132756.0,1277.491
Brazil,1985,1.4774732388041771,135626.2,1378.897
Brazil,1986,1.5941554645624576,138434.0,1494.835
Brazil,1987,1.628582770170605,141204.8,1544.599
Brazil,1988,1.6899256151703217,143943.8,1540.728
Brazil,1989,1.7384537134564517,146653.8,1590.548
Brazil,1990,1.9520886482444677,149336.0,1532.732
Brazil,1991,1.8884144402950511,151983.8,1548.729
Brazil,1992,1.9383771760150301,154597.8,1540.129
Brazil,1993,2.0115218738743796,157188.0,1615.749
Brazil,1994,2.118782439499793,159766.2,1710.085
Brazil,1995,2.2534282993594656,162344.8,1782.4530000000002
Brazil,1996,2.3942567390159204,164939.0,1816.568
Brazil,1997,2.5323862205622394,167538.7,1884.107
Brazil,1998,2.6134033807783013,170115.5,1890.731
Brazil,1999,2.68387231589903,172640.8,1899.7169999999999
Brazil,2000,2.825356947655109,175090.0,1980.8509999999999
Brazil,2001,2.7713419120137437,177471.0,2011.045
Brazil,2002,2.816099681476143,179798.20000000004,2071.78
Brazil,2003,2.8575920356412343,182065.0,2095.884
Brazil,2004,2.9781493832546513,184263.5,2209.55
Brazil,2005,3.0634642409683104,186384.0,2289.579
Brazil,2006,3.1965382283536736,188416.0,2380.255
Brazil,2007,3.375642107223712,190365.79999999996,2522.071
Brazil,2008,3.508180330332916,192255.5,2642.533
Brazil,2009,3.4696616203172908,194108.0,2646.712
Brazil,2010,3.80527833475973,195941.79999999996,2846.7270000000003
Brazil,2011,3.964500813550653,197752.5,2963.345
Brazil,2012,4.068025455152672,199528.20000000004,3011.003
Brazil,2013,4.191440848505278,201272.5,3107.731
Brazil,2014,4.26833361387393,202989.0,3124.018
Brazil,2015,4.1860160035137906,204683.5,3013.5579999999995
Brazil,2016,4.122687724956556,206369.0,2907.922
Brazil,2017,4.168486761005802,208039.79999999996,2955.122
Brazil,2018,4.148062448075593,209673.5,3004.7090000000003
Brazil,2019,4.185807945119104,211246.20000000004,3041.2990000000004
British Virgin Islands,1980,0.00016976308154504,11.470999999999998,
British Virgin Islands,1981,0.00025394887199468,11.821,
British Virgin Islands,1982,0.00025394887199468,12.25,
British Virgin Islands,1983,0.00025394887199468,12.755,
British Virgin Islands,1984,0.00016976308154504,13.317,
British Virgin Islands,1985,0.00016929924798888,13.951,
British Virgin Islands,1986,0.0001025699494,14.646,
British Virgin Islands,1987,0.0002643087494,15.39,
British Virgin Islands,1988,0.00026499137856,16.155,0.188978
British Virgin Islands,1989,0.0002643087494,16.867,0.20530100000000004
British Virgin Islands,1990,0.0002643087494,17.489,0.258426
British Virgin Islands,1991,0.0002643087494,18.007,0.317599
British Virgin Islands,1992,0.00026499137856,18.443,0.394952
British Virgin Islands,1993,0.0002643087494,18.783,0.516377
British Virgin Islands,1994,0.0002643087494,19.068,0.643964
British Virgin Islands,1995,0.0002643087494,19.307,0.7962570000000001
British Virgin Islands,1996,0.00034189529856,19.508,0.8584330000000001
British Virgin Islands,1997,0.00034100254939999997,19.66,0.948689
British Virgin Islands,1998,0.00034100254939999997,19.82,1.04697
British Virgin Islands,1999,0.00034100923999996,20.026,1.14725
British Virgin Islands,2000,0.00059709393218628,20.313,1.24535
British Virgin Islands,2001,0.00061110614799996,20.675,1.3028
British Virgin Islands,2002,0.000646411184,21.128,1.25916
British Virgin Islands,2003,0.00069055696,21.673999999999996,1.10098
British Virgin Islands,2004,0.00072586199599996,22.328999999999997,1.14213
British Virgin Islands,2005,0.00074672015599996,23.106000000000005,1.30586
British Virgin Islands,2006,0.000813462272,24.022000000000002,1.29036
British Virgin Islands,2007,0.00084328205,25.05,1.27854
British Virgin Islands,2008,0.00090609388079996,26.096,1.26052
British Virgin Islands,2009,0.0009497016199999601,27.035,1.24496
British Virgin Islands,2010,0.0009786723924,27.796000000000003,1.24379
British Virgin Islands,2011,0.00100249327439996,28.326000000000004,1.20823
British Virgin Islands,2012,0.0009989080344,28.654,1.19967
British Virgin Islands,2013,0.0009989216444,28.850000000000005,1.24156
British Virgin Islands,2014,0.00101484907399996,28.985,1.26259
British Virgin Islands,2015,0.00101895579079996,29.148,1.27208
British Virgin Islands,2016,0.0010325189488,29.355,1.3648
British Virgin Islands,2017,0.0009702388671991999,29.566999999999997,1.37483
British Virgin Islands,2018,0.00120477709481192,29.7903,1.41282
British Virgin Islands,2019,0.0009626924127999999,30.0137,1.44981
Brunei,1980,0.032929721054952524,193.88,
Brunei,1981,0.03404819551831836,200.02699999999996,
Brunei,1982,0.03714479641333112,206.064,
Brunei,1983,0.029192195518318358,212.073,
Brunei,1984,0.025792407897557563,218.17600000000002,
Brunei,1985,0.03078127426249544,224.43999999999997,
Brunei,1986,0.02039576601056,230.917,
Brunei,1987,0.03257317664946,237.56499999999997,
Brunei,1988,0.0282166973496,244.405,17.6672
Brunei,1989,0.03315078986778,251.456,18.0572
Brunei,1990,0.02805060274534,258.714,18.2539
Brunei,1991,0.0224174080668,266.208,18.8282
Brunei,1992,0.02192071094776,273.888,19.7242
Brunei,1993,0.0208349062046,281.684,19.7842
Brunei,1994,0.0200243002322,289.452,20.4065
Brunei,1995,0.0247661732322,297.112,21.3205
Brunei,1996,0.02306520912,304.62,21.9341
Brunei,1997,0.0246665248596,311.962,21.6109
Brunei,1998,0.0223096072722,319.135,21.489899999999995
Brunei,1999,0.026322402560000003,326.214,22.1459
Brunei,2000,0.026838313026856,333.166,22.7777
Brunei,2001,0.03051449631966798,340.037,23.403000000000002
Brunei,2002,0.0356317313432552,346.777,24.3091
Brunei,2003,0.03686277888462958,353.295,25.0149
Brunei,2004,0.04093504403541276,359.434,25.141000000000002
Brunei,2005,0.04611402270490156,365.112,25.2385
Brunei,2006,0.07106772313942636,370.262,26.3483
Brunei,2007,0.07460591696961037,374.9669999999999,26.3884
Brunei,2008,0.07662468155425918,379.41799999999995,25.8777
Brunei,2009,0.050833646869612004,383.902,25.420599999999997
Brunei,2010,0.057901155680035975,388.634,26.0813
Brunei,2011,0.05947619726210638,393.68700000000007,27.0579
Brunei,2012,0.05781654789108476,398.997,27.304999999999996
Brunei,2013,0.05377186991839278,404.414,26.7248
Brunei,2014,0.06047458172337598,409.778,26.054600000000004
Brunei,2015,0.06682691848736,414.914,25.949
Brunei,2016,0.06980163635376,419.791,25.3092
Brunei,2017,0.0700847608292376,424.481,25.6455
Brunei,2018,0.07289390760132428,428.815,25.6589
Brunei,2019,0.07193467850432,433.14900000000006,26.6516
Bulgaria,1980,0.4463220399909457,8865.312,63.5641
Bulgaria,1981,0.4414080604455972,8894.732,66.5823
Bulgaria,1982,0.45721849670166237,8920.426,68.1335
Bulgaria,1983,0.4674584951375999,8942.341,70.4752
Bulgaria,1984,0.4681083618401585,8963.312,72.8635
Bulgaria,1985,0.4794624224049475,8957.88,74.827
Bulgaria,1986,0.47430001978278963,8960.245,77.9974
Bulgaria,1987,0.4710522827072137,8972.582,82.7697
Bulgaria,1988,0.4785408860261687,8982.745,91.721
Bulgaria,1989,0.4396113329963583,8849.555,88.574
Bulgaria,1990,0.4002554724536174,8706.035,80.469
Bulgaria,1991,0.31595020110892374,8623.143,73.6859
Bulgaria,1992,0.30618579845082033,8526.335,68.3735
Bulgaria,1993,0.2954581505533886,8469.174,67.412
Bulgaria,1994,0.30181274031913435,8439.547,68.6595
Bulgaria,1995,0.3323166133443781,8400.728,85.2948
Bulgaria,1996,0.3329452953553042,8357.355,91.0052
Bulgaria,1997,0.303990435955248,8304.85,77.843
Bulgaria,1998,0.2743589323838806,8250.183,81.2803
Bulgaria,1999,0.25200378409881347,8205.688,74.5872
Bulgaria,2000,0.252027963311079,8164.995,78.8745
Bulgaria,2001,0.25238896363757585,7974.06,81.932
Bulgaria,2002,0.2562880111207597,7829.248,86.6515
Bulgaria,2003,0.26016762515293657,7767.785,91.1967
Bulgaria,2004,0.2574611245314134,7709.788,97.2179
Bulgaria,2005,0.2694552619219805,7651.57,103.9896
Bulgaria,2006,0.2760594490569878,7593.935,111.00690000000002
Bulgaria,2007,0.2634441180670786,7538.502,118.6638
Bulgaria,2008,0.2588166661016856,7486.2,125.8119
Bulgaria,2009,0.23473442321335716,7438.772,121.544
Bulgaria,2010,0.23984097010535643,7389.058,123.2235
Bulgaria,2011,0.2574420794087702,7343.053,126.1157
Bulgaria,2012,0.2499905408181865,7300.555,126.7682
Bulgaria,2013,0.23535343357597235,7260.255,126.0046
Bulgaria,2014,0.2495089436588733,7218.505,127.4248
Bulgaria,2015,0.2625679127817376,7171.94,131.688
Bulgaria,2016,0.25122847437376566,7121.329999999999,135.7313
Bulgaria,2017,0.25341378819125143,7069.467,139.5168
Bulgaria,2018,0.25250982531495464,7018.79,143.483
Bulgaria,2019,0.24440810666360155,6969.69,149.2549
Burkina Faso,1980,0.00241452002517132,6822.84,
Burkina Faso,1981,0.0024079229759221997,6985.170000000001,
Burkina Faso,1982,0.0024079229759221997,7158.259999999999,
Burkina Faso,1983,0.0024079229759221997,7340.91,
Burkina Faso,1984,0.00241452002517132,7531.240000000001,
Burkina Faso,1985,0.0023276588766922403,7727.91,
Burkina Faso,1986,0.0027544873044,7930.69,
Burkina Faso,1987,0.002876565,8140.079999999999,
Burkina Faso,1988,0.00301667715912,8356.31,7.94388
Burkina Faso,1989,0.0027036068446,8579.82,8.11503
Burkina Faso,1990,0.0027828262068000003,8811.03,8.06562
Burkina Faso,1991,0.0032195018524,9050.09,8.79749
Burkina Faso,1992,0.0032560701480800003,9297.11,8.81754
Burkina Faso,1993,0.0036129323044,9552.47,9.12332
Burkina Faso,1994,0.004029087304400001,9816.58,9.24291
Burkina Faso,1995,0.0041197177044,10089.9,9.77141
Burkina Faso,1996,0.004381947508080001,10372.7,10.847699999999998
Burkina Faso,1997,0.0069171217044,10665.5,11.5329
Burkina Faso,1998,0.0062137361044,10968.700000000003,12.3757
Burkina Faso,1999,0.006398709399999999,11282.700000000003,13.1483
Burkina Faso,2000,0.00581308041719996,11608.0,13.3966
Burkina Faso,2001,0.006459584196,11944.6,14.2826
Burkina Faso,2002,0.006767609445199979,12293.1,14.9043
Burkina Faso,2003,0.007489010694000001,12654.6,16.0672
Burkina Faso,2004,0.0067456343192,13030.6,16.7868
Burkina Faso,2005,0.007163404492399961,13421.9,18.2409
Burkina Faso,2006,0.007063264302399961,13829.200000000003,19.3815
Burkina Faso,2007,0.01000639167473596,14252.0,20.1783
Burkina Faso,2008,0.010927778952203999,14689.700000000003,21.348699999999997
Burkina Faso,2009,0.01026648599189198,15141.1,21.981000000000005
Burkina Faso,2010,0.011206271149324,15605.200000000003,23.8376
Burkina Faso,2011,0.012765285544488001,16081.9,25.416299999999996
Burkina Faso,2012,0.015051310436403962,16571.2,27.056300000000004
Burkina Faso,2013,0.018050002439464,17072.8,28.623499999999996
Burkina Faso,2014,0.0168464245708,17586.0,29.862
Burkina Faso,2015,0.021403132159999998,18110.6,31.033
Burkina Faso,2016,0.02055614528,18646.3,32.8819
Burkina Faso,2017,0.02380739728,19193.2,34.9218
Burkina Faso,2018,0.02623200316,19763.2,37.2724
Burkina Faso,2019,0.02641762896,20333.3,39.3968
Burma,1980,0.027639715144747425,34224.3,
Burma,1981,0.0284946047107907,34976.5,
Burma,1982,0.03134632561325334,35734.3,
Burma,1983,0.032066557485129536,36491.8,
Burma,1984,0.0348486728292969,37241.5,
Burma,1985,0.0351922732399529,37977.1,
Burma,1986,0.035830257118358036,38698.5,
Burma,1987,0.03542769051504716,39404.4,
Burma,1988,0.03407549499086334,40085.6,26.354699999999998
Burma,1989,0.03535254163086336,40731.4,27.2107
Burma,1990,0.034289681694117405,41335.2,27.498900000000003
Burma,1991,0.033952504980860644,41890.2,28.733099999999997
Burma,1992,0.0355062683317656,42401.7,30.9648
Burma,1993,0.037941220811379,42890.0,33.0641
Burma,1994,0.04438935073152954,43383.4,35.4459
Burma,1995,0.04708191162492706,43901.6,37.8161
Burma,1996,0.04756216189028864,44452.19999999999,40.0982
Burma,1997,0.05066581947052749,45027.19999999999,42.2206
Burma,1998,0.05613781284672816,45611.19999999999,45.607499999999995
Burma,1999,0.05691072404190314,46181.1,49.453
Burma,2000,0.06558008570380966,46719.69999999999,55.5942
Burma,2001,0.0605327159486625,47225.1,62.5255
Burma,2002,0.07025093359643986,47702.19999999999,68.7328
Burma,2003,0.07919076238088688,48148.9,77.8028
Burma,2004,0.08304732398787038,48564.5,89.7203
Burma,2005,0.10700682532057311,48949.9,101.89299999999999
Burma,2006,0.10100886442005011,49301.1,115.45099999999998
Burma,2007,0.109020358705372,49621.5,129.883
Burma,2008,0.10008481496222839,49929.6,139.7
Burma,2009,0.09218100801925125,50250.4,145.827
Burma,2010,0.09349198959259408,50600.80000000001,153.478
Burma,2011,0.10229670266114751,50990.6,161.875
Burma,2012,0.12124657267837488,51413.69999999999,172.374
Burma,2013,0.1404198633318601,51852.5,185.989
Burma,2014,0.164228493402966,52280.80000000001,201.24
Burma,2015,0.15321864834678092,52680.69999999999,216.278
Burma,2016,0.17627237326460346,53045.19999999999,230.138
Burma,2017,0.23325272016461834,53382.5,243.371
Burma,2018,0.24963440629112568,53724.9,258.959
Burma,2019,0.23086567934896288,54067.4,275.791
Burundi,1980,0.00063766349197964,4157.3,
Burundi,1981,0.00072094980299496,4266.52,
Burundi,1982,0.00063341257859988,4379.73,
Burundi,1983,0.0008025475683389601,4497.54,
Burundi,1984,0.0010336689858549601,4621.1,
Burundi,1985,0.00107033465092092,4750.83,
Burundi,1986,0.0011213250174,4886.75,
Burundi,1987,0.0012938062666,5027.14,
Burundi,1988,0.001857505689184,5168.7,5.518539999999999
Burundi,1989,0.00206218670948,5307.07,5.59329
Burundi,1990,0.0021713318046,5438.96,5.79335
Burundi,1991,0.0024483928046,5564.920000000001,6.15102
Burundi,1992,0.00226211085568,5685.57,6.239729999999999
Burundi,1993,0.0025352502046000003,5798.05,5.81431
Burundi,1994,0.0026562744046000003,5898.96,5.623450000000001
Burundi,1995,0.0025643142046,5987.04,5.17107
Burundi,1996,0.0026713088556800002,6060.11,4.7474
Burundi,1997,0.0026719156046,6122.13,4.76272
Burundi,1998,0.0027031370046,6185.56,4.99693
Burundi,1999,0.00266350892,6267.13,5.05205
Burundi,2000,0.00225521570399996,6378.87,5.14591
Burundi,2001,0.0019203522,6525.55,5.22011
Burundi,2002,0.00181672087098796,6704.12,5.352720000000001
Burundi,2003,0.001472303606456,6909.16,5.48038
Burundi,2004,0.00169737187227916,7131.69,5.683330000000001
Burundi,2005,0.0014722401261039798,7364.86,5.93414
Burundi,2006,0.0017059401871999998,7607.850000000001,6.25701
Burundi,2007,0.00266961422319996,7862.23,6.475840000000001
Burundi,2008,0.00175608062412,8126.100000000001,6.78651
Burundi,2009,0.00177349649328,8397.66,7.04637
Burundi,2010,0.00248727340968,8675.61,7.407
Burundi,2011,0.00292471032019996,8958.41,7.70315
Burundi,2012,0.00275393689367998,9245.99,8.04524
Burundi,2013,0.00300438796524,9540.3,8.52903
Burundi,2014,0.0028093443292,9844.3,8.89456
Burundi,2015,0.002836763096,10160.0,8.551
Burundi,2016,0.0031017432880000003,10488.0,8.49979
Burundi,2017,0.00375924101921528,10827.0,8.54422
Burundi,2018,0.0045612712608,11181.6,8.68695
Burundi,2019,0.0050163352208,11536.200000000003,8.84175
Cabo Verde,1980,0.0016377365853854399,283.848,
Cabo Verde,1981,0.00163326189526144,288.678,
Cabo Verde,1982,0.0006999693836481199,294.244,
Cabo Verde,1983,0.0006999693836481199,300.226,
Cabo Verde,1984,0.0008578620210107199,306.14,
Cabo Verde,1985,0.0008555181357074001,311.668,
Cabo Verde,1986,0.0002626362902,316.613,
Cabo Verde,1987,0.00027886944619999997,321.137,
Cabo Verde,1988,0.00038512675007999997,325.744,0.858361
Cabo Verde,1989,0.0004693025606,331.18,0.907279
Cabo Verde,1990,0.0004693025606,337.953,0.913522
Cabo Verde,1991,0.0004693025606,346.229,0.9263720000000001
Cabo Verde,1992,0.00055568275008,355.763,0.9545660000000001
Cabo Verde,1993,0.0005625947606,366.057,1.02438
Cabo Verde,1994,0.0006692065882,376.40899999999993,1.09534
Cabo Verde,1995,0.0006556070911999999,386.288,1.17738
Cabo Verde,1996,0.00073953332864,395.5330000000001,1.25623
Cabo Verde,1997,0.0007374689882,404.248,1.35219
Cabo Verde,1998,0.0007415029882,412.513,1.46595
Cabo Verde,1999,0.00074160456,420.45599999999996,1.6398400000000002
Cabo Verde,2000,0.0018647922239999602,428.17800000000005,1.75899
Cabo Verde,2001,0.00207584234351996,435.701,1.8669400000000003
Cabo Verde,2002,0.0022559383272,442.955,1.96556
Cabo Verde,2003,0.0022422771072,449.925,2.05762
Cabo Verde,2004,0.0024519579572,456.61899999999997,2.14568
Cabo Verde,2005,0.0038242568892,463.03399999999993,2.2856
Cabo Verde,2006,0.00406352609319996,469.171,2.5174
Cabo Verde,2007,0.00452877229039996,475.067,2.73514
Cabo Verde,2008,0.00458968251635996,480.846,2.91703
Cabo Verde,2009,0.0043473499835999605,486.667,2.87997
Cabo Verde,2010,0.00465443919588,492.644,2.92221
Cabo Verde,2011,0.005538882568879961,498.858,3.03819
Cabo Verde,2012,0.00496953858892668,505.241,3.0710600000000006
Cabo Verde,2013,0.00489080243872,511.74,3.09572
Cabo Verde,2014,0.00527485622495996,518.276,3.11464
Cabo Verde,2015,0.0052116652144,524.74,3.1459999999999995
Cabo Verde,2016,0.00544327424,531.14,3.2940400000000003
Cabo Verde,2017,0.00577489408583492,537.499,3.4159899999999994
Cabo Verde,2018,0.00584383775565568,543.662,3.57077
Cabo Verde,2019,0.00583671776,549.825,3.7731599999999994
Cambodia,1980,0.0018054587644840002,6693.759999999999,
Cambodia,1981,0.001903158655544,6749.850000000001,
Cambodia,1982,0.00207969860186,6919.8,
Cambodia,1983,0.0022702640412,7170.0,
Cambodia,1984,0.0024859068000000002,7447.84,
Cambodia,1985,0.002500435,7714.89,
Cambodia,1986,0.002521313,7960.95,
Cambodia,1987,0.002541719,8198.08,
Cambodia,1988,0.00274215728,8435.91,13.9063
Cambodia,1989,0.0027540804,8691.33,13.8703
Cambodia,1990,0.0027867188,8975.6,14.0312
Cambodia,1991,0.0029576496,9289.3,15.0957
Cambodia,1992,0.0029750248,9623.9,16.157
Cambodia,1993,0.0029750163999999997,9970.73,16.8181
Cambodia,1994,0.0029834624000000002,10317.9,10.9638
Cambodia,1995,0.0084729494,10656.1,12.0498
Cambodia,1996,0.009312277839999999,10982.9,12.7603
Cambodia,1997,0.0109681926,11298.6,13.271499999999998
Cambodia,1998,0.012820004400000001,11600.5,13.8927
Cambodia,1999,0.013197907,11886.5,15.6575
Cambodia,2000,0.012230952340449732,12155.200000000003,17.3354
Cambodia,2001,0.012956760197809933,12405.4,18.6256
Cambodia,2002,0.01292983587008748,12637.700000000003,19.851
Cambodia,2003,0.01405483983855212,12856.200000000003,21.5399
Cambodia,2004,0.014500245343367848,13066.5,23.766900000000003
Cambodia,2005,0.016449291070259064,13273.4,26.916
Cambodia,2006,0.017806513721150323,13477.700000000003,29.8156
Cambodia,2007,0.02089300094300074,13680.0,32.8608
Cambodia,2008,0.0219280244077668,13883.799999999997,35.0596
Cambodia,2009,0.027098247231500262,14093.6,35.089
Cambodia,2010,0.03125112752942698,14312.200000000003,37.1814
Cambodia,2011,0.032332885448287454,14541.4,39.8108
Cambodia,2012,0.036009879999754156,14780.5,42.7006
Cambodia,2013,0.038188718711472266,15026.299999999997,45.895
Cambodia,2014,0.042134617306609855,15274.5,49.1407
Cambodia,2015,0.04829297542638884,15521.4,52.59799999999999
Cambodia,2016,0.06019462049577644,15766.299999999997,56.21790000000001
Cambodia,2017,0.06357281618059706,16009.4,60.1412
Cambodia,2018,0.08024068022142306,16245.9,64.6331
Cambodia,2019,0.08987739456611832,16482.4,69.1922
Cameroon,1980,0.018833081449908202,8621.41,
Cameroon,1981,0.020671779604765638,8888.53,
Cameroon,1982,0.02414036135780616,9166.81,
Cameroon,1983,0.024088711383790158,9456.5,
Cameroon,1984,0.0244976331109966,9757.85,
Cameroon,1985,0.02607463315898876,10070.8,
Cameroon,1986,0.027931435894200003,10395.5,
Cameroon,1987,0.026512565999999998,10731.1,
Cameroon,1988,0.02654411216,11075.4,38.8249
Cameroon,1989,0.0308092702,11425.799999999997,38.1186
Cameroon,1990,0.0310858128,11780.1,35.7912
Cameroon,1991,0.0313695432,12137.9,34.4281
Cameroon,1992,0.03150765512,12499.5,33.3608
Cameroon,1993,0.0278761176,12864.1,30.7146
Cameroon,1994,0.0297593522,13231.0,31.367
Cameroon,1995,0.0304749376,13600.0,32.4553
Cameroon,1996,0.030347509039999998,13970.799999999997,33.8707
Cameroon,1997,0.0318765298,14344.4,35.6426
Cameroon,1998,0.0318787938,14723.799999999997,37.2473
Cameroon,1999,0.031242622199999997,15112.6,38.846
Cameroon,2000,0.0324535079535216,15513.9,40.227
Cameroon,2001,0.0323494715918648,15928.9,41.9835
Cameroon,2002,0.031874028355596,16357.6,43.7627
Cameroon,2003,0.0341441074596056,16800.9,45.761
Cameroon,2004,0.0355928841630552,17259.3,48.86429999999999
Cameroon,2005,0.03435093026109516,17733.4,49.8513
Cameroon,2006,0.04147550385793996,18223.7,51.5752
Cameroon,2007,0.041338698341446364,18730.3,54.1039
Cameroon,2008,0.0419612696327896,19252.7,55.9916
Cameroon,2009,0.04499085613677596,19789.9,57.2225
Cameroon,2010,0.05140279605974476,20341.2,59.1807
Cameroon,2011,0.054136745617152,20906.4,61.62460000000001
Cameroon,2012,0.05402206154123016,21485.3,64.424
Cameroon,2013,0.04750942031082876,22077.3,67.906
Cameroon,2014,0.059362356675887164,22681.8,71.9015
Cameroon,2015,0.05944294245232,23298.400000000005,75.965
Cameroon,2016,0.0579268110704,23926.599999999995,79.3422
Cameroon,2017,0.06325377556277478,24566.099999999995,82.3175
Cameroon,2018,0.06446449323476797,25226.0,85.60880000000002
Cameroon,2019,0.06421309652853596,25885.900000000005,88.9149
Canada,1980,3.182988369588078,24515.650000000005,693.884
Canada,1981,3.1413105223994786,24819.900000000005,717.752
Canada,1982,3.0129514666176607,25116.95,694.875
Canada,1983,3.001693607749363,25366.42,712.9519999999999
Canada,1984,3.175191215923865,25607.069999999996,755.076
Canada,1985,3.296443131280111,25842.12,790.848
Canada,1986,3.3353545242791394,26100.27,807.811
Canada,1987,3.4427688822504954,26446.58,840.712
Canada,1988,3.5924273156635658,26791.78,877.788
Canada,1989,3.632215074643103,27276.78,898.1259999999999
Canada,1990,3.5479546973021545,27691.12,899.6060000000001
Canada,1991,3.5868559632668515,28037.430000000004,880.839
Canada,1992,3.702449632165536,28371.25,888.77
Canada,1993,3.788266059775227,28684.75,912.418
Canada,1994,3.9042956069165218,29000.650000000005,953.426
Canada,1995,3.9572687421475172,29302.319999999996,979.112
Canada,1996,4.074407528829465,29610.22,994.965
Canada,1997,4.0772714168397135,29905.95,1037.55
Canada,1998,3.950892485431211,30155.150000000005,1077.974
Canada,1999,4.160034943691106,30401.3,1133.629
Canada,2000,4.175625725078626,30685.75,1192.325
Canada,2001,4.19255257021079,31020.900000000005,1213.666
Canada,2002,4.30779815474414,31360.05,1250.295
Canada,2003,4.425753687247372,31644.02,1272.819
Canada,2004,4.524779991404764,31940.680000000004,1312.113
Canada,2005,4.5750362205723345,32243.75,1354.155
Canada,2006,4.605585378776898,32571.180000000004,1389.827
Canada,2007,4.589225719554082,32889.0,1418.622
Canada,2008,4.512738611956646,33247.1,1432.869
Canada,2009,4.433015549615489,33628.9,1390.9440000000002
Canada,2010,4.597127261312493,34004.9,1433.9219999999998
Canada,2011,4.716722491143469,34339.32,1479.036
Canada,2012,4.772783812166212,34714.22,1505.08
Canada,2013,4.912826561155886,35082.95,1540.137
Canada,2014,4.932684599985778,35437.45,1584.338
Canada,2015,4.901895173930297,35702.9,1594.781
Canada,2016,4.871692361376239,36109.48,1610.753
Canada,2017,4.989591238988013,36545.25,1659.7169999999999
Canada,2018,5.055907082226404,37065.1,1705.807
Canada,2019,4.99263505983542,37601.23,1737.87
Cayman Islands,1980,0.0005642058788187601,16.207,
Cayman Islands,1981,0.00064304495171528,16.857,
Cayman Islands,1982,0.00064304495171528,17.436,
Cayman Islands,1983,0.0005626643327017601,18.005,
Cayman Islands,1984,0.00064480671870628,18.662,
Cayman Islands,1985,0.00064304495171528,19.46,
Cayman Islands,1986,0.0006078060884,20.426,
Cayman Islands,1987,0.0006419451954,21.539,
Cayman Islands,1988,0.0015633182577600001,22.774999999999995,1.23595
Cayman Islands,1989,0.0015592401128,24.028000000000002,1.3452
Cayman Islands,1990,0.0016573596172,25.307,1.52274
Cayman Islands,1991,0.0016404599127999998,26.540000000000003,1.54323
Cayman Islands,1992,0.00166392741216,27.784000000000002,1.5906899999999997
Cayman Islands,1993,0.0015768406172,29.068,1.6668200000000002
Cayman Islands,1994,0.0018190984172000001,30.521,1.75525
Cayman Islands,1995,0.0019489070463999999,32.161,1.83958
Cayman Islands,1996,0.00195424651776,34.065,1.93143
Cayman Islands,1997,0.0019492585852000002,36.155,2.03761
Cayman Islands,1998,0.0019492585852000002,38.33,2.65456
Cayman Islands,1999,0.0019492668000000001,40.423,2.74441
Cayman Islands,2000,0.00284271009199996,42.305,2.7712799999999995
Cayman Islands,2001,0.002878618568,43.934,2.78671
Cayman Islands,2002,0.00298399223999996,45.347,2.83478
Cayman Islands,2003,0.0030225634759999597,46.624,2.89148
Cayman Islands,2004,0.00285689903199996,47.899,2.9174400000000005
Cayman Islands,2005,0.0029410268679999603,49.261,3.10693
Cayman Islands,2006,0.00298297710399996,50.729000000000006,3.24987
Cayman Islands,2007,0.0035651233999999996,52.28,3.2769
Cayman Islands,2008,0.0036610504600000002,53.835,3.34067
Cayman Islands,2009,0.00339722315199996,55.321,3.10013
Cayman Islands,2010,0.003412980644,56.672,3.01594
Cayman Islands,2011,0.003593130628,57.6818,3.0512
Cayman Islands,2012,0.00331966537597804,58.6916,3.08872
Cayman Islands,2013,0.003276947608,59.7014,3.12823
Cayman Islands,2014,0.00333219790227996,60.7112,3.21128
Cayman Islands,2015,0.00352469672,61.721,3.3022499999999995
Cayman Islands,2016,0.00348468688,62.5208,3.40925
Cayman Islands,2017,0.00405302846274164,63.32059999999999,3.51502
Cayman Islands,2018,0.00376972494791716,64.1204,3.6600699999999997
Cayman Islands,2019,0.004559426183999999,64.9202,3.77842
Central African Republic,1980,0.0010978035691896,2199.36,
Central African Republic,1981,0.0013394812210642802,2264.44,
Central African Republic,1982,0.00143418309061948,2335.34,
Central African Republic,1983,0.0015012776424225599,2408.32,
Central African Republic,1984,0.00144112839527168,2478.38,
Central African Republic,1985,0.0014005621646834801,2542.17,
Central African Republic,1986,0.0017137856,2597.76,
Central African Republic,1987,0.00158698897646,2646.84,
Central African Republic,1988,0.0015917386043119998,2693.97,
Central African Republic,1989,0.00159154137646,2745.74,
Central African Republic,1990,0.00169242048796,2806.74,3.39193
Central African Republic,1991,0.00177432468796,2878.51,3.43195
Central African Republic,1992,0.001706693694704,2959.24,3.3862800000000006
Central African Republic,1993,0.0018615438879599998,3046.15,3.37448
Central African Republic,1994,0.00195279428796,3135.02,3.54916
Central African Republic,1995,0.0019566091075599997,3222.66,3.7320499999999996
Central African Republic,1996,0.0020513756147039998,3308.24,3.45034
Central African Republic,1997,0.00205092528796,3392.43,3.6615300000000004
Central African Republic,1998,0.00204223648796,3475.49,3.82823
Central African Republic,1999,0.0020431818720000002,3558.02,4.05555
Central African Republic,2000,0.00197389803999996,3640.42,4.1335
Central African Republic,2001,0.00202737552,3722.02,4.15956
Central African Republic,2002,0.00200420428,3802.1299999999997,4.13418
Central African Republic,2003,0.001884195952,3881.19,3.8426500000000003
Central African Republic,2004,0.00201822541199996,3959.8799999999997,3.94903
Central African Republic,2005,0.002022684672,4038.3799999999997,4.04308
Central African Republic,2006,0.00209856942,4118.08,4.23529
Central African Republic,2007,0.0020860472000000002,4198.0,4.40602
Central African Republic,2008,0.0016864648,4273.37,4.52115
Central African Republic,2009,0.00162349148,4337.62,4.64829
Central African Republic,2010,0.0016537994399999998,4386.77,4.86354
Central African Republic,2011,0.0018050450400000002,4418.64,5.06755
Central African Republic,2012,0.0018405410082191602,4436.41,5.32365
Central African Republic,2013,0.00135545632,4447.94,3.38627
Central African Republic,2014,0.00156036364,4464.17,3.3890100000000003
Central African Republic,2015,0.00195360708,4493.17,3.536
Central African Republic,2016,0.00205694976,4537.68,3.70397
Central African Republic,2017,0.00205731836,4596.02,3.87166
Central African Republic,2018,0.0021031979999999997,4673.94,4.01837
Central African Republic,2019,0.00212710648,4751.85,4.13773
Chad,1980,0.00164877221055324,4514.43,
Chad,1981,0.001562054,4612.86,
Chad,1982,0.001562054,4718.16,
Chad,1983,0.001562054,4832.32,
Chad,1984,0.00074194749391244,4957.56,
Chad,1985,0.0009043470526527601,5095.4,
Chad,1986,0.001562054,5247.28,
Chad,1987,0.0013874088,5412.84,
Chad,1988,0.00084283758072,5589.62,5.80509
Chad,1989,0.0009242210113999999,5773.93,5.918409999999999
Chad,1990,0.0019368981083999997,5963.25,6.10792
Chad,1991,0.0018938828000000002,6157.079999999999,6.74326
Chad,1992,0.00189907152,6356.740000000001,6.90456
Chad,1993,0.0009112736,6563.920000000001,6.76136
Chad,1994,0.0009963186000000001,6781.06,7.132830000000001
Chad,1995,0.0009963186000000001,7010.16,7.07755
Chad,1996,0.0009990482400000001,7250.97,7.227239999999999
Chad,1997,0.0010791006000000001,7503.490000000001,7.6358
Chad,1998,0.0010791006000000001,7770.05,8.16664
Chad,1999,0.0010791006000000001,8053.53,8.11086
Chad,2000,0.001408685848,8355.65,8.03948
Chad,2001,0.001352067368,8678.05,8.97673
Chad,2002,0.00133468556799996,9019.23,9.73894
Chad,2003,0.0013193141119999601,9373.91,11.1727
Chad,2004,0.0013899861879999999,9734.76,14.93
Chad,2005,0.00149602530399996,10096.6,16.1708
Chad,2006,0.00151862164399996,10457.1,16.2756
Chad,2007,0.00167591295999996,10818.0,16.8081
Chad,2008,0.0017574315600000002,11183.6,17.323
Chad,2009,0.00191603352,11560.1,18.04
Chad,2010,0.00212526296,11952.1,20.493
Chad,2011,0.00304185534,12361.0,20.5176
Chad,2012,0.00523309202882188,12784.799999999997,22.3246
Chad,2013,0.0054289622999999804,13220.4,23.608999999999998
Chad,2014,0.0056440399,13663.6,25.2363
Chad,2015,0.00572436258336436,14111.0,25.683000000000003
Chad,2016,0.00567473005936436,14561.700000000003,24.2555
Chad,2017,0.0091552691664,15016.799999999997,23.678299999999997
Chad,2018,0.0096990711264,15486.5,24.2236
Chad,2019,0.010049331960000001,15956.200000000003,24.9406
Chile,1980,0.17087370074076047,11362.0,81.1711
Chile,1981,0.16863560476713818,11524.549999999997,84.993
Chile,1982,0.15058072390191213,11685.38,76.1943
Chile,1983,0.14885922562453807,11848.450000000003,73.3403
Chile,1984,0.15611829511387118,12017.92,79.2114
Chile,1985,0.15514204876691068,12197.35,84.8467
Chile,1986,0.15742364972886605,12387.700000000003,89.5933
Chile,1987,0.1635695682492389,12586.4,95.3867
Chile,1988,0.17969490631436025,12791.200000000003,102.332
Chile,1989,0.20114883547252077,12999.9,113.401
Chile,1990,0.2272012905710512,13211.200000000003,117.7008
Chile,1991,0.22710505599240652,13428.65,126.91699999999999
Chile,1992,0.25204067511598494,13652.549999999997,142.2021
Chile,1993,0.2684595174509542,13874.38,152.0376
Chile,1994,0.2882013468435734,14092.9,160.6791
Chile,1995,0.31541915691493105,14306.58,177.9239
Chile,1996,0.3379944608570778,14514.58,189.36710000000002
Chile,1997,0.37384379279579383,14716.769999999999,203.2917
Chile,1998,0.3701235870925384,14913.15,212.35759999999996
Chile,1999,0.38758919059242974,15104.15,211.2607
Chile,2000,0.39318191850667883,15289.980000000001,222.55229999999997
Chile,2001,0.4077447510037933,15469.88,229.91960000000003
Chile,2002,0.42784372494984046,15645.35,237.0527
Chile,2003,0.44192733239738,15815.4,246.7816
Chile,2004,0.473633211189743,15980.65,264.5019
Chile,2005,0.49788346447002346,16144.88,279.8267
Chile,2006,0.5067969920634677,16306.97,297.5142
Chile,2007,0.5038030569204766,16472.78,312.1364
Chile,2008,0.5118572341948686,16645.3,323.1329
Chile,2009,0.5009295581062434,16825.97,318.1606
Chile,2010,0.5031532599799785,17009.17,336.8231
Chile,2011,0.533943061728692,17193.88,357.0995
Chile,2012,0.5277920562023881,17383.87,376.47970000000004
Chile,2013,0.5490119539244092,17567.98,391.8703
Chile,2014,0.5388719022920276,17738.22,398.6152
Chile,2015,0.5583000503817827,17915.95,407.622
Chile,2016,0.5923838914022655,18102.75,414.22
Chile,2017,0.6046545044964257,18312.55,420.04400000000004
Chile,2018,0.6172549050740703,18584.62,435.86100000000005
Chile,2019,0.6240210696777688,18922.75,439.69
China,1980,7.64291524437368,1001920.0,684.621
China,1981,7.5857388291950425,1016442.0,719.5369999999999
China,1982,7.9755203793976746,1030738.0,784.295
China,1983,8.514208323550358,1045352.0,869.0
China,1984,9.22207896708846,1060870.0,1001.087
China,1985,9.74371544362309,1077968.0,1135.233
China,1986,10.00931556602052,1097450.0,1236.269
China,1987,10.551431682314073,1118778.0,1380.912
China,1988,11.267606163536307,1140450.0,1535.5739999999998
China,1989,11.330755488931976,1160928.0,1600.068
China,1990,11.349751068549551,1178835.0,1662.4710000000002
China,1991,11.489292964935839,1194030.0,1817.081
China,1992,10.025258633137378,1207420.0,2076.477
China,1993,10.793372322211047,1219575.0,2364.808
China,1994,11.602397462502433,1231055.0,2672.97
China,1995,12.49863846014288,1242310.0,2966.261
China,1996,13.11097980854234,1253222.0,3260.6920000000005
China,1997,12.467237092167046,1263498.0,3562.269
China,1998,12.808141142186004,1273252.0,3842.142
China,1999,13.306627565267517,1282608.0,4137.363
China,2000,14.155612276309192,1291648.0,4487.852
China,2001,14.853756952351567,1300265.0,4861.35
China,2002,15.903829499851158,1308412.0,5304.42
China,2003,18.415725567373965,1316265.0,5836.3
China,2004,22.20532889305113,1323998.0,6426.52
China,2005,24.89551247488187,1331752.0,7158.48
China,2006,27.503917921022886,1339482.0,8068.149999999999
China,2007,29.63358385416265,1347098.0,9217.34
China,2008,30.993274027569285,1354648.0,10101.81
China,2009,33.52484190732684,1362188.0,11055.13
China,2010,37.324063854483704,1369778.0,12228.769999999999
China,2011,40.767343503820776,1377488.0,13396.89
China,2012,43.62782925839233,1385268.0,14448.43
China,2013,45.16809229348495,1392988.0,15571.28
China,2014,45.818136429577656,1400508.0,16722.21
China,2015,45.638694667519054,1407740.0,17895.85
China,2016,45.92583437826917,1414805.0,19121.77
China,2017,47.33889282610786,1421755.0,20444.71
China,2018,49.00814435103711,1428392.0,21822.11
China,2019,50.53629534812048,1434512.0,23128.34
Colombia,1980,0.27100025994923094,26900.5,
Colombia,1981,0.2772624428573767,27496.599999999995,
Colombia,1982,0.2953015875619697,28101.8,
Colombia,1983,0.29797004757284873,28714.2,
Colombia,1984,0.3292983449083052,29331.2,
Colombia,1985,0.336943284273482,29951.2,
Colombia,1986,0.3541905049440809,30572.5,
Colombia,1987,0.3352891271013082,31195.400000000005,
Colombia,1988,0.3588082715566079,31822.5,240.29100000000003
Colombia,1989,0.38036894932845977,32457.5,249.458
Colombia,1990,0.37731339859743457,33102.6,259.781
Colombia,1991,0.38129047336435107,33758.3,266.866
Colombia,1992,0.38299201180408643,34422.6,278.106
Colombia,1993,0.41944125671558463,35091.3,293.981
Colombia,1994,0.44011777756395676,35759.0,306.739
Colombia,1995,0.44559699217936977,36421.4,322.697
Colombia,1996,0.4762323698925154,37076.4,329.332
Colombia,1997,0.48329086672394217,37723.8,340.629
Colombia,1998,0.4895708945967006,38364.3,342.57
Colombia,1999,0.47108064314402087,38999.5,328.168
Colombia,2000,0.47239037691754593,39630.0,338.493
Colombia,2001,0.47227322247162995,40256.0,344.173
Colombia,2002,0.47498560600266604,40875.4,352.791
Colombia,2003,0.47776485245483713,41483.9,366.614
Colombia,2004,0.49720570348846077,42075.9,386.166
Colombia,2005,0.4928804227850113,42647.7,403.339
Colombia,2006,0.5167683453871555,43200.9,430.43
Colombia,2007,0.5179653814792406,43737.5,459.434
Colombia,2008,0.5159045878025583,44255.0,474.519
Colombia,2009,0.5092414727078469,44750.1,479.92699999999996
Colombia,2010,0.5182416360611966,45222.69999999999,501.498
Colombia,2011,0.5872460278813075,45662.80000000001,536.341
Colombia,2012,0.6105340702366022,46075.69999999999,557.326
Colombia,2013,0.6324666838937617,46495.5,585.94
Colombia,2014,0.6695542956100005,46967.69999999999,612.301
Colombia,2015,0.6578709163291647,47520.69999999999,630.4
Colombia,2016,0.669226027033172,48175.1,643.56
Colombia,2017,0.6726959962157132,48909.80000000001,652.307
Colombia,2018,0.6958616264344057,49567.5,669.035
Colombia,2019,0.7012429333097103,50225.19999999999,690.987
Comoros,1980,0.00026149970853196,307.831,
Comoros,1981,0.00026085993393611996,317.617,
Comoros,1982,0.00026086073554412,326.944,
Comoros,1983,0.00026091354640012,336.088,
Comoros,1984,0.00026154130589996,345.455,
Comoros,1985,0.00026085513184012003,355.337,
Comoros,1986,0.0001459932046,365.76500000000004,
Comoros,1987,0.0003076181326,376.647,
Comoros,1988,0.00030800869088000004,387.964,1.13406
Comoros,1989,0.0003076285326,399.638,1.09799
Comoros,1990,0.0003638538504,411.598,1.15389
Comoros,1991,0.00035122368259999997,423.873,1.09163
Comoros,1992,0.00035184714032,436.454,1.18476
Comoros,1993,0.0003511220826,449.27,1.22038
Comoros,1994,0.0003511276826,462.28,1.15598
Comoros,1995,0.0003508844148,475.394,1.19771
Comoros,1996,0.00035184554032,488.625,1.18224
Comoros,1997,0.0003510452826,501.955,1.22989
Comoros,1998,0.00042772628259999995,515.382,1.24566
Comoros,1999,0.00042775640000000003,528.853,1.26963
Comoros,2000,0.00059831855599998,542.358,1.40736
Comoros,2001,0.0006244968559999599,555.895,1.44019
Comoros,2002,0.0006284380559999599,569.48,1.47368
Comoros,2003,0.0008031697480000001,583.213,1.5046799999999998
Comoros,2004,0.000881743488,597.23,1.53357
Comoros,2005,0.0008469458880000001,611.625,1.5770799999999998
Comoros,2006,0.000985690448,626.427,1.61883
Comoros,2007,0.00065134845199996,641.624,1.63178
Comoros,2008,0.00066399714799996,657.227,1.69705
Comoros,2009,0.000809816268,673.251,1.75136
Comoros,2010,0.0009618243248,689.696,1.8179100000000001
Comoros,2011,0.00086405866135998,706.578,1.89244
Comoros,2012,0.00089824791479536,723.8650000000001,1.953
Comoros,2013,0.0010718290499199998,741.511,2.04088
Comoros,2014,0.00095739449243996,759.39,2.08374
Comoros,2015,0.0010329032,777.435,2.107
Comoros,2016,0.0012110627199999999,795.5970000000001,2.17697
Comoros,2017,0.001551546,813.89,2.26003
Comoros,2018,0.00168819488,832.458,2.33757
Comoros,2019,0.0018199001999999998,851.027,2.384
Congo-Brazzaville,1980,0.00454293150929208,1777.93,
Congo-Brazzaville,1981,0.00543611972920044,1830.63,
Congo-Brazzaville,1982,0.00495805187563036,1884.87,
Congo-Brazzaville,1983,0.00448953795005668,1940.45,
Congo-Brazzaville,1984,0.00460158638343788,1996.99,
Congo-Brazzaville,1985,0.006651542322777241,2054.31,
Congo-Brazzaville,1986,0.006107104939,2112.36,
Congo-Brazzaville,1987,0.0073948196559999995,2171.32,
Congo-Brazzaville,1988,0.005983124423999999,2231.46,9.89813
Congo-Brazzaville,1989,0.006932302456,2293.16,10.0728
Congo-Brazzaville,1990,0.007703634206,2356.74,10.1739
Congo-Brazzaville,1991,0.0070468959695,2422.31,10.4176
Congo-Brazzaville,1992,0.00674052616,2489.95,10.6897
Congo-Brazzaville,1993,0.0060741454,2559.88,10.585
Congo-Brazzaville,1994,0.0057595936,2632.34,10.0035
Congo-Brazzaville,1995,0.005887644,2707.53,10.4022
Congo-Brazzaville,1996,0.0062596035199999995,2785.81,11.067100000000002
Congo-Brazzaville,1997,0.006106172599999999,2867.28,10.797400000000001
Congo-Brazzaville,1998,0.0056889308,2951.65,11.185899999999998
Congo-Brazzaville,1999,0.0047604757999999995,3038.43,10.8949
Congo-Brazzaville,2000,0.0052506046684512005,3127.42,11.72
Congo-Brazzaville,2001,0.006445324062313599,3217.93,12.1665
Congo-Brazzaville,2002,0.0059647454969144,3310.3799999999997,12.723999999999998
Congo-Brazzaville,2003,0.0068204004954687605,3406.92,12.8268
Congo-Brazzaville,2004,0.00723488855947676,3510.47,13.284799999999999
Congo-Brazzaville,2005,0.0097800159890664,3622.77,14.300599999999998
Congo-Brazzaville,2006,0.0116626430801424,3745.14,16.1664
Congo-Brazzaville,2007,0.014351048231222399,3876.1200000000003,15.0972
Congo-Brazzaville,2008,0.01633494797188316,4011.49,16.0493
Congo-Brazzaville,2009,0.019824880881748,4145.4,17.917
Congo-Brazzaville,2010,0.027014664407301596,4273.74,19.6964
Congo-Brazzaville,2011,0.0324525388107144,4394.84,20.1308
Congo-Brazzaville,2012,0.03328719685302664,4510.2,22.133300000000002
Congo-Brazzaville,2013,0.04208068917794476,4622.76,21.9756
Congo-Brazzaville,2014,0.04003368984613278,4736.96,23.2843
Congo-Brazzaville,2015,0.040374351046224,4856.09,22.530999999999995
Congo-Brazzaville,2016,0.0385818821824,4981.0,20.235
Congo-Brazzaville,2017,0.0367321176044,5110.7,19.2975
Congo-Brazzaville,2018,0.0349906305404,5246.5,18.1003
Congo-Brazzaville,2019,0.034771153569936,5382.29,17.937
Congo-Kinshasa,1980,0.035836003690311924,26358.900000000005,
Congo-Kinshasa,1981,0.03643070220827038,27040.3,
Congo-Kinshasa,1982,0.03695855232004594,27717.3,
Congo-Kinshasa,1983,0.03844906925064062,28403.900000000005,
Congo-Kinshasa,1984,0.0382660188332199,29119.7,
Congo-Kinshasa,1985,0.03888848991792916,29881.2,
Congo-Kinshasa,1986,0.041094666117379865,30683.900000000005,
Congo-Kinshasa,1987,0.03913431066367134,31528.7,
Congo-Kinshasa,1988,0.042924735625774854,32443.8,58.035
Congo-Kinshasa,1989,0.04447188355115872,33464.8,57.3003
Congo-Kinshasa,1990,0.042564234679950616,34612.0,53.5366
Congo-Kinshasa,1991,0.0395041622,35908.2,49.0282
Congo-Kinshasa,1992,0.043576951600000004,37333.9,43.8803
Congo-Kinshasa,1993,0.0419167914,38815.8,37.97
Congo-Kinshasa,1994,0.036695458199999996,40253.0,36.4892
Congo-Kinshasa,1995,0.0401413821206,41576.2,36.7446
Congo-Kinshasa,1996,0.04106755415888,42757.2,36.3687
Congo-Kinshasa,1997,0.0369497774,43827.19999999999,34.3258
Congo-Kinshasa,1998,0.034836242,44850.0,33.7683
Congo-Kinshasa,1999,0.03784098692704,45919.6,32.3264
Congo-Kinshasa,2000,0.029112264016,47105.80000000001,30.092300000000005
Congo-Kinshasa,2001,0.028629495754758573,48428.5,29.4603
Congo-Kinshasa,2002,0.029426127847458246,49871.69999999999,30.3287
Congo-Kinshasa,2003,0.03062264255182066,51425.6,32.0204
Congo-Kinshasa,2004,0.03470885007896309,53068.9,34.1781
Congo-Kinshasa,2005,0.03765961551055396,54785.9,36.2749
Congo-Kinshasa,2006,0.03973501683502978,56578.1,38.2051
Congo-Kinshasa,2007,0.04094111016620709,58453.69999999999,40.5966
Congo-Kinshasa,2008,0.038745132016618875,60411.19999999999,43.1241
Congo-Kinshasa,2009,0.0379086494603113,62448.6,44.3553
Congo-Kinshasa,2010,0.04192670469700346,64563.9,47.50809999999999
Congo-Kinshasa,2011,0.045371541546417024,66755.1,50.7741
Congo-Kinshasa,2012,0.04471267759094544,69020.8,54.3724
Congo-Kinshasa,2013,0.05402592334095614,71358.8,58.98420000000001
Congo-Kinshasa,2014,0.06471037574942697,73767.5,64.5702
Congo-Kinshasa,2015,0.04992815571480908,76244.5,69.036
Congo-Kinshasa,2016,0.04604899811139644,78789.1,70.6924
Congo-Kinshasa,2017,0.050011625389471924,81398.8,73.3271
Congo-Kinshasa,2018,0.05291518035418143,84119.6,77.5956
Congo-Kinshasa,2019,0.04771241289831872,86840.5,80.9978
Cook Islands,1980,0.00016753040000756,,
Cook Islands,1981,0.00033414533332576,,
Cook Islands,1982,0.00033414533332576,,
Cook Islands,1983,0.00033414533332576,,
Cook Islands,1984,0.0003350607999924,,
Cook Islands,1985,0.00033414533332576,,
Cook Islands,1986,0.000250609,,
Cook Islands,1987,0.000250609,,
Cook Islands,1988,0.0002512956,,
Cook Islands,1989,0.000250609,,
Cook Islands,1990,0.000250609,,
Cook Islands,1991,0.00017235154000000001,,
Cook Islands,1992,0.00025170928,,
Cook Islands,1993,0.00025102136,,
Cook Islands,1994,0.00025102164,,
Cook Islands,1995,0.00025102148,,
Cook Islands,1996,0.0002517092,,
Cook Islands,1997,0.00025101752,,
Cook Islands,1998,0.00025101688,,
Cook Islands,1999,0.00025101804,,
Cook Islands,2000,0.00037376346400000004,,
Cook Islands,2001,0.000356522384,,
Cook Islands,2002,0.00019317519279996,,
Cook Islands,2003,0.0001781734156,,
Cook Islands,2004,0.0003023317064,,
Cook Islands,2005,0.00048390885399999996,,
Cook Islands,2006,0.0005155879643999599,,
Cook Islands,2007,0.00043504664759996,,
Cook Islands,2008,0.00044696417440000003,,
Cook Islands,2009,0.0004117978316,,
Cook Islands,2010,0.0004891244007999599,,
Cook Islands,2011,0.00054883511839996,,
Cook Islands,2012,0.00058175441395944,,
Cook Islands,2013,0.0005812695772,,
Cook Islands,2014,0.0006153455559999999,,
Cook Islands,2015,0.0005764370672000001,,
Cook Islands,2016,0.0006008483312,,
Cook Islands,2017,0.00064287960594268,,
Cook Islands,2018,0.0006628235347898,,
Cook Islands,2019,0.0006686929264,,
Costa Rica,1980,0.02205362430835028,2389.97,
Costa Rica,1981,0.0227532703257972,2455.59,
Costa Rica,1982,0.02219926130681612,2523.36,
Costa Rica,1983,0.0244411071766692,2593.01,
Costa Rica,1984,0.0235074376532394,2664.22,
Costa Rica,1985,0.02387534933239212,2736.72,
Costa Rica,1986,0.0233019002,2810.25,
Costa Rica,1987,0.025781292,2884.86,
Costa Rica,1988,0.027887852400000003,2960.93,25.2381
Costa Rica,1989,0.0303507746,3039.01,26.5531
Costa Rica,1990,0.029728524200000002,3119.44,27.4765
Costa Rica,1991,0.031731907399999995,3202.08,28.291299999999996
Costa Rica,1992,0.037476070074239996,3286.52,30.8944
Costa Rica,1993,0.0407703484,3372.3000000000006,33.0871
Costa Rica,1994,0.041303137548012875,3458.83,34.5823
Costa Rica,1995,0.041986826176231506,3545.52,36.0188
Costa Rica,1996,0.04238388195011592,3632.36,36.5052
Costa Rica,1997,0.04759135878176633,3718.9499999999994,38.5043
Costa Rica,1998,0.048824252237347154,3803.89,41.2594
Costa Rica,1999,0.056066940299781286,3885.43,42.9984
Costa Rica,2000,0.05810818805483792,3962.3700000000003,44.6619
Costa Rica,2001,0.05915518684303021,4034.07,46.2211
Costa Rica,2002,0.06158222153685895,4100.92,47.8005
Costa Rica,2003,0.06283585848232345,4164.05,49.8641
Costa Rica,2004,0.06478820608250824,4225.16,52.0704
Costa Rica,2005,0.06733931853914817,4285.5,54.141
Costa Rica,2006,0.0702727177440095,4345.42,58.1078
Costa Rica,2007,0.074257314913551,4404.63,62.881400000000006
Costa Rica,2008,0.0752176324737501,4463.12,65.8609
Costa Rica,2009,0.07316637082372318,4520.74,65.2856
Costa Rica,2010,0.07435864707811018,4577.37,68.7851
Costa Rica,2011,0.07475266462154799,4633.09,71.8138
Costa Rica,2012,0.0754579339118748,4688.0,75.3202
Costa Rica,2013,0.0759363415134229,4742.11,77.1993
Costa Rica,2014,0.07747104878510007,4795.39,79.9338
Costa Rica,2015,0.08081649048554977,4847.81,82.853
Costa Rica,2016,0.0835215851687862,4899.34,86.33639999999998
Costa Rica,2017,0.08674422281859316,4949.96,89.926
Costa Rica,2018,0.08867028638493676,4998.01,92.27839999999999
Costa Rica,2019,0.09065211249785543,5046.06,94.3605
Croatia,1980,,,
Croatia,1981,,,
Croatia,1982,,,
Croatia,1983,,,
Croatia,1984,,,
Croatia,1985,,,
Croatia,1986,,,
Croatia,1987,,,
Croatia,1988,,,
Croatia,1989,,,
Croatia,1990,,,
Croatia,1991,,,
Croatia,1992,0.12264428897240684,4570.805,61.748
Croatia,1993,0.12408251061967632,4611.635,56.8083
Croatia,1994,0.13268697076750174,4653.74,60.1599
Croatia,1995,0.1395401762628652,4610.315,64.7359
Croatia,1996,0.13767167526516852,4551.08,68.6223
Croatia,1997,0.1406550248002186,4535.393,72.844
Croatia,1998,0.14859480195303637,4530.968,74.4882
Croatia,1999,0.14995671446831257,4508.882,73.8478
Croatia,2000,0.1472098142049799,4371.28,75.9835
Croatia,2001,0.15273045613654196,4301.71,78.2495
Croatia,2002,0.14922760331256874,4305.425,82.68409
Croatia,2003,0.16330115772036852,4305.6,87.2352
Croatia,2004,0.16214082846729697,4308.935,90.85539999999999
Croatia,2005,0.16250619687511894,4311.877,94.7285
Croatia,2006,0.16276587817123106,4313.14,99.402
Croatia,2007,0.1615006365704197,4312.555,104.2461
Croatia,2008,0.16312653280489192,4310.61,106.1837
Croatia,2009,0.15868474269740712,4305.453,98.45980000000002
Croatia,2010,0.16075988139125647,4294.728,97.258
Croatia,2011,0.14382305055212363,4281.185,97.22008999999998
Croatia,2012,0.14363850917562246,4267.33,95.0773
Croatia,2013,0.1448230827004243,4252.56,94.7394
Croatia,2014,0.13931885866745036,4233.377,94.40500000000002
Croatia,2015,0.13453712739836227,4203.66,96.7162
Croatia,2016,0.13822272013492318,4167.885,100.1837
Croatia,2017,0.14001389012025425,4123.76,103.56850000000001
Croatia,2018,0.14817937630237893,4087.215,106.5392
Croatia,2019,0.14590365075633688,4064.9499999999994,110.2903
Cuba,1980,0.18206431629976608,9849.46,
Cuba,1981,0.18503658236743953,9898.89,
Cuba,1982,0.20028663828892287,9940.31,
Cuba,1983,0.18436548295343966,9981.3,
Cuba,1984,0.1910322074991826,10031.7,
Cuba,1985,0.19423148211952257,10097.9,
Cuba,1986,0.19933355220580692,10183.9,
Cuba,1987,0.19634232206531618,10286.6,
Cuba,1988,0.19917784915287184,10397.5,88.3725
Cuba,1989,0.20310805928458092,10504.0,88.9735
Cuba,1990,0.19886342404052218,10597.0,86.3501
Cuba,1991,0.18504795595331197,10673.5,77.1169
Cuba,1992,0.16465807146321892,10736.4,68.1863
Cuba,1993,0.16092143559539104,10789.3,58.0414
Cuba,1994,0.16267452326473025,10838.5,58.4575
Cuba,1995,0.16584719063628722,10888.2,59.894
Cuba,1996,0.17102285139073156,10939.299999999997,64.5889
Cuba,1997,0.18821447541274522,10989.700000000003,66.3814
Cuba,1998,0.17904652479568584,11038.700000000003,66.4887
Cuba,1999,0.1549142124533814,11084.700000000003,70.6048
Cuba,2000,0.14981982251738168,11126.4,74.7815
Cuba,2001,0.13797379705179993,11164.700000000003,77.1633
Cuba,2002,0.13962463383293838,11199.700000000003,78.2632
Cuba,2003,0.1417245651287033,11229.200000000003,81.2321
Cuba,2004,0.14349549760991703,11250.4,85.9193
Cuba,2005,0.14120075019352438,11261.6,95.5421
Cuba,2006,0.13762676426408144,11261.200000000003,107.072
Cuba,2007,0.13899925785564018,11251.1,114.846
Cuba,2008,0.1590037776538716,11237.0,119.575
Cuba,2009,0.16019732811460194,11226.700000000003,121.31
Cuba,2010,0.18203439341595914,11225.799999999997,124.21
Cuba,2011,0.16351172359828262,11236.700000000003,127.69099999999999
Cuba,2012,0.17791044348445373,11257.1,131.541
Cuba,2013,0.17063425780629823,11282.700000000003,135.155
Cuba,2014,0.17382355887744305,11306.9,136.571
Cuba,2015,0.17422278399815894,11324.799999999997,142.632
Cuba,2016,0.13584653201803393,11335.1,143.365
Cuba,2017,0.144733967244761,11339.200000000003,145.958
Cuba,2018,0.15177449064527898,11335.0,149.24
Cuba,2019,0.1486274210501755,11330.799999999997,152.228
Cyprus,1980,0.017004869786503802,512.3,
Cyprus,1981,0.01441464713309012,522.845,
Cyprus,1982,0.015262567554409839,524.623,
Cyprus,1983,0.01695840839364448,531.518,
Cyprus,1984,0.017148853524777203,538.397,
Cyprus,1985,0.01801122874870132,544.605,
Cyprus,1986,0.019145707882260242,550.888,
Cyprus,1987,0.02075688259623184,556.584,
Cyprus,1988,0.02089432760822528,562.693,
Cyprus,1989,0.025865159140218717,572.655,
Cyprus,1990,0.02761192471221216,587.141,
Cyprus,1991,0.027930284684205598,603.069,
Cyprus,1992,0.032273103656199044,619.231,
Cyprus,1993,0.03223396982819244,632.944,
Cyprus,1994,0.037062001214939036,645.399,
Cyprus,1995,0.036421782759214115,656.333,17.2131
Cyprus,1996,0.035890760063292684,666.313,17.4279
Cyprus,1997,0.0367042915512534,675.215,17.8881
Cyprus,1998,0.03947579756786812,682.862,18.9812
Cyprus,1999,0.042034042658641003,690.497,19.9301
Cyprus,2000,0.044028853351104055,697.549,21.1187
Cyprus,2001,0.04418964298157506,705.5390000000001,21.953600000000005
Cyprus,2002,0.043806465233131794,713.7199999999999,22.7707
Cyprus,2003,0.04718480149922066,722.893,23.3682
Cyprus,2004,0.0424558936644766,733.067,24.5425
Cyprus,2005,0.04696208398569328,744.013,25.733999999999998
Cyprus,2006,0.04871273798315822,757.916,26.947
Cyprus,2007,0.05009426305673982,776.333,28.320399999999996
Cyprus,2008,0.05196660363968893,796.93,29.3535
Cyprus,2009,0.050168882703759944,819.14,28.7619
Cyprus,2010,0.04825088447372758,839.7509999999999,29.340999999999998
Cyprus,2011,0.04805957872272466,862.011,29.459
Cyprus,2012,0.04539279915095134,865.878,28.4432
Cyprus,2013,0.04062983505062697,858.0,26.5796
Cyprus,2014,0.04099341918980176,847.0080000000002,26.0934
Cyprus,2015,0.042071389873398125,848.319,26.976
Cyprus,2016,0.04607493543775497,854.802,28.7174
Cyprus,2017,0.04683548167722593,864.236,30.397900000000003
Cyprus,2018,0.04709028609056572,875.899,32.1288
Cyprus,2019,0.04756876285307589,888.005,33.8259
Czech Republic,1980,,,
Czech Republic,1981,,,
Czech Republic,1982,,,
Czech Republic,1983,,,
Czech Republic,1984,,,
Czech Republic,1985,,,
Czech Republic,1986,,,
Czech Republic,1987,,,
Czech Republic,1988,,,
Czech Republic,1989,,,
Czech Republic,1990,,,
Czech Republic,1991,,,
Czech Republic,1992,,,
Czech Republic,1993,0.5708903660349952,10330.9,203.3416
Czech Republic,1994,0.5485176926616643,10333.5,207.8545
Czech Republic,1995,0.5621678087166548,10325.75,220.2759
Czech Republic,1996,0.5884050324983355,10313.7,229.4429
Czech Republic,1997,0.5790180022843265,10302.85,228.1964
Czech Republic,1998,0.5532827756360611,10293.2,227.4063
Czech Republic,1999,0.5191065189419498,10282.43,230.1756
Czech Republic,2000,0.5564138599940378,10249.3,240.1994
Czech Republic,2001,0.5682580709039634,10212.75,247.4777
Czech Republic,2002,0.5684615089076603,10195.85,251.1545
Czech Republic,2003,0.6042060641381195,10194.33,260.1456
Czech Republic,2004,0.6177490329526033,10197.55,272.2445
Czech Republic,2005,0.6114193438185799,10214.3,290.4298
Czech Republic,2006,0.6147831733592889,10242.73,310.6352
Czech Republic,2007,0.6110635054072621,10309.95,327.8946
Czech Republic,2008,0.6056213540624982,10394.9,336.1202
Czech Republic,2009,0.5784426447094033,10448.47,320.9695
Czech Republic,2010,0.5966426704746356,10477.48,328.2586
Czech Republic,2011,0.5905580018384936,10498.45,334.0397
Czech Republic,2012,0.5879527988482035,10512.12,331.6856
Czech Republic,2013,0.5734429080640244,10513.8,331.5405
Czech Republic,2014,0.5720649495206077,10528.58,339.0393
Czech Republic,2015,0.5682109584549903,10548.03,357.5844
Czech Republic,2016,0.5566535816018859,10569.45,366.3055
Czech Republic,2017,0.5927605953302593,10598.3,385.9897
Czech Republic,2018,0.5874873531306247,10634.9,398.2624
Czech Republic,2019,0.5767377616550883,10677.38,410.036
Côte d’Ivoire,1980,0.02924792273010008,8033.649999999999,
Côte d’Ivoire,1981,0.032496611296205756,8393.69,
Côte d’Ivoire,1982,0.03083288720589184,8764.99,
Côte d’Ivoire,1983,0.029769802055117763,9144.94,
Côte d’Ivoire,1984,0.02604509156498752,9530.1,
Côte d’Ivoire,1985,0.030896165487357758,9918.2,
Côte d’Ivoire,1986,0.0314701848,10307.3,
Côte d’Ivoire,1987,0.03454818,10698.2,
Côte d’Ivoire,1988,0.03584956632,11094.700000000003,54.7825
Côte d’Ivoire,1989,0.035961629,11502.5,56.3975
Côte d’Ivoire,1990,0.030990997599999997,11924.9,55.779500000000006
Côte d’Ivoire,1991,0.0262031006,12362.4,55.8023
Côte d’Ivoire,1992,0.02544244464,12812.4,55.7456
Côte d’Ivoire,1993,0.0286028672,13271.6,55.517
Côte d’Ivoire,1994,0.029508983,13735.4,56.6832
Côte d’Ivoire,1995,0.0321969178,14199.799999999997,60.7096
Côte d’Ivoire,1996,0.0374549172,14665.1,64.2883
Côte d’Ivoire,1997,0.0382308814,15130.700000000003,67.9683
Côte d’Ivoire,1998,0.0385911944,15589.4,71.3169
Côte d’Ivoire,1999,0.049881390479999996,16032.6,72.473
Côte d’Ivoire,2000,0.050170476099004754,16454.7,70.9764
Côte d’Ivoire,2001,0.049705040585484764,16853.0,71.0637
Côte d’Ivoire,2002,0.04831320617024562,17231.5,69.8765
Côte d’Ivoire,2003,0.043556838766643964,17599.6,68.9229
Côte d’Ivoire,2004,0.04702341037059276,17970.5,69.7692
Côte d’Ivoire,2005,0.052196259250744004,18354.5,70.9664
Côte d’Ivoire,2006,0.04462233179970956,18754.9,72.0448
Côte d’Ivoire,2007,0.0477462906816224,19171.2,73.3173
Côte d’Ivoire,2008,0.052489267189719156,19605.6,75.1808
Côte d’Ivoire,2009,0.05106840531919036,20059.2,77.621
Côte d’Ivoire,2010,0.05221112462091117,20532.9,79.1922
Côte d’Ivoire,2011,0.048584435145691204,21028.7,75.8627
Côte d’Ivoire,2012,0.05922179433747836,21547.2,83.5245
Côte d’Ivoire,2013,0.06556441828861839,22087.5,91.2695
Côte d’Ivoire,2014,0.06926049200507596,22647.7,99.2897
Côte d’Ivoire,2015,0.06897544699816,23226.2,108.069
Côte d’Ivoire,2016,0.07830053327836,23822.7,115.836
Côte d’Ivoire,2017,0.07823299934636,24437.5,124.377
Côte d’Ivoire,2018,0.078039286265232,25084.400000000005,132.947
Côte d’Ivoire,2019,0.08484241341,25731.3,141.232
Denmark,1980,0.3424482535116989,5123.27,151.3587
Denmark,1981,0.29038084452844015,5120.965,150.0078
Denmark,1982,0.29056156477409273,5117.473,154.5313
Denmark,1983,0.2785603901250405,5113.755,158.4215
Denmark,1984,0.28213104086153973,5111.492,165.3783
Denmark,1985,0.3118724437803306,5114.335,172.4634
Denmark,1986,0.31802611683020643,5121.595,178.7568
Denmark,1987,0.32036000681920196,5127.58,179.274
Denmark,1988,0.31201927883860425,5129.583,185.1757
Denmark,1989,0.29436226023500217,5133.297,185.4614
Denmark,1990,0.29958046114760944,5142.32,186.2302
Denmark,1991,0.3270870456931102,5156.255,188.66060000000002
Denmark,1992,0.31420361508588057,5173.68,192.3527
Denmark,1993,0.3297355958925762,5190.63,192.3735
Denmark,1994,0.3493176803524427,5208.565,202.63160000000002
Denmark,1995,0.3530563680034954,5237.785,208.7664
Denmark,1996,0.391701208840368,5266.085,214.82090000000002
Denmark,1997,0.37046847753600304,5287.458,221.8261
Denmark,1998,0.3617002508692603,5306.56,226.7465
Denmark,1999,0.3548360753550058,5323.855,233.4308
Denmark,2000,0.34625185629133975,5342.015,242.1775
Denmark,2001,0.3509147923483907,5361.175,244.1707
Denmark,2002,0.3381910777356716,5377.825,245.30959999999996
Denmark,2003,0.35335609888282027,5392.34,246.2663
Denmark,2004,0.34280825690870953,5406.24,252.8374
Denmark,2005,0.33485693141763134,5421.438,258.7452
Denmark,2006,0.35667215082985726,5439.725,268.8698
Denmark,2007,0.34753345213824305,5465.024,271.3145
Denmark,2008,0.3345530375546827,5498.079999999999,269.9255
Denmark,2009,0.3144093683969101,5526.0070000000005,256.6813
Denmark,2010,0.3300004635099798,5550.918000000001,261.4838
Denmark,2011,0.31416672575097193,5573.058,264.9794
Denmark,2012,0.29847049053458397,5594.335,265.5794
Denmark,2013,0.3040406326651776,5618.005,268.0582
Denmark,2014,0.2936464190299597,5647.535,272.3992
Denmark,2015,0.28969455526078935,5689.425,278.7804
Denmark,2016,0.29447711781734237,5733.2,287.8294
Denmark,2017,0.29514590530624585,5769.03,295.9512
Denmark,2018,0.2918912466434759,5796.748,301.8393
Denmark,2019,0.2888786200048773,5816.505,308.2223
Djibouti,1980,0.008660470933403119,358.96,
Djibouti,1981,0.006909446755485921,372.29,
Djibouti,1982,0.006909446755485921,385.61899999999997,
Djibouti,1983,0.0051820850666087995,398.949,
Djibouti,1984,0.00433023546586012,412.278,
Djibouti,1985,0.00431840422141788,425.608,
Djibouti,1986,0.0038865638000000003,458.565,
Djibouti,1987,0.0039712438000000004,491.522,
Djibouti,1988,0.00389008224,524.479,
Djibouti,1989,0.009142315600000001,557.436,
Djibouti,1990,0.0093929246,590.393,2.74229
Djibouti,1991,0.0093929246,598.391,2.62008
Djibouti,1992,0.009510700319999999,606.39,2.6348
Djibouti,1993,0.0095693948,614.388,2.45693
Djibouti,1994,0.009829012,622.387,2.42351
Djibouti,1995,0.0097372218,630.385,2.33915
Djibouti,1996,0.009763899119999999,647.823,2.25184
Djibouti,1997,0.009829012,665.262,2.22447
Djibouti,1998,0.009829012,682.7000000000002,2.22701
Djibouti,1999,0.009829012,700.139,2.29201
Djibouti,2000,0.004823060572,717.5769999999999,2.30836
Djibouti,2001,0.00480513733599996,730.7109999999999,2.34975
Djibouti,2002,0.00481919653599996,743.8449999999999,2.42575
Djibouti,2003,0.0049990489360000005,756.98,2.50305
Djibouti,2004,0.00486222262,770.114,2.57259
Djibouti,2005,0.0045979030199999596,783.248,2.65263
Djibouti,2006,0.00429670574,794.6370000000001,2.78063
Djibouti,2007,0.0044723986448,806.026,2.9201099999999998
Djibouti,2008,0.00500127215799996,817.416,3.0896400000000006
Djibouti,2009,0.0043428949236,828.805,3.13959
Djibouti,2010,0.00494576718719996,840.194,3.26979
Djibouti,2011,0.00373598785439996,854.955,3.50825
Djibouti,2012,0.0049297105858059995,869.716,3.67812
Djibouti,2013,0.00508868033839996,884.476,3.86206
Djibouti,2014,0.0051773697676,899.237,4.13478
Djibouti,2015,0.00455234876,913.998,4.453
Djibouti,2016,0.00414857504,928.799,4.74924
Djibouti,2017,0.0036170592571935596,943.6,5.00585
Djibouti,2018,0.00380351420643068,958.4,5.42672
Djibouti,2019,0.0034525625999999995,973.201,5.84841
Dominica,1980,0.00020130134054208,75.318,
Dominica,1981,0.00028699706365032,75.314,
Dominica,1982,0.00028281946983831996,75.012,
Dominica,1983,0.00030830516237032,74.484,
Dominica,1984,0.00031267279304204003,73.846,
Dominica,1985,0.00030368825317032,73.207,
Dominica,1986,0.00025559978297999997,72.531,
Dominica,1987,0.00033632078298,71.842,
Dominica,1988,0.000358594068232,71.212,0.488323
Dominica,1989,0.00035862758628,70.722,0.487387
Dominica,1990,0.00035843558627999996,70.422,0.513797
Dominica,1991,0.00035865318628,70.377,0.520721
Dominica,1992,0.000358709268232,70.546,0.531289
Dominica,1993,0.00035784038627999996,70.818,0.542772
Dominica,1994,0.00045623861388,71.044,0.542959
Dominica,1995,0.00056679834878,71.105,0.559416
Dominica,1996,0.000568349305352,70.933,0.576781
Dominica,1997,0.00057037204148,70.592,0.589387
Dominica,1998,0.00059879564148,70.183,0.611632
Dominica,1999,0.000619570888,69.828,0.613798
Dominica,2000,0.00072239302799996,69.65,0.628162
Dominica,2001,0.000773393468,69.671,0.627761
Dominica,2002,0.00072883687799996,69.84,0.610008
Dominica,2003,0.00081310201199996,70.102,0.648763
Dominica,2004,0.000963284,70.387,0.668554
Dominica,2005,0.0009230835008,70.58,0.672939
Dominica,2006,0.0009204719416,70.718,0.704294
Dominica,2007,0.00111207928399996,70.797,0.749038
Dominica,2008,0.0010012322848000001,70.829,0.802377
Dominica,2009,0.0010167014296000002,70.848,0.792993
Dominica,2010,0.00106331086712,70.877,0.798327
Dominica,2011,0.00107720605439996,70.912,0.796542
Dominica,2012,0.00103651554913708,70.954,0.788107
Dominica,2013,0.00103541180423996,71.019,0.780226
Dominica,2014,0.00106839963988,71.091,0.81493
Dominica,2015,0.0011097207532,71.175,0.793
Dominica,2016,0.0011603519296,71.307,0.813272
Dominica,2017,0.0010836770017061599,71.46,0.757975
Dominica,2018,0.0011174922276395599,71.626,0.775394
Dominica,2019,0.0010775035648,71.808,0.802973
Dominican Republic,1980,0.034505408953959524,5803.93,
Dominican Republic,1981,0.03459109571857684,5935.899999999999,
Dominican Republic,1982,0.03604422769388248,6067.77,
Dominican Republic,1983,0.04294708117465512,6199.66,
Dominican Republic,1984,0.037123208237341436,6331.759999999999,
Dominican Republic,1985,0.039771860249323374,6464.23,
Dominican Republic,1986,0.04343937356806056,6596.97,
Dominican Republic,1987,0.04771596318496448,6729.93,
Dominican Republic,1988,0.05287900500750668,6863.44,41.5729
Dominican Republic,1989,0.051434992531450195,6997.88,43.4023
Dominican Republic,1990,0.05549347262346536,7133.490000000001,41.035
Dominican Republic,1991,0.053639788958584844,7270.41,41.4227
Dominican Republic,1992,0.05736023394839448,7408.34,45.7776
Dominican Republic,1993,0.0537897311651833,7546.47,49.0839
Dominican Republic,1994,0.058517426272718276,7683.71,50.21450000000001
Dominican Republic,1995,0.06316415012075802,7819.240000000001,52.97310000000001
Dominican Republic,1996,0.06864691519305924,7952.77,56.7508
Dominican Republic,1997,0.0726068003968538,8084.41,61.29319999999999
Dominican Republic,1998,0.0751569788305556,8214.43,65.5903
Dominican Republic,1999,0.08536064493465809,8343.29,69.9949
Dominican Republic,2000,0.11751483037941786,8471.32,73.9542
Dominican Republic,2001,0.11422755850999637,8598.6,75.2922
Dominican Republic,2002,0.1206433150238585,8724.97,79.6503
Dominican Republic,2003,0.11069706559171895,8850.32,79.4485
Dominican Republic,2004,0.10317805829202098,8974.44,80.4908
Dominican Republic,2005,0.11312755683455733,9097.26,87.9465
Dominican Republic,2006,0.11299480669481352,9218.68,97.33139999999999
Dominican Republic,2007,0.11619327528818442,9338.86,105.58
Dominican Republic,2008,0.11549322489013122,9458.08,108.95800000000001
Dominican Republic,2009,0.11411537479303561,9576.74,109.988
Dominican Republic,2010,0.11983386242151002,9695.12,119.147
Dominican Republic,2011,0.11792081722504881,9813.22,122.895
Dominican Republic,2012,0.1308867781336762,9930.92,126.247
Dominican Republic,2013,0.12479634242784392,10048.2,132.397
Dominican Republic,2014,0.11981846205610358,10165.2,141.741
Dominican Republic,2015,0.13285899456085412,10281.7,151.56
Dominican Republic,2016,0.1413174422197851,10397.7,161.643
Dominican Republic,2017,0.1393814058104941,10513.1,169.192
Dominican Republic,2018,0.15410053266415782,10624.7,181.01699999999997
Dominican Republic,2019,0.16759900324414598,10736.3,190.149
Ecuador,1980,0.07426746538184928,7989.18,
Ecuador,1981,0.07645905242412285,8197.65,
Ecuador,1982,0.08263088451584297,8409.4,
Ecuador,1983,0.07843660324030372,8624.59,
Ecuador,1984,0.08350822212761456,8843.46,
Ecuador,1985,0.08828863798683344,9066.1,
Ecuador,1986,0.09473002999999999,9292.48,
Ecuador,1987,0.09351503159999999,9522.36,
Ecuador,1988,0.0967022984,9755.58,76.1789
Ecuador,1989,0.09471158160000001,9991.87,76.4075
Ecuador,1990,0.10112314959999999,10230.9,78.6997
Ecuador,1991,0.10637357799999998,10472.5,82.786
Ecuador,1992,0.1185128808,10716.1,84.0397
Ecuador,1993,0.1148744272,10961.5,84.2895
Ecuador,1994,0.12502212559999998,11208.0,88.2543
Ecuador,1995,0.12275754720000001,11455.200000000003,89.7974
Ecuador,1996,0.13302198640000001,11703.200000000003,91.9543
Ecuador,1997,0.1368324968,11951.5,95.6794
Ecuador,1998,0.1402322808,12198.5,97.7036
Ecuador,1999,0.13459097303495166,12442.1,91.54879999999999
Ecuador,2000,0.14764508816869376,12681.1,96.3983
Ecuador,2001,0.15699151347219825,12914.700000000003,100.269
Ecuador,2002,0.15995822937687013,13143.5,104.377
Ecuador,2003,0.16565731452291138,13369.700000000003,107.219
Ecuador,2004,0.18008107880253613,13596.4,116.02299999999998
Ecuador,2005,0.19110827155923102,13825.799999999997,122.16199999999999
Ecuador,2006,0.2020701800337638,14059.4,127.54199999999999
Ecuador,2007,0.2138190546982269,14296.5,130.335
Ecuador,2008,0.22327595197353295,14535.700000000003,138.62
Ecuador,2009,0.23008105795788722,14774.4,139.406
Ecuador,2010,0.23893849911793996,15011.1,144.32
Ecuador,2011,0.2468805080660678,15243.9,155.675
Ecuador,2012,0.25661097445369385,15474.1,164.459
Ecuador,2013,0.2618442146270656,15707.5,172.59399999999997
Ecuador,2014,0.28435380730860194,15951.799999999997,179.133
Ecuador,2015,0.2763051441986159,16212.0,179.31000000000003
Ecuador,2016,0.2732421077347054,16491.1,177.111
Ecuador,2017,0.27790663061057136,16785.4,181.306
Ecuador,2018,0.29152881664303487,17071.3,183.643
Ecuador,2019,0.2955146288800789,17357.2,183.665
Egypt,1980,0.2856237771268371,43309.1,
Egypt,1981,0.33220634537741656,44400.1,
Egypt,1982,0.3692835277973625,45539.30000000001,
Egypt,1983,0.42382207883621303,46728.30000000001,
Egypt,1984,0.46213405691148024,47968.6,
Egypt,1985,0.48797545857361585,49258.69999999999,
Egypt,1986,0.49633966068966995,50602.4,
Egypt,1987,0.5160707376070649,51991.69999999999,
Egypt,1988,0.5214977125728868,53399.19999999999,337.123
Egypt,1989,0.538123091938446,54788.69999999999,353.713
Egypt,1990,0.5685122463381188,56134.5,373.758
Egypt,1991,0.5694875758509842,57424.6,377.964
Egypt,1992,0.5707308620664316,58666.80000000001,394.87000000000006
Egypt,1993,0.6057072634124534,59880.69999999999,406.324
Egypt,1994,0.6374603885720935,61095.80000000001,422.468
Egypt,1995,0.6543920047459453,62334.0,442.08099999999996
Egypt,1996,0.7081748870989462,63601.6,464.135
Egypt,1997,0.7328428060447205,64892.30000000001,489.627
Egypt,1998,0.7582551928862078,66200.3,516.926
Egypt,1999,0.7764562114663714,67515.6,548.218
Egypt,2000,0.8022209286765115,68831.6,583.14
Egypt,2001,0.8972183344401975,70152.7,603.755
Egypt,2002,0.8939583622121505,71485.0,618.186
Egypt,2003,0.973895590611517,72826.1,637.927
Egypt,2004,1.0519581511263454,74172.1,664.032
Egypt,2005,1.100669504977298,75523.6,693.726
Egypt,2006,1.166968886757843,76873.7,740.3579999999998
Egypt,2007,1.2392581541288128,78232.1,789.759
Egypt,2008,1.2850787959855512,79636.1,836.956
Egypt,2009,1.3459301055132697,81134.8,875.254
Egypt,2010,1.402117063255994,82761.2,922.907
Egypt,2011,1.4485296124810438,84529.2,924.765
Egypt,2012,1.5106366119082515,86422.2,951.166
Egypt,2013,1.49636779514034,88404.60000000002,976.524
Egypt,2014,1.4913128420459516,90424.7,1024.14
Egypt,2015,1.4918586031345797,92442.5,1064.24
Egypt,2016,1.5065568634106064,94447.10000000002,1105.14
Egypt,2017,1.6030736537611066,96442.60000000002,1159.83
Egypt,2018,1.6123177097003478,98406.5,1222.68
Egypt,2019,1.608726669851697,100370.0,1291.81
El Salvador,1980,0.01807643701509232,4591.13,
El Salvador,1981,0.01641445073429536,4666.36,
El Salvador,1982,0.01692104219735136,4737.26,
El Salvador,1983,0.01702158967268912,4804.94,
El Salvador,1984,0.01798106185781584,4871.04,
El Salvador,1985,0.018298275905311683,4936.8,
El Salvador,1986,0.0192366146,5002.34,
El Salvador,1987,0.0187458948,5067.53,
El Salvador,1988,0.0204486884,5133.27,21.2686
El Salvador,1989,0.020690811400000002,5200.61,21.451800000000002
El Salvador,1990,0.0214524866,5270.07,25.9826
El Salvador,1991,0.0212027968,5342.19,26.3862
El Salvador,1992,0.023995447519999998,5416.33,28.2175
El Salvador,1993,0.02486514510198888,5490.48,29.8905
El Salvador,1994,0.027221615723754276,5561.920000000001,31.2722
El Salvador,1995,0.0338983887944584,5628.600000000001,32.797
El Salvador,1996,0.03467408355708968,5689.94,33.0735
El Salvador,1997,0.034416710411223475,5746.29,34.1007
El Salvador,1998,0.03923681435395284,5797.759999999999,34.992
El Salvador,1999,0.04144351835156252,5844.829999999999,35.7425
El Salvador,2000,0.040130420410607937,5887.93,36.1396
El Salvador,2001,0.04167071224059968,5927.0,36.4512
El Salvador,2002,0.0426823621545599,5962.14,37.0062
El Salvador,2003,0.045539708623302456,5994.079999999999,37.5874
El Salvador,2004,0.04541712990392012,6023.8,37.9216
El Salvador,2005,0.04698757254128884,6052.12,38.9506
El Salvador,2006,0.04966297495294304,6079.399999999999,40.6563
El Salvador,2007,0.05178180021591692,6105.81,41.4149
El Salvador,2008,0.05081956648269281,6131.77,42.3449
El Salvador,2009,0.0489933096040635,6157.68,41.4703
El Salvador,2010,0.05076004822213296,6183.88,42.3281
El Salvador,2011,0.05075508561989358,6210.57,43.9279
El Salvador,2012,0.05113781801775384,6237.920000000001,45.1444
El Salvador,2013,0.04992087232313712,6266.079999999999,46.1455
El Salvador,2014,0.05098178635506072,6295.12,46.9368
El Salvador,2015,0.05274439387376316,6325.12,48.056000000000004
El Salvador,2016,0.0531694563653228,6356.14,49.263299999999994
El Salvador,2017,0.05272552333485055,6388.12,50.3768
El Salvador,2018,0.05685240561067234,6420.82,51.6022
El Salvador,2019,0.06227346141959196,6453.509999999999,52.96200000000001
Equatorial Guinea,1980,0.000340907778632,249.931,
Equatorial Guinea,1981,0.00034005104209600004,264.37,
Equatorial Guinea,1982,0.00042297400370399995,284.638,
Equatorial Guinea,1983,0.00042302681456,308.208,
Equatorial Guinea,1984,0.00042409872,331.554,
Equatorial Guinea,1985,0.00050589056,352.116,
Equatorial Guinea,1986,0.0004229676,369.02400000000006,
Equatorial Guinea,1987,0.000439179156,382.97700000000003,
Equatorial Guinea,1988,0.00044024109440000004,394.973,0.38149799999999995
Equatorial Guinea,1989,0.000694324556,406.62000000000006,0.376809
Equatorial Guinea,1990,0.000694300556,419.18799999999993,0.370182
Equatorial Guinea,1991,0.000694327756,432.844,0.366398
Equatorial Guinea,1992,0.0006960894944,447.269,0.493705
Equatorial Guinea,1993,0.0006942261560000001,462.637,0.548176
Equatorial Guinea,1994,0.000694231756,479.099,0.639551
Equatorial Guinea,1995,0.0006941862160000001,496.768,0.7513840000000002
Equatorial Guinea,1996,0.0006960878944,515.844,1.25166
Equatorial Guinea,1997,0.000783279556,536.459,3.1288
Equatorial Guinea,1998,0.001079058796,558.496,3.87266
Equatorial Guinea,1999,0.00107910044,581.765,4.86654
Equatorial Guinea,2000,0.00439303474,606.18,5.75291
Equatorial Guinea,2001,0.00247780742,631.662,9.39911
Equatorial Guinea,2002,0.03853159614,658.388,11.2284
Equatorial Guinea,2003,0.04176003552,686.67,12.7954
Equatorial Guinea,2004,0.00845768844,716.949,17.6575
Equatorial Guinea,2005,0.03112126052,749.527,20.6149
Equatorial Guinea,2006,0.03796334184,784.494,22.2032
Equatorial Guinea,2007,0.0419646576298,821.686,25.5964
Equatorial Guinea,2008,0.04132665218136984,860.839,30.1523
Equatorial Guinea,2009,0.04378748918,901.589,30.5573
Equatorial Guinea,2010,0.042057241280000005,943.64,27.8304
Equatorial Guinea,2011,0.0452154512,986.861,29.646
Equatorial Guinea,2012,0.04397085110136984,1031.19,32.1104
Equatorial Guinea,2013,0.04536682248,1076.41,30.783200000000004
Equatorial Guinea,2014,0.04270539954,1122.27,30.911
Equatorial Guinea,2015,0.038490612608000005,1168.57,28.095
Equatorial Guinea,2016,0.0380167518884,1215.18,25.618
Equatorial Guinea,2017,0.0373600250688001,1262.01,24.1661
Equatorial Guinea,2018,0.033890498095200075,1309.0,22.659000000000002
Equatorial Guinea,2019,0.03123998054040008,1355.99,21.3042
Eritrea,1980,,,
Eritrea,1981,,,
Eritrea,1982,,,
Eritrea,1983,,,
Eritrea,1984,,,
Eritrea,1985,,,
Eritrea,1986,,,
Eritrea,1987,,,
Eritrea,1988,,,
Eritrea,1989,,,
Eritrea,1990,,,
Eritrea,1991,,,
Eritrea,1992,,,
Eritrea,1993,,,
Eritrea,1994,0.0053007489999999996,2215.11,3.61721
Eritrea,1995,0.0060724611999999996,2204.23,3.7013699999999994
Eritrea,1996,0.006206701199999999,2221.86,4.03945
Eritrea,1997,0.0062747654608,2239.5,4.35865
Eritrea,1998,0.0066633361044,2257.14,4.44422
Eritrea,1999,0.006916220200000001,2274.78,4.45252
Eritrea,2000,0.00354758952799996,2292.41,3.90253
Eritrea,2001,0.00388630810799996,2399.26,4.24413
Eritrea,2002,0.0035435201479999795,2506.11,4.3717
Eritrea,2003,0.0042471780760000005,2612.96,4.2556
Eritrea,2004,0.0046253111399999994,2719.8,4.31736
Eritrea,2005,0.0046282461079999605,2826.65,4.42852
Eritrea,2006,0.0031832645479999604,2895.41,4.38564
Eritrea,2007,0.0032688570719999603,2964.17,4.44828
Eritrea,2008,0.00233574119599996,3032.92,3.5836799999999998
Eritrea,2009,0.002822207308,3101.68,4.02022
Eritrea,2010,0.002813540596,3170.44,4.4564
Eritrea,2011,0.00286517038,3204.91,5.60208
Eritrea,2012,0.00304495483673424,3239.39,5.70778
Eritrea,2013,0.003104977624,3273.86,5.11103
Eritrea,2014,0.0032426241639999997,3308.34,6.69201
Eritrea,2015,0.0032156096,3342.82,5.312
Eritrea,2016,0.0032731712,3383.5399999999995,5.7046
Eritrea,2017,0.0036268160239696,3424.26,5.13343
Eritrea,2018,0.00415646113600572,3464.98,5.80235
Eritrea,2019,0.004511219,3505.7100000000005,6.02485
Estonia,1980,,,
Estonia,1981,,,
Estonia,1982,,,
Estonia,1983,,,
Estonia,1984,,,
Estonia,1985,,,
Estonia,1986,,,
Estonia,1987,,,
Estonia,1988,,,
Estonia,1989,,,
Estonia,1990,,,
Estonia,1991,,,
Estonia,1992,0.04604676150100552,1511.3,17.3815
Estonia,1993,0.03728981945308918,1476.95,16.3837
Estonia,1994,0.0344418494231872,1448.07,16.1147
Estonia,1995,0.03072808541925804,1425.1899999999998,17.167
Estonia,1996,0.03401920461780298,1406.0,18.0159
Estonia,1997,0.036878961182719175,1393.07,20.3668
Estonia,1998,0.04464217413077872,1379.24,21.2508
Estonia,1999,0.03504053593157064,1401.25,21.1603
Estonia,2000,0.03327794588044488,1392.72,23.295
Estonia,2001,0.037775033495120756,1383.51,24.6936
Estonia,2002,0.03118204864999712,1375.1899999999998,26.3655
Estonia,2003,0.030332015986699802,1366.25,28.3694
Estonia,2004,0.03340761539404176,1358.85,30.2998
Estonia,2005,0.03447200329036116,1350.7,33.1862
Estonia,2006,0.03789921965538324,1342.92,36.4271
Estonia,2007,0.03696405638301648,1338.44,39.1879
Estonia,2008,0.03858529683546284,1335.74,37.1768
Estonia,2009,0.03397840656985998,1333.29,31.7381
Estonia,2010,0.032462533464162655,1329.66,32.5142
Estonia,2011,0.03133687147062826,1325.22,34.8756
Estonia,2012,0.038980464937722406,1320.17,36.0013
Estonia,2013,0.036243570225616514,1315.82,36.5263
Estonia,2014,0.03458847649839662,1314.87,37.6265
Estonia,2015,0.03621856253041292,1315.94,38.389
Estonia,2016,0.03526950779008914,1315.64,39.5745
Estonia,2017,0.03647380201286346,1319.13,41.7316
Estonia,2018,0.03805686551271552,1324.82,43.4532
Estonia,2019,0.04057579425121654,1328.98,45.198
Eswatini,1980,0.0038052942715551203,587.852,
Eswatini,1981,0.00370367041009642,608.374,
Eswatini,1982,0.0032654355874546597,629.812,
Eswatini,1983,0.0028539550250287803,652.112,
Eswatini,1984,0.00334017017512536,675.24,
Eswatini,1985,0.004199191125795,699.0769999999999,
Eswatini,1986,0.0040360791778474,723.599,
Eswatini,1987,0.00447148087754236,748.634,
Eswatini,1988,0.0045195414336500804,773.774,3.25545
Eswatini,1989,0.004851949361761599,798.498,3.67577
Eswatini,1990,0.00470702153167308,822.4230000000001,4.44834
Eswatini,1991,0.00481510632080244,845.2670000000002,4.52665
Eswatini,1992,0.00471494440328148,866.995,4.67269
Eswatini,1993,0.00469869203605556,887.706,4.81783
Eswatini,1994,0.006084107097402,907.622,4.93349
Eswatini,1995,0.00595731328333944,926.8359999999999,5.17156
Eswatini,1996,0.00569602263393688,945.506,5.370250000000001
Eswatini,1997,0.005854458259453519,963.416,5.53688
Eswatini,1998,0.00724695257538052,979.922,5.6810599999999996
Eswatini,1999,0.007386369860357181,994.105,5.84871
Eswatini,2000,0.00855694983046594,1005.43,5.95165
Eswatini,2001,0.00863031757025344,1013.61,6.01443
Eswatini,2002,0.00889187059608316,1019.0499999999998,6.27787
Eswatini,2003,0.0081780258739409,1022.7999999999998,6.52146
Eswatini,2004,0.00794610608773436,1026.29,6.75779
Eswatini,2005,0.00823319859550596,1030.57,7.16318
Eswatini,2006,0.0081256648229393,1036.09,7.59241
Eswatini,2007,0.00854426855634184,1042.65,7.92916
Eswatini,2008,0.008513102513661741,1049.95,7.99431
Eswatini,2009,0.00824262279756314,1057.46,8.11942
Eswatini,2010,0.00786739994733408,1064.84,8.42746
Eswatini,2011,0.00789000935295604,1072.03,8.61684
Eswatini,2012,0.00797621399622544,1079.29,9.0814
Eswatini,2013,0.00745837926716104,1086.84,9.43215
Eswatini,2014,0.00796559790051632,1095.02,9.51828
Eswatini,2015,0.008069332056310639,1104.04,9.728
Eswatini,2016,0.0082920562094478,1113.99,9.83508
Eswatini,2017,0.0084919690887474,1124.81,10.0344
Eswatini,2018,0.009180484718176039,1136.59,10.2724
Eswatini,2019,0.008898257023032919,1148.38,10.5029
Ethiopia,1980,0.0120542427814014,35141.7,
Ethiopia,1981,0.01216023036874816,35984.5,
Ethiopia,1982,0.013299945857460522,36995.2,
Ethiopia,1983,0.01519817283773782,38142.7,
Ethiopia,1984,0.0154632486976466,39374.4,
Ethiopia,1985,0.01821346476269144,40652.1,
Ethiopia,1986,0.0178516164,41965.7,
Ethiopia,1987,0.0200591666,43329.2,
Ethiopia,1988,0.01968807896,44757.19999999999,32.775
Ethiopia,1989,0.0207027324,46272.30000000001,32.6567
Ethiopia,1990,0.0211230478,47887.9,33.5471
Ethiopia,1991,0.018313639,49610.0,31.1257
Ethiopia,1992,0.02463650648,51423.6,28.3532
Ethiopia,1993,0.0235721436,53295.6,32.1421
Ethiopia,1994,0.0176572018,55181.0,33.2627
Ethiopia,1995,0.0189432526,57047.9,35.2987
Ethiopia,1996,0.01590527552,58883.5,40.0756
Ethiopia,1997,0.0160274528,60697.4,41.2139
Ethiopia,1998,0.0208455041132,62507.69999999999,39.5466
Ethiopia,1999,0.024721976200000002,64343.0,41.5882
Ethiopia,2000,0.026348000624,66224.8,44.1138
Ethiopia,2001,0.028688587451538385,68159.4,47.7758
Ethiopia,2002,0.02947457231453656,70142.1,48.4994
Ethiopia,2003,0.03187897567507671,72170.6,47.4513
Ethiopia,2004,0.03408612803084592,74239.5,53.89180000000001
Ethiopia,2005,0.039142016822153444,76346.3,60.261
Ethiopia,2006,0.042953510189461,78489.2,66.7902
Ethiopia,2007,0.04754660918766674,80674.3,74.4416
Ethiopia,2008,0.04977535172025566,82916.2,82.4728
Ethiopia,2009,0.05146530918607158,85233.9,89.7324
Ethiopia,2010,0.05703282868973618,87640.0,100.99399999999999
Ethiopia,2011,0.0644443227591477,90139.89999999998,114.28000000000002
Ethiopia,2012,0.07178751570966602,92727.0,124.163
Ethiopia,2013,0.08382786270897202,95385.8,137.303
Ethiopia,2014,0.09497526781211577,98094.3,151.386
Ethiopia,2015,0.10006636269522859,100836.0,167.119
Ethiopia,2016,0.11600855827155776,103604.0,182.884
Ethiopia,2017,0.11741643368994772,106400.0,200.376
Ethiopia,2018,0.12316184250148014,109254.0,214.034
Ethiopia,2019,0.14434823137640485,112109.0,231.93500000000003
Falkland Islands,1980,7.077469250408e-05,,
Falkland Islands,1981,7.058131902732e-05,,
Falkland Islands,1982,7.058131902732e-05,,
Falkland Islands,1983,7.058131902732e-05,,
Falkland Islands,1984,7.077469250408e-05,,
Falkland Islands,1985,8.822664878416e-05,,
Falkland Islands,1986,6.825213548e-05,,
Falkland Islands,1987,6.825213548e-05,,
Falkland Islands,1988,0.00011877196735200001,,
Falkland Islands,1989,0.00017009,,
Falkland Islands,1990,8.5045e-05,,
Falkland Islands,1991,8.5045e-05,,
Falkland Islands,1992,8.5278e-05,,
Falkland Islands,1993,8.5045e-05,,
Falkland Islands,1994,8.5045e-05,,
Falkland Islands,1995,0.00017009,,
Falkland Islands,1996,0.00010280945855999999,,
Falkland Islands,1997,0.00018761494939999998,,
Falkland Islands,1998,0.0001025699494,,
Falkland Islands,1999,0.00010257663999999999,,
Falkland Islands,2000,0.00015794355599996,,
Falkland Islands,2001,0.00017533591599996,,
Falkland Islands,2002,0.00019285475599996,,
Falkland Islands,2003,0.00021043521599995997,,
Falkland Islands,2004,0.00022795595599999998,,
Falkland Islands,2005,0.00022795425599998,,
Falkland Islands,2006,0.000263058076,,
Falkland Islands,2007,0.000263053876,,
Falkland Islands,2008,0.000269750996,,
Falkland Islands,2009,0.000269675796,,
Falkland Islands,2010,0.00025873850399996004,,
Falkland Islands,2011,0.00025560716799996,,
Falkland Islands,2012,0.00026417807599999997,,
Falkland Islands,2013,0.000264248076,,
Falkland Islands,2014,0.00026416127600000004,,
Falkland Islands,2015,0.00027145664,,
Falkland Islands,2016,0.00028415744000000003,,
Falkland Islands,2017,0.00027318037189648,,
Falkland Islands,2018,0.00028293999598387996,,
Falkland Islands,2019,0.000282404,,
Faroe Islands,1980,0.00020360486448399998,,
Faroe Islands,1981,0.00020487885135200002,,
Faroe Islands,1982,0.00020489849074799998,,
Faroe Islands,1983,0.00020619235671999998,,
Faroe Islands,1984,0.00020462399999999998,,
Faroe Islands,1985,0.0031890758295928397,,
Faroe Islands,1986,0.00304548208,,
Faroe Islands,1987,0.0031533978,,
Faroe Islands,1988,0.00331734941448764,,
Faroe Islands,1989,0.0036415609199999996,,
Faroe Islands,1990,0.00397630392,,
Faroe Islands,1991,0.003669709616,,
Faroe Islands,1992,0.0036985479939919998,,
Faroe Islands,1993,0.003612034064,,
Faroe Islands,1994,0.0037062884531999995,,
Faroe Islands,1995,0.003968867632599999,,
Faroe Islands,1996,0.00396754905704,,
Faroe Islands,1997,0.0039762923238,,
Faroe Islands,1998,0.0039817444826,,
Faroe Islands,1999,0.00395387623599998,,
Faroe Islands,2000,0.00438311729962396,,
Faroe Islands,2001,0.004826136149628,,
Faroe Islands,2002,0.00472444567844796,,
Faroe Islands,2003,0.0047073581739639605,,
Faroe Islands,2004,0.0048353773675,,
Faroe Islands,2005,0.00473807277983598,,
Faroe Islands,2006,0.004693036645052,,
Faroe Islands,2007,0.004890718256696,,
Faroe Islands,2008,0.00452498381418,,
Faroe Islands,2009,0.00419946386185596,,
Faroe Islands,2010,0.00435970114630396,,
Faroe Islands,2011,0.004167711117932,,
Faroe Islands,2012,0.00425595664823996,,
Faroe Islands,2013,0.00463437059389196,,
Faroe Islands,2014,0.004350516560356,,
Faroe Islands,2015,0.0046546435648680004,,
Faroe Islands,2016,0.0046361696,,
Faroe Islands,2017,0.005217122762484,,
Faroe Islands,2018,0.0053581940057551205,,
Faroe Islands,2019,0.005326722,,
Fiji,1980,0.006044849100099959,635.312,
Fiji,1981,0.00617209480971296,651.032,
Fiji,1982,0.00612623591357404,668.281,
Fiji,1983,0.00522005456650828,685.497,
Fiji,1984,0.00583210496686404,700.478,
Fiji,1985,0.005884220634696119,711.77,
Fiji,1986,0.007029116947092,718.6420000000002,
Fiji,1987,0.00602907202309656,721.776,
Fiji,1988,0.0059819846332118,722.924,4.20218
Fiji,1989,0.00681695589870736,724.602,4.75858
Fiji,1990,0.00740874556420292,728.5750000000002,5.15601
Fiji,1991,0.00647507314975064,735.398,5.01824
Fiji,1992,0.0066929162170835995,744.4699999999999,5.2143
Fiji,1993,0.0070396654875135205,754.962,5.30439
Fiji,1994,0.00723635329735052,765.607,5.57491
Fiji,1995,0.007783831507187559,775.428,5.71428
Fiji,1996,0.00797267727702456,784.389,5.98857
Fiji,1997,0.00794802683086156,792.736,5.85682
Fiji,1998,0.00771553145190608,800.148,5.932959999999999
Fiji,1999,0.00837946518975064,806.302,6.45506
Fiji,2000,0.010577440457781761,811.011,6.34532
Fiji,2001,0.010994839728984001,813.9230000000001,6.47223
Fiji,2002,0.00931206469159042,815.257,6.67934
Fiji,2003,0.01021212401619752,816.078,6.74613
Fiji,2004,0.01352542138390483,817.864,7.10368
Fiji,2005,0.011577431786976669,821.6060000000001,7.15341
Fiji,2006,0.012685765361310853,827.869,7.28592
Fiji,2007,0.012232432973595216,836.185,7.22035
Fiji,2008,0.009657503055770976,845.3560000000001,7.292550000000001
Fiji,2009,0.008370104478291883,853.636,7.190459999999999
Fiji,2010,0.01132584742568164,859.8160000000001,7.40617
Fiji,2011,0.008783933726990123,863.451,7.6066
Fiji,2012,0.008858962718749372,865.065,7.71395
Fiji,2013,0.009354209584604808,865.602,8.07915
Fiji,2014,0.009855112826306217,866.447,10.3015
Fiji,2015,0.01029006912367356,868.632,10.782000000000002
Fiji,2016,0.01016448302910557,872.406,11.0526
Fiji,2017,0.011007473435355963,877.46,11.6522
Fiji,2018,0.011597810515590124,883.788,12.0631
Fiji,2019,0.011712277990072722,890.116,12.123399999999998
Finland,1980,0.32497251982613157,4781.598,116.3519
Finland,1981,0.31377880435948735,4803.01,117.8351
Finland,1982,0.30586961110740446,4830.625,121.4835
Finland,1983,0.3041716210510956,4859.305,125.21139999999998
Finland,1984,0.3183546784364168,4884.788,128.9524
Finland,1985,0.3233054680723818,4904.322,133.1143
Finland,1986,0.3328409682534716,4920.025,136.7783
Finland,1987,0.35836252495797855,4933.74,141.7303
Finland,1988,0.35694484031461887,4948.45,149.036
Finland,1989,0.3603769106480565,4966.875,157.1087
Finland,1990,0.37746991204777763,4989.442,154.9963
Finland,1991,0.3816113431905787,5017.555,145.8734
Finland,1992,0.3831696340566975,5045.24,141.0681
Finland,1993,0.3802089949329384,5069.313,140.1325
Finland,1994,0.39860047589627423,5090.935,145.6829
Finland,1995,0.37963808757747897,5110.05,151.8338
Finland,1996,0.38515565360943,5126.51,157.4061
Finland,1997,0.39251226980763815,5141.712,167.3003
Finland,1998,0.4106987056190982,5155.035,176.4253
Finland,1999,0.4065869259076824,5166.93,184.15420000000003
Finland,2000,0.41197216509841034,5177.435,194.7558
Finland,2001,0.41726845482447983,5189.732,199.8378
Finland,2002,0.42044417034442905,5202.022,203.2473
Finland,2003,0.440197405041959,5214.69,207.32000000000002
Finland,2004,0.44877383479639854,5230.28,215.5964
Finland,2005,0.42179780347237417,5248.468,221.5865
Finland,2006,0.44445233276412793,5268.939,230.5142
Finland,2007,0.4471985100088567,5291.66,242.7291
Finland,2008,0.43728237627001115,5316.627,244.63649999999998
Finland,2009,0.40462562045085587,5342.01,224.8835
Finland,2010,0.43196768513141826,5366.333,232.0459
Finland,2011,0.41311910171474847,5391.52,237.9589
Finland,2012,0.40958009495396747,5417.145,234.6321
Finland,2013,0.41186887431675284,5442.045,232.5176
Finland,2014,0.40044176446785595,5464.07,231.66690000000003
Finland,2015,0.39792670070508934,5481.475000000001,232.9298
Finland,2016,0.40762834583397334,5497.303,239.47850000000003
Finland,2017,0.40313874030314945,5509.439000000001,247.1269
Finland,2018,0.40840281421899677,5516.123,249.9467
Finland,2019,0.3987063874939502,5522.524,252.99570000000003
Former Czechoslovakia,1980,1.0401548381773595,,
Former Czechoslovakia,1981,1.0332106477879908,,
Former Czechoslovakia,1982,1.0412521197689075,,
Former Czechoslovakia,1983,1.048740410215493,,
Former Czechoslovakia,1984,1.0570209496251366,,
Former Czechoslovakia,1985,1.0667798896398675,,
Former Czechoslovakia,1986,1.081002504086968,,
Former Czechoslovakia,1987,1.1104099520840847,,
Former Czechoslovakia,1988,1.0859318524967996,,
Former Czechoslovakia,1989,1.0806654555629558,,
Former Czechoslovakia,1990,1.079300137019193,,
Former Czechoslovakia,1991,0.9756668129982051,,
Former Czechoslovakia,1992,0.879717109015021,,
Former Czechoslovakia,1993,,,
Former Czechoslovakia,1994,,,
Former Czechoslovakia,1995,,,
Former Czechoslovakia,1996,,,
Former Czechoslovakia,1997,,,
Former Czechoslovakia,1998,,,
Former Czechoslovakia,1999,,,
Former Czechoslovakia,2000,,,
Former Czechoslovakia,2001,,,
Former Czechoslovakia,2002,,,
Former Czechoslovakia,2003,,,
Former Czechoslovakia,2004,,,
Former Czechoslovakia,2005,,,
Former Czechoslovakia,2006,,,
Former Czechoslovakia,2007,,,
Former Czechoslovakia,2008,,,
Former Czechoslovakia,2009,,,
Former Czechoslovakia,2010,,,
Former Czechoslovakia,2011,,,
Former Czechoslovakia,2012,,,
Former Czechoslovakia,2013,,,
Former Czechoslovakia,2014,,,
Former Czechoslovakia,2015,,,
Former Czechoslovakia,2016,,,
Former Czechoslovakia,2017,,,
Former Czechoslovakia,2018,,,
Former Czechoslovakia,2019,,,
Former Serbia and Montenegro,1980,,,
Former Serbia and Montenegro,1981,,,
Former Serbia and Montenegro,1982,,,
Former Serbia and Montenegro,1983,,,
Former Serbia and Montenegro,1984,,,
Former Serbia and Montenegro,1985,,,
Former Serbia and Montenegro,1986,,,
Former Serbia and Montenegro,1987,,,
Former Serbia and Montenegro,1988,,,
Former Serbia and Montenegro,1989,,,
Former Serbia and Montenegro,1990,,,
Former Serbia and Montenegro,1991,,,
Former Serbia and Montenegro,1992,0.3413127078701322,,
Former Serbia and Montenegro,1993,0.2882289595256785,,
Former Serbia and Montenegro,1994,0.2844347105194074,,
Former Serbia and Montenegro,1995,0.3155550723949382,,
Former Serbia and Montenegro,1996,0.36926803620688753,,
Former Serbia and Montenegro,1997,0.3914394214393676,,
Former Serbia and Montenegro,1998,0.39770025831846545,,
Former Serbia and Montenegro,1999,0.3196892188749589,,
Former Serbia and Montenegro,2000,0.3227426207654427,,
Former Serbia and Montenegro,2001,0.3352855033696052,,
Former Serbia and Montenegro,2002,0.36944470383068945,,
Former Serbia and Montenegro,2003,0.37300024695012335,,
Former Serbia and Montenegro,2004,0.38346415484984286,,
Former Serbia and Montenegro,2005,0.36165747199119086,,
Former Serbia and Montenegro,2006,,,
Former Serbia and Montenegro,2007,,,
Former Serbia and Montenegro,2008,,,
Former Serbia and Montenegro,2009,,,
Former Serbia and Montenegro,2010,,,
Former Serbia and Montenegro,2011,,,
Former Serbia and Montenegro,2012,,,
Former Serbia and Montenegro,2013,,,
Former Serbia and Montenegro,2014,,,
Former Serbia and Montenegro,2015,,,
Former Serbia and Montenegro,2016,,,
Former Serbia and Montenegro,2017,,,
Former Serbia and Montenegro,2018,,,
Former Serbia and Montenegro,2019,,,
Former U.S.S.R.,1980,17.189994737907888,,
Former U.S.S.R.,1981,16.983503603109465,,
Former U.S.S.R.,1982,17.547801330230623,,
Former U.S.S.R.,1983,17.933615963239816,,
Former U.S.S.R.,1984,18.84095715245194,,
Former U.S.S.R.,1985,19.510514271622217,,
Former U.S.S.R.,1986,19.933656228808367,,
Former U.S.S.R.,1987,20.612122205866388,,
Former U.S.S.R.,1988,21.23037824937379,,
Former U.S.S.R.,1989,21.197435246418976,,
Former U.S.S.R.,1990,20.98028209261778,,
Former U.S.S.R.,1991,20.66715951170502,,
Former U.S.S.R.,1992,,,
Former U.S.S.R.,1993,,,
Former U.S.S.R.,1994,,,
Former U.S.S.R.,1995,,,
Former U.S.S.R.,1996,,,
Former U.S.S.R.,1997,,,
Former U.S.S.R.,1998,,,
Former U.S.S.R.,1999,,,
Former U.S.S.R.,2000,,,
Former U.S.S.R.,2001,,,
Former U.S.S.R.,2002,,,
Former U.S.S.R.,2003,,,
Former U.S.S.R.,2004,,,
Former U.S.S.R.,2005,,,
Former U.S.S.R.,2006,,,
Former U.S.S.R.,2007,,,
Former U.S.S.R.,2008,,,
Former U.S.S.R.,2009,,,
Former U.S.S.R.,2010,,,
Former U.S.S.R.,2011,,,
Former U.S.S.R.,2012,,,
Former U.S.S.R.,2013,,,
Former U.S.S.R.,2014,,,
Former U.S.S.R.,2015,,,
Former U.S.S.R.,2016,,,
Former U.S.S.R.,2017,,,
Former U.S.S.R.,2018,,,
Former U.S.S.R.,2019,,,
Former Yugoslavia,1980,0.8183962567796985,,
Former Yugoslavia,1981,0.753711564180822,,
Former Yugoslavia,1982,0.7736045016628753,,
Former Yugoslavia,1983,0.795559033075213,,
Former Yugoslavia,1984,0.9091214143580281,,
Former Yugoslavia,1985,0.9478994578930053,,
Former Yugoslavia,1986,0.9435706830944697,,
Former Yugoslavia,1987,0.9621185354773948,,
Former Yugoslavia,1988,0.9678226333719735,,
Former Yugoslavia,1989,0.9746063766127361,,
Former Yugoslavia,1990,0.9581227605315839,,
Former Yugoslavia,1991,0.8556422482650463,,
Former Yugoslavia,1992,,,
Former Yugoslavia,1993,,,
Former Yugoslavia,1994,,,
Former Yugoslavia,1995,,,
Former Yugoslavia,1996,,,
Former Yugoslavia,1997,,,
Former Yugoslavia,1998,,,
Former Yugoslavia,1999,,,
Former Yugoslavia,2000,,,
Former Yugoslavia,2001,,,
Former Yugoslavia,2002,,,
Former Yugoslavia,2003,,,
Former Yugoslavia,2004,,,
Former Yugoslavia,2005,,,
Former Yugoslavia,2006,,,
Former Yugoslavia,2007,,,
Former Yugoslavia,2008,,,
Former Yugoslavia,2009,,,
Former Yugoslavia,2010,,,
Former Yugoslavia,2011,,,
Former Yugoslavia,2012,,,
Former Yugoslavia,2013,,,
Former Yugoslavia,2014,,,
Former Yugoslavia,2015,,,
Former Yugoslavia,2016,,,
Former Yugoslavia,2017,,,
Former Yugoslavia,2018,,,
Former Yugoslavia,2019,,,
France,1980,2.8815749214171493,55314.19999999999,1448.684
France,1981,2.760717260767844,55625.0,1464.594
France,1982,2.671408470114527,55944.80000000001,1499.671
France,1983,2.700151425394186,56223.0,1519.26
France,1984,2.7672561033889695,56485.48,1544.728
France,1985,2.8276327348195167,56749.30000000001,1569.581
France,1986,2.878554758679826,57020.44999999999,1604.9000000000003
France,1987,2.91793789156192,57306.88,1647.0690000000002
France,1988,2.957681546704413,57610.94999999999,1722.2750000000003
France,1989,3.013980523857404,57924.77,1799.28
France,1990,3.079342196498358,58212.0,1853.78
France,1991,3.2818450901923826,58495.579999999994,1871.277
France,1992,3.314901742401195,58780.52,1899.032
France,1993,3.2961433087134164,59022.4,1888.3589999999997
France,1994,3.2930881720602527,59236.05000000001,1932.4749999999997
France,1995,3.3850951170100676,59444.6,1975.6539999999998
France,1996,3.4995415104908987,59649.85,2003.084
France,1997,3.478275236135243,59856.69999999999,2049.122
France,1998,3.5310617094294208,60074.65,2123.256
France,1999,3.5758330943053216,60400.1,2192.874
France,2000,3.6310034160021303,60816.44999999999,2282.548
France,2001,3.7075775437691667,61257.27,2328.358
France,2002,3.688972112702201,61699.1,2354.448
France,2003,3.7150400663024374,62131.68,2374.295
France,2004,3.776284431884997,62592.65,2435.672
France,2005,3.8134641901094075,63058.32,2477.568
France,2006,3.8217559381199067,63489.30000000001,2542.677
France,2007,3.7533423185176082,63871.4,2604.272
France,2008,3.78255090791424,64221.57,2607.247
France,2009,3.578403513060035,64543.12,2534.655
France,2010,3.6674668191799267,64858.78,2581.237
France,2011,3.6056588345123086,65165.15,2638.983
France,2012,3.5781297800582226,65479.1,2648.838
France,2013,3.6144737047692743,65953.9,2665.117
France,2014,3.4652119868236597,66348.59,2691.1
France,2015,3.478259062825412,66570.8,2719.151
France,2016,3.4329088959864786,66745.53,2747.037
France,2017,3.4342908350593184,66945.05,2814.1200000000003
France,2018,3.4318851045493,67120.85,2865.9149999999995
France,2019,3.386953871820688,67266.75,2918.618
French Guiana,1980,0.00206771709092944,,
French Guiana,1981,0.00181461947839044,,
French Guiana,1982,0.0022270329972086797,,
French Guiana,1983,0.00230951570075488,,
French Guiana,1984,0.0018195910386052,,
French Guiana,1985,0.00181461947839044,,
French Guiana,1986,0.0021262968712,,
French Guiana,1987,0.0024286249258,,
French Guiana,1988,0.00279072568296,,
French Guiana,1989,0.0032093967177999998,,
French Guiana,1990,0.003832941796,,
French Guiana,1991,0.004210197912,,
French Guiana,1992,0.0034729705449600004,,
French Guiana,1993,0.0046313248088,,
French Guiana,1994,0.0046313248088,,
French Guiana,1995,0.0054005550088,,
French Guiana,1996,0.00532320053616,,
French Guiana,1997,0.0054005550088,,
French Guiana,1998,0.0054005550088,,
French Guiana,1999,0.005400556,,
French Guiana,2000,0.0030717156927999997,,
French Guiana,2001,0.005628024840000001,,
French Guiana,2002,0.0052324727544,,
French Guiana,2003,0.006097785343199999,,
French Guiana,2004,0.0060911146143999995,,
French Guiana,2005,0.00609708566239996,,
French Guiana,2006,0.0057162896296,,
French Guiana,2007,0.006215159712,,
French Guiana,2008,0.00634024056999998,,
French Guiana,2009,0.007435456252,,
French Guiana,2010,0.007106928892,,
French Guiana,2011,0.007301152712000001,,
French Guiana,2012,0.006095225728,,
French Guiana,2013,0.00619845421999996,,
French Guiana,2014,0.0065085662439999595,,
French Guiana,2015,0.00647172408,,
French Guiana,2016,0.00667323392,,
French Guiana,2017,0.007083630990805841,,
French Guiana,2018,0.00696094870800584,,
French Guiana,2019,0.0065596694432,,
French Polynesia,1980,0.00124055525702688,,
French Polynesia,1981,0.0018969875004470002,,
French Polynesia,1982,0.00247433152331176,,
French Polynesia,1983,0.0033664368152344797,,
French Polynesia,1984,0.00506244502696856,,
French Polynesia,1985,0.0044225629071152,,
French Polynesia,1986,0.005607530804,,
French Polynesia,1987,0.00566574056,,
French Polynesia,1988,0.0056839377952000005,,
French Polynesia,1989,0.005758195412,,
French Polynesia,1990,0.005450505285,,
French Polynesia,1991,0.0054970772850000005,,
French Polynesia,1992,0.00522333467712,,
French Polynesia,1993,0.005225477977,,
French Polynesia,1994,0.0042215291494,,
French Polynesia,1995,0.0045004705494,,
French Polynesia,1996,0.00446893057856,,
French Polynesia,1997,0.0045282021494,,
French Polynesia,1998,0.0046007693494000005,,
French Polynesia,1999,0.00434074204,,
French Polynesia,2000,0.00486447491224492,,
French Polynesia,2001,0.00533761284569308,,
French Polynesia,2002,0.00567189843216276,,
French Polynesia,2003,0.00613702187854,,
French Polynesia,2004,0.00610037781393916,,
French Polynesia,2005,0.006353397699074401,,
French Polynesia,2006,0.0062835437981204004,,
French Polynesia,2007,0.00665855045891478,,
French Polynesia,2008,0.00677795159496798,,
French Polynesia,2009,0.00673732402388,,
French Polynesia,2010,0.007003913402064001,,
French Polynesia,2011,0.00658928816,,
French Polynesia,2012,0.006371095819135961,,
French Polynesia,2013,0.00628603948128396,,
French Polynesia,2014,0.00623036659666,,
French Polynesia,2015,0.0064830376112,,
French Polynesia,2016,0.0064425381312,,
French Polynesia,2017,0.00627493371505204,,
French Polynesia,2018,0.00639353057462932,,
French Polynesia,2019,0.006439858160000001,,
Gabon,1980,0.01137650860492,726.335,
Gabon,1981,0.01266139208744636,744.695,
Gabon,1982,0.01208944898159412,763.9320000000001,
Gabon,1983,0.01625148434337092,784.056,
Gabon,1984,0.01484553149016336,805.1169999999998,
Gabon,1985,0.012831924888930122,827.107,
Gabon,1986,0.011510121199999999,850.052,
Gabon,1987,0.013318663,873.871,
Gabon,1988,0.014057168880000002,898.4720000000001,14.3271
Gabon,1989,0.017525195799999997,923.714,15.5514
Gabon,1990,0.0172568524,949.493,16.3589
Gabon,1991,0.017741860599999982,975.785,17.3589
Gabon,1992,0.018228073160000004,1002.57,16.8224
Gabon,1993,0.017263865,1029.77,17.4863
Gabon,1994,0.0177212486,1057.25,18.1356
Gabon,1995,0.016603617600000002,1084.95,19.0376
Gabon,1996,0.01731115676,1112.94,19.7277
Gabon,1997,0.018168208999999998,1141.33,20.8598
Gabon,1998,0.017742939,1170.06,21.5852
Gabon,1999,0.0204894688,1199.06,19.6571
Gabon,2000,0.015665023963926362,1228.36,19.287
Gabon,2001,0.016903758723929598,1258.01,19.6988
Gabon,2002,0.0169080327699264,1288.31,19.6497
Gabon,2003,0.0164469095864016,1319.95,20.0913
Gabon,2004,0.01676049182326718,1353.79,20.2299
Gabon,2005,0.01794423008583436,1390.55,20.7713
Gabon,2006,0.018404912033549558,1430.14,20.1883
Gabon,2007,0.0182897392269912,1472.5600000000002,21.4012
Gabon,2008,0.0186663827694192,1518.54,20.6932
Gabon,2009,0.0184666364256072,1568.93,20.7202
Gabon,2010,0.02152016384064,1624.1500000000003,22.1892
Gabon,2011,0.02202434128752,1684.63,23.7628
Gabon,2012,0.02759820922344,1749.68,25.0106
Gabon,2013,0.027884645484960002,1817.07,26.4209
Gabon,2014,0.02911447483584,1883.8,27.5609
Gabon,2015,0.027986825116320002,1947.6899999999998,28.63
Gabon,2016,0.02773544751236,2007.88,29.228799999999996
Gabon,2017,0.027114950506068,2064.81,29.3669
Gabon,2018,0.023866332249212,2118.45,29.614500000000003
Gabon,2019,0.023276612817468,2172.09,30.782799999999998
"Gambia, The",1980,0.0008936480633694399,637.252,
"Gambia, The",1981,0.00089120640199412,657.581,
"Gambia, The",1982,0.00089120640199412,678.111,
"Gambia, The",1983,0.00089120640199412,700.198,
"Gambia, The",1984,0.00097488879469528,725.688,
"Gambia, The",1985,0.0009722251641086799,755.791,
"Gambia, The",1986,0.0008788186322,791.141,
"Gambia, The",1987,0.00106995733248,831.011,
"Gambia, The",1988,0.001072842701592,873.44,2.02427
"Gambia, The",1989,0.00106995733248,915.631,2.09682
"Gambia, The",1990,0.00107503813248,955.5949999999999,2.17215
"Gambia, The",1991,0.00106995733248,992.6709999999999,2.23469
"Gambia, The",1992,0.001072842701592,1027.48,2.31319
"Gambia, The",1993,0.0011550023324800002,1060.86,2.38286
"Gambia, The",1994,0.00133122984398,1094.22,2.38654
"Gambia, The",1995,0.00123169613248,1128.58,2.40759
"Gambia, The",1996,0.001235024621592,1164.09,2.50987
"Gambia, The",1997,0.00123169613248,1200.52,2.52041
"Gambia, The",1998,0.00131447813248,1238.12,2.61252
"Gambia, The",1999,0.001314484168,1277.12,2.79137
"Gambia, The",2000,0.001727371352,1317.71,2.96261
"Gambia, The",2001,0.00188163246799996,1360.07,3.1339799999999998
"Gambia, The",2002,0.001873673976,1404.26,3.14831
"Gambia, The",2003,0.001873673976,1449.93,3.22082
"Gambia, The",2004,0.001977256372,1496.5199999999998,3.5174299999999996
"Gambia, The",2005,0.00199800454,1543.74,3.4347100000000004
"Gambia, The",2006,0.00217105234399996,1591.4399999999998,3.41563
"Gambia, The",2007,0.00225203742799996,1639.8499999999997,3.51958
"Gambia, The",2008,0.002339463864,1689.29,3.73976
"Gambia, The",2009,0.002513489044,1740.28,3.9890400000000006
"Gambia, The",2010,0.002741571966,1793.2,4.22473
"Gambia, The",2011,0.0028820248804000003,1848.14,3.88124
"Gambia, The",2012,0.0028096116984,1905.0199999999998,4.08467
"Gambia, The",2013,0.0027963027439999602,1963.71,4.20202
"Gambia, The",2014,0.00309150500879996,2024.04,4.14288
"Gambia, The",2015,0.00316395556,2085.86,4.311
"Gambia, The",2016,0.00318944768,2149.13,4.39478
"Gambia, The",2017,0.00324422963829804,2213.9,4.60672
"Gambia, The",2018,0.0032660369400538,2281.49,4.96045
"Gambia, The",2019,0.0033306705999999998,2349.08,5.2609
Georgia,1980,,,
Georgia,1981,,,
Georgia,1982,,,
Georgia,1983,,,
Georgia,1984,,,
Georgia,1985,,,
Georgia,1986,,,
Georgia,1987,,,
Georgia,1988,,,
Georgia,1989,,,
Georgia,1990,,,
Georgia,1991,,,
Georgia,1992,0.12857222343877114,5303.92,20.6896
Georgia,1993,0.07935661878113892,5208.95,14.739600000000001
Georgia,1994,0.061167797218704044,5097.13,13.1068
Georgia,1995,0.0604034495910176,4976.25,13.4478
Georgia,1996,0.06351090432275974,4846.63,14.952800000000002
Georgia,1997,0.06542241915343497,4709.6,16.5253
Georgia,1998,0.0662452443803107,4575.4,17.0388
Georgia,1999,0.06426237334674649,4456.65,17.5276
Georgia,2000,0.05485870184407978,4362.18,17.85
Georgia,2001,0.05068096691592232,4296.98,18.7074
Georgia,2002,0.059732267241440914,4258.57,19.732
Georgia,2003,0.053164189964543494,4238.93,22.190299999999997
Georgia,2004,0.054907343557626276,4225.81,23.522900000000003
Georgia,2005,0.062462423231328355,4210.16,25.7774
Georgia,2006,0.05646848995203566,4189.72,28.171000000000003
Georgia,2007,0.07062539338592459,4166.86,31.6923
Georgia,2008,0.07065236820927077,4142.65,32.6269
Georgia,2009,0.07183816678615138,4119.49,31.3664
Georgia,2010,0.07744936749089579,4099.1,35.1407
Georgia,2011,0.07209022841514143,4081.01,37.7591
Georgia,2012,0.07465032583336609,4064.1,40.2734
Georgia,2013,0.08406237371479201,4048.6999999999994,41.749
Georgia,2014,0.08780028445697874,4035.31,43.6801
Georgia,2015,0.09310150704836961,4024.18,45.036
Georgia,2016,0.09840747356320566,4015.4600000000005,46.344
Georgia,2017,0.09784340855985686,4008.72,48.5824
Georgia,2018,0.099798938530726,4002.2100000000005,50.9488
Georgia,2019,0.10117562530236905,3995.69,53.4418
Germany,1980,,,
Germany,1981,,,
Germany,1982,,,
Germany,1983,,,
Germany,1984,,,
Germany,1985,,,
Germany,1986,,,
Germany,1987,,,
Germany,1988,,,
Germany,1989,,,
Germany,1990,,,
Germany,1991,4.985937891245919,79890.7,2863.7090000000003
Germany,1992,4.891280913893071,80286.7,2906.729
Germany,1993,4.861229754908355,80809.67,2877.8259999999996
Germany,1994,4.807348877814565,81084.85,2948.873
Germany,1995,4.908054036421797,81238.2,2996.2980000000002
Germany,1996,4.980858032264734,81413.6,3021.699
Germany,1997,4.904084283588583,81507.67,3077.856
Germany,1998,4.885471365084156,81475.6,3133.356
Germany,1999,4.791651467550099,81417.28,3188.161
Germany,2000,4.7982969901763175,81447.2,3288.035
Germany,2001,4.892460224740288,81487.5,3347.813
Germany,2002,4.821752194899267,81562.38,3342.248
Germany,2003,4.83372338691199,81567.95,3318.614
Germany,2004,4.852629872562666,81493.67,3341.6560000000004
Germany,2005,4.771397411319716,81382.7,3371.653
Germany,2006,4.859206717531404,81239.75,3506.676
Germany,2007,4.673040813702287,81058.12,3615.116
Germany,2008,4.765039391759542,80857.4,3639.832
Germany,2009,4.482314568465978,80586.45,3434.444
Germany,2010,4.722928905650186,80319.83,3573.332
Germany,2011,4.5236977778544905,80288.2,3715.877
Germany,2012,4.574183858424627,80450.3,3738.753
Germany,2013,4.655821549261385,80676.08,3759.386
Germany,2014,4.503269316062318,81036.25,3842.232
Germany,2015,4.55810650172264,81808.88,3890.0310000000004
Germany,2016,4.586366993244913,82391.95,3973.2369999999996
Germany,2017,4.744249949825099,82690.85,4092.01
Germany,2018,4.620047749255321,82934.16,4137.18
Germany,2019,4.511100357031414,83111.4,4182.05
"Germany, East",1980,1.9728385808383069,,
"Germany, East",1981,1.9850299997659866,,
"Germany, East",1982,1.9921401380061274,,
"Germany, East",1983,1.97336497168859,,
"Germany, East",1984,2.0568646971689994,,
"Germany, East",1985,2.0626634735362868,,
"Germany, East",1986,2.053216343999009,,
"Germany, East",1987,1.9925900665589866,,
"Germany, East",1988,1.959923463721096,,
"Germany, East",1989,1.9165676698587362,,
"Germany, East",1990,1.7364276983265958,,
"Germany, East",1991,,,
"Germany, East",1992,,,
"Germany, East",1993,,,
"Germany, East",1994,,,
"Germany, East",1995,,,
"Germany, East",1996,,,
"Germany, East",1997,,,
"Germany, East",1998,,,
"Germany, East",1999,,,
"Germany, East",2000,,,
"Germany, East",2001,,,
"Germany, East",2002,,,
"Germany, East",2003,,,
"Germany, East",2004,,,
"Germany, East",2005,,,
"Germany, East",2006,,,
"Germany, East",2007,,,
"Germany, East",2008,,,
"Germany, East",2009,,,
"Germany, East",2010,,,
"Germany, East",2011,,,
"Germany, East",2012,,,
"Germany, East",2013,,,
"Germany, East",2014,,,
"Germany, East",2015,,,
"Germany, East",2016,,,
"Germany, East",2017,,,
"Germany, East",2018,,,
"Germany, East",2019,,,
"Germany, West",1980,3.8104570796018056,,
"Germany, West",1981,3.645957013831927,,
"Germany, West",1982,3.5839270506945895,,
"Germany, West",1983,3.568331097330084,,
"Germany, West",1984,3.584580863739965,,
"Germany, West",1985,3.7686270901186085,,
"Germany, West",1986,3.8694346158275743,,
"Germany, West",1987,3.903358411686103,,
"Germany, West",1988,3.9297092620569347,,
"Germany, West",1989,3.8349768170953724,,
"Germany, West",1990,3.861941161818557,,
"Germany, West",1991,,,
"Germany, West",1992,,,
"Germany, West",1993,,,
"Germany, West",1994,,,
"Germany, West",1995,,,
"Germany, West",1996,,,
"Germany, West",1997,,,
"Germany, West",1998,,,
"Germany, West",1999,,,
"Germany, West",2000,,,
"Germany, West",2001,,,
"Germany, West",2002,,,
"Germany, West",2003,,,
"Germany, West",2004,,,
"Germany, West",2005,,,
"Germany, West",2006,,,
"Germany, West",2007,,,
"Germany, West",2008,,,
"Germany, West",2009,,,
"Germany, West",2010,,,
"Germany, West",2011,,,
"Germany, West",2012,,,
"Germany, West",2013,,,
"Germany, West",2014,,,
"Germany, West",2015,,,
"Germany, West",2016,,,
"Germany, West",2017,,,
"Germany, West",2018,,,
"Germany, West",2019,,,
Ghana,1980,0.034574072684883675,11056.12,
Ghana,1981,0.033251202843752645,11348.28,
Ghana,1982,0.03316576954556452,11676.82,
Ghana,1983,0.02198693221038464,12033.549999999997,
Ghana,1984,0.020423166541667682,12405.65,
Ghana,1985,0.02371478244638464,12783.6,
Ghana,1986,0.031014018999999997,13164.83,
Ghana,1987,0.034017634000000005,13552.03,
Ghana,1988,0.0372756488,13947.08,35.54897
Ghana,1989,0.0411292324,14353.42,37.35682
Ghana,1990,0.0400653906,14773.28,38.60084
Ghana,1991,0.041624352399999995,15207.35,40.64019
Ghana,1992,0.04527295952,15653.38,42.2166
Ghana,1993,0.044556089,16106.75,44.2637
Ghana,1994,0.0458848506,16561.68,45.7249
Ghana,1995,0.0466562294,17014.1,47.6047
Ghana,1996,0.04930001992,17462.5,49.795899999999996
Ghana,1997,0.0485314538,17908.97,51.885
Ghana,1998,0.0379654932,18357.18,54.3243
Ghana,1999,0.0461293366,18812.35,56.7148
Ghana,2000,0.0568153704869976,19278.85,58.81300000000001
Ghana,2001,0.05714357545164313,19756.93,61.1658
Ghana,2002,0.05230645760678956,20246.38,63.9185
Ghana,2003,0.0478969854091648,20750.33,67.2419
Ghana,2004,0.056580248704603965,21272.35,71.0071
Ghana,2005,0.05814680524565432,21814.62,75.1967
Ghana,2006,0.056566865488644,22379.069999999996,76.4675
Ghana,2007,0.0533839231379288,22963.900000000005,79.9915
Ghana,2008,0.06307737896592872,23563.849999999995,87.28320000000001
Ghana,2009,0.0725507612394264,24170.95,91.40770000000002
Ghana,2010,0.07476258715568472,24779.599999999995,98.6296
Ghana,2011,0.09398884478109196,25387.7,112.5315
Ghana,2012,0.09644968027588313,25996.45,123.5717
Ghana,2013,0.10137997789408124,26607.650000000005,137.9017
Ghana,2014,0.1028726282388919,27224.5,141.743
Ghana,2015,0.11218602624728609,27849.23,144.9064
Ghana,2016,0.11354962508950742,28481.95,149.777
Ghana,2017,0.11354941571327508,29121.45,162.1179
Ghana,2018,0.1280216740608792,29771.97,172.111
Ghana,2019,0.13676796805551836,30422.45,183.3466
Gibraltar,1980,0.0029994597476389597,,
Gibraltar,1981,0.0033538420178541597,,
Gibraltar,1982,0.00299126450242684,,
Gibraltar,1983,0.002356753850401,,
Gibraltar,1984,0.00218142527094452,,
Gibraltar,1985,0.00498544083733312,,
Gibraltar,1986,0.0074012676294000004,,
Gibraltar,1987,0.0075760129999999995,,
Gibraltar,1988,0.00993826152,,
Gibraltar,1989,0.008447844999999999,,
Gibraltar,1990,0.0088082606,,
Gibraltar,1991,0.008998951199999999,,
Gibraltar,1992,0.01607709750608,,
Gibraltar,1993,0.016945808758,,
Gibraltar,1994,0.017037677758,,
Gibraltar,1995,0.017037677758,,
Gibraltar,1996,0.01708415710608,,
Gibraltar,1997,0.017037677758,,
Gibraltar,1998,0.0195655768,,
Gibraltar,1999,0.01712236116,,
Gibraltar,2000,0.047903817072,,
Gibraltar,2001,0.05268489450799996,,
Gibraltar,2002,0.05818510582799996,,
Gibraltar,2003,0.066866602044,,
Gibraltar,2004,0.063831006664,,
Gibraltar,2005,0.07145230703200003,,
Gibraltar,2006,0.06980705618000001,,
Gibraltar,2007,0.07547662761999996,,
Gibraltar,2008,0.07340768850800003,,
Gibraltar,2009,0.07773461670400003,,
Gibraltar,2010,0.075143968848,,
Gibraltar,2011,0.074790381436,,
Gibraltar,2012,0.07544804253999995,,
Gibraltar,2013,0.069483723788,,
Gibraltar,2014,0.06569194424799996,,
Gibraltar,2015,0.06760409632,,
Gibraltar,2016,0.068622,,
Gibraltar,2017,0.07586657868405408,,
Gibraltar,2018,0.07410776324005755,,
Gibraltar,2019,0.07660102368515201,,
Greece,1980,0.29531995688720014,9657.085,219.21259999999998
Greece,1981,0.29209849767475493,9736.48,215.8013
Greece,1982,0.28416135067495757,9797.42,213.3624
Greece,1983,0.28910449499151747,9852.994,211.06180000000003
Greece,1984,0.2958250879163095,9901.725,215.297
Greece,1985,0.3122613520708065,9938.0,220.708
Greece,1986,0.32120697486307453,9971.742,221.84399999999997
Greece,1987,0.34560017870149035,10004.41,216.8374
Greece,1988,0.36677210019013073,10042.25,226.1351
Greece,1989,0.3827540733191789,10097.35,234.72619999999998
Greece,1990,0.39768462744028754,10215.75,234.7265
Greece,1991,0.40425992602667166,10331.72,242.00750000000002
Greece,1992,0.41865570270862607,10407.05,243.6947
Greece,1993,0.42091566744990655,10467.78,239.7975
Greece,1994,0.4341162436216739,10518.7,244.593
Greece,1995,0.4481217010862085,10568.7,248.9596
Greece,1996,0.4674336833662388,10613.92,256.1572
Greece,1997,0.47093176345096044,10669.25,267.915
Greece,1998,0.49929808296047035,10727.33,278.3222
Greece,1999,0.5022776995782667,10765.18,286.5753
Greece,2000,0.5306865823395419,10813.35,298.1674
Greece,2001,0.5396046260845944,10868.67,310.6612
Greece,2002,0.5465175910637564,10905.47,322.9992
Greece,2003,0.576534086937466,10931.15,341.7398
Greece,2004,0.5762420763764172,10958.82,358.1543
Greece,2005,0.579405748559527,10991.65,360.9508
Greece,2006,0.5960104370064686,11024.28,381.0995
Greece,2007,0.6041731238769312,11051.57,393.1899
Greece,2008,0.5944806604277749,11082.08,392.2376
Greece,2009,0.5662524871314638,11110.1,375.3345
Greece,2010,0.5421221544167543,11121.85,354.6039
Greece,2011,0.5282848312348987,11100.299999999997,318.8079
Greece,2012,0.4923742541899217,11034.65,295.7693
Greece,2013,0.4665323544034612,10955.6,288.5719
Greece,2014,0.4498994903199673,10883.8,290.2553
Greece,2015,0.45343835991670006,10811.62,289.2341
Greece,2016,0.44729988526467296,10774.05,287.8636
Greece,2017,0.46667508521234513,10751.3,290.906
Greece,2018,0.4652307018540996,10730.8,295.3399
Greece,2019,0.4632369338976307,10720.85,300.5935
Greenland,1980,0.00312683051399316,50.179,2.50986
Greenland,1981,0.00294973119224192,50.7806,2.52656
Greenland,1982,0.0028654531598018,51.38219999999999,2.41489
Greenland,1983,0.00202267281808352,51.9838,2.49838
Greenland,1984,0.0032113394460050798,52.5854,2.36897
Greenland,1985,0.0028654531598018,53.18699999999999,2.45559
Greenland,1986,0.00190475284,53.6704,2.62987
Greenland,1987,0.00131778904,54.1538,2.77493
Greenland,1988,0.00308355962630136,54.6372,2.93043
Greenland,1989,0.0027187146,55.1206,3.12558
Greenland,1990,0.00310547927999996,55.604000000000006,2.75928
Greenland,1991,0.0030672458,55.64520000000001,2.75615
Greenland,1992,0.0027261138144,55.6864,2.61526
Greenland,1993,0.0027875196000000002,55.7276,2.48377
Greenland,1994,0.002803710416,55.7688,2.63092
Greenland,1995,0.002803710416,55.81,2.72901
Greenland,1996,0.0029713045344,55.8834,2.7707600000000006
Greenland,1997,0.003048231216,55.95680000000001,2.81146
Greenland,1998,0.003048273556,56.0302,3.02957
Greenland,1999,0.0037477388,56.1036,3.07131
Greenland,2000,0.00406208410383996,56.177,3.28943
Greenland,2001,0.0037914179038399604,56.3314,3.33117
Greenland,2002,0.00367038510384,56.485800000000005,3.2988200000000005
Greenland,2003,0.00402338691343996,56.6402,3.44496
Greenland,2004,0.003879789070248,56.7946,3.68289
Greenland,2005,0.00467234746954996,56.94899999999999,3.86657
Greenland,2006,0.00428670605367,56.8868,4.08139
Greenland,2007,0.0048426195588156,56.8246,4.1774
Greenland,2008,0.00430501094887596,56.76239999999999,4.43499
Greenland,2009,0.0047157443485496,56.7002,4.47339
Greenland,2010,0.0059580340647676,56.638,4.55104
Greenland,2011,0.00589000299509516,56.58599999999999,4.52844
Greenland,2012,0.0049137870165048,56.534,4.59158
Greenland,2013,0.00494347074334836,56.482,4.53197
Greenland,2014,0.00462032098118556,56.43,4.74688
Greenland,2015,0.00492264400481996,56.37800000000001,4.62681
Greenland,2016,0.004859055140799999,56.45680000000001,4.84344
Greenland,2017,0.004833718441279,56.53560000000001,4.86613
Greenland,2018,0.004928846112,56.61440000000001,5.02273
Greenland,2019,0.00480670528,56.6932,5.17249
Grenada,1980,0.0002454300974704,89.032,
Grenada,1981,0.00032634603321084,90.61,
Grenada,1982,0.00032634603321084,93.132,
Grenada,1983,0.00032634603321084,96.02,
Grenada,1984,0.00032724013193196,98.472,
Grenada,1985,0.00032634603321084,99.95300000000002,
Grenada,1986,0.00037839006588,100.183,
Grenada,1987,0.0004658552378,99.425,
Grenada,1988,0.00048371857543199996,98.12600000000002,0.698436
Grenada,1989,0.00048259777028,96.932,0.740846
Grenada,1990,0.00071744830408,96.32800000000002,0.7793639999999998
Grenada,1991,0.00071744830408,96.462,0.797265
Grenada,1992,0.000739667601912,97.161,0.794902
Grenada,1993,0.00085030884428,98.234,0.7739189999999999
Grenada,1994,0.00097517000068,99.34499999999998,0.7952280000000002
Grenada,1995,0.0008881492293999999,100.286,0.812163
Grenada,1996,0.000951061248,101.003,0.848208
Grenada,1997,0.00125858495248,101.567,0.89075
Grenada,1998,0.00109140255708,102.02299999999998,0.995444
Grenada,1999,0.001091412688,102.42900000000002,1.06411
Grenada,2000,0.001177681303648,102.837,1.11613
Grenada,2001,0.00122572499988396,103.242,1.09354
Grenada,2002,0.00125949132577196,103.63600000000001,1.13109
Grenada,2003,0.00133232351234396,104.003,1.23817
Grenada,2004,0.00129379762985196,104.346,1.23016
Grenada,2005,0.0013604798358039598,104.658,1.39341
Grenada,2006,0.00140764315122,104.938,1.3378000000000003
Grenada,2007,0.00149438705519996,105.183,1.41972
Grenada,2008,0.0015890176752399998,105.457,1.43319
Grenada,2009,0.0015428189904,105.78699999999999,1.33781
Grenada,2010,0.00160463524311996,106.22700000000002,1.33157
Grenada,2011,0.0016048892127039998,106.786,1.34178
Grenada,2012,0.00163133912172,107.452,1.32462
Grenada,2013,0.00184043091071996,108.17199999999998,1.3572300000000002
Grenada,2014,0.0015708233685599998,108.90000000000002,1.45707
Grenada,2015,0.00161741885384,109.603,1.551
Grenada,2016,0.0016661220864000001,110.26299999999999,1.609
Grenada,2017,0.0018113870564216799,110.87399999999998,1.68042
Grenada,2018,0.00178353560993752,111.42199999999998,1.7500100000000003
Grenada,2019,0.0017825223519999998,111.971,1.78501
Guadeloupe,1980,0.00282341297874484,336.683,
Guadeloupe,1981,0.00394197823046864,336.932,
Guadeloupe,1982,0.00498780918772624,336.612,
Guadeloupe,1983,0.00522915479529728,336.677,
Guadeloupe,1984,0.00572749489946484,338.43,
Guadeloupe,1985,0.00522915479529728,342.737,
Guadeloupe,1986,0.005442855376,350.061,
Guadeloupe,1987,0.006291778336000001,359.911,
Guadeloupe,1988,0.0069263379408,370.913,3.27872
Guadeloupe,1989,0.0076322266,381.13899999999995,3.6688899999999998
Guadeloupe,1990,0.0082480596,389.251,3.30604
Guadeloupe,1991,0.008573522,394.615,3.50142
Guadeloupe,1992,0.008129036400000001,397.692,3.5711
Guadeloupe,1993,0.00925994572,399.37999999999994,6.031589999999999
Guadeloupe,1994,0.00957283668,401.066,6.177980000000001
Guadeloupe,1995,0.00983014176,403.731,6.26325
Guadeloupe,1996,0.00977530256,407.78399999999993,6.58228
Guadeloupe,1997,0.0100082312,412.739,6.83115
Guadeloupe,1998,0.0100284012,417.6209999999999,7.060489999999999
Guadeloupe,1999,0.0100288652,421.035,7.43842
Guadeloupe,2000,0.0119046534932,422.048,7.804010000000001
Guadeloupe,2001,0.01241663493399996,420.248,8.11617
Guadeloupe,2002,0.012768358112,416.132,8.20544
Guadeloupe,2003,0.013253736086,410.868,8.61572
Guadeloupe,2004,0.013017448064399962,406.068,8.69326
Guadeloupe,2005,0.012871835833600001,402.903,9.07576
Guadeloupe,2006,0.01330008993279996,401.809,9.26635
Guadeloupe,2007,0.013830717029599959,402.405,9.50728
Guadeloupe,2008,0.012890270631199999,403.9669999999999,9.61186
Guadeloupe,2009,0.0127634525452,405.444,9.15049
Guadeloupe,2010,0.013573092466000001,406.07300000000004,9.61716
Guadeloupe,2011,0.014838487432,405.643,9.90568
Guadeloupe,2012,0.0112495979192,404.4460000000001,9.96511
Guadeloupe,2013,0.0111567992484,402.826,10.0349
Guadeloupe,2014,0.01093069168919996,401.305,10.1252
Guadeloupe,2015,0.012327231333999999,400.26,10.3176
Guadeloupe,2016,0.0115388106432,399.76,10.2866
Guadeloupe,2017,0.011654594465,399.6789999999999,10.6364
Guadeloupe,2018,0.011732961230600001,399.828,10.795899999999998
Guadeloupe,2019,0.01172975572,399.978,10.8742
Guam,1980,0.01998345265115464,104.133,
Guam,1981,0.027900394273038122,106.485,
Guam,1982,0.02152316129714384,108.906,
Guam,1983,0.020726007174306678,111.402,
Guam,1984,0.007194042953857479,113.961,
Guam,1985,0.00366690896309844,116.572,
Guam,1986,0.00614463137542,119.23200000000001,
Guam,1987,0.00432434626,121.919,
Guam,1988,0.00447459535176,124.673,
Guam,1989,0.0041563718,127.522,
Guam,1990,0.010434813596,130.482,
Guam,1991,0.011704528,133.558,
Guam,1992,0.014073122996448001,136.692,
Guam,1993,0.01866644102534,139.818,
Guam,1994,0.027179705436000002,142.802,
Guam,1995,0.0201878142,145.561,
Guam,1996,0.017897050108391998,148.06,
Guam,1997,0.020387878292,150.303,
Guam,1998,0.0168526924,152.277,
Guam,1999,0.0187335958,153.953,
Guam,2000,0.0190839686586,155.329,
Guam,2001,0.02642275296726,156.401,
Guam,2002,0.018366159279,157.176,3.385
Guam,2003,0.01554896265888284,157.717,3.56
Guam,2004,0.018075720062799998,158.101,3.8570000000000007
Guam,2005,0.02116666700968,158.402,4.197
Guam,2006,0.02232265531683016,158.648,4.213
Guam,2007,0.0161259004330566,158.847,4.375
Guam,2008,0.0101543699778,159.036,4.621
Guam,2009,0.016131730280522,159.226,4.781
Guam,2010,0.014379847337800001,159.444,4.895
Guam,2011,0.012706717381999999,159.692,4.928
Guam,2012,0.013606527525010681,159.996,5.199
Guam,2013,0.01147352587254292,160.407,5.336000000000001
Guam,2014,0.011104119272,161.016,5.538
Guam,2015,0.011798232688,161.853,5.71
Guam,2016,0.01111613545019808,162.951,5.794999999999999
Guam,2017,0.01020036184637288,164.281,5.851
Guam,2018,0.01022809641917288,165.768,5.919999999999999
Guam,2019,0.01022279479997288,167.294,
Guatemala,1980,0.02580966764412464,7283.46,
Guatemala,1981,0.02181083065892544,7466.48,
Guatemala,1982,0.02242150244609344,7654.82,
Guatemala,1983,0.02456782116800492,7847.47,
Guatemala,1984,0.02134481736181808,8042.899999999999,
Guatemala,1985,0.02401632014360492,8240.06,
Guatemala,1986,0.0259766434,8438.6,
Guatemala,1987,0.026144120599999997,8639.11,
Guatemala,1988,0.028665702879999998,8842.57,49.5582
Guatemala,1989,0.029979603799999997,9050.46,51.252100000000006
Guatemala,1990,0.0319953594,9263.82,53.1527
Guatemala,1991,0.0311063678,9483.27,54.7091
Guatemala,1992,0.03424279456,9708.55,57.1295
Guatemala,1993,0.0365860598,9938.7,59.11010000000001
Guatemala,1994,0.0408488052,10172.3,61.1952
Guatemala,1995,0.043706558248,10408.5,63.830000000000005
Guatemala,1996,0.04519851608,10646.7,65.6425
Guatemala,1997,0.048818975364,10887.6,68.2922
Guatemala,1998,0.057412660660410716,11133.5,71.4295
Guatemala,1999,0.06186314985146946,11387.200000000003,74.0668
Guatemala,2000,0.06500899104636272,11650.700000000003,75.8956
Guatemala,2001,0.06775880947963733,11924.9,77.7417
Guatemala,2002,0.06848679027835754,12208.799999999997,80.7264
Guatemala,2003,0.07519538048379257,12500.5,82.7933
Guatemala,2004,0.07096148095802877,12796.9,85.3913
Guatemala,2005,0.07325964055815054,13096.0,88.1887
Guatemala,2006,0.07767081790743277,13397.0,92.9081
Guatemala,2007,0.083263111385833,13700.299999999997,98.79630000000002
Guatemala,2008,0.07732976340178326,14006.4,102.05
Guatemala,2009,0.08119909820805962,14316.200000000003,102.53699999999999
Guatemala,2010,0.08208242243925531,14630.4,105.49399999999999
Guatemala,2011,0.08364332042156453,14948.799999999997,109.887
Guatemala,2012,0.08750966444896746,15270.799999999997,113.156
Guatemala,2013,0.0934394772588523,15595.799999999997,117.337
Guatemala,2014,0.09833040055090496,15923.200000000003,122.551
Guatemala,2015,0.10889544489888207,16252.4,127.56599999999999
Guatemala,2016,0.11940106086276174,16583.1,130.982
Guatemala,2017,0.12916026679508408,16915.0,135.016
Guatemala,2018,0.13260559219025997,17248.5,139.501
Guatemala,2019,0.13650899727480204,17582.0,144.896
Guinea,1980,0.0054397017777854,4871.45,
Guinea,1981,0.00534444687992564,4969.6,
Guinea,1982,0.0054304267292909604,5077.07,
Guinea,1983,0.00554129529696308,5195.44,
Guinea,1984,0.0055581679096522,5326.37,
Guinea,1985,0.0052265748649444,5470.72,
Guinea,1986,0.0063219080294,5629.420000000001,
Guinea,1987,0.006743844668,5801.32,
Guinea,1988,0.00683468184,5982.48,7.69126
Guinea,1989,0.00661383938,6167.48,7.999109999999999
Guinea,1990,0.0087254656,6352.28,8.34504
Guinea,1991,0.006886322055999999,6534.94,8.5631
Guinea,1992,0.007097401120000001,6716.03,8.84322
Guinea,1993,0.007422229800000001,6897.170000000001,9.28929
Guinea,1994,0.007507680399999999,7081.12,9.65808
Guinea,1995,0.0074678185999999995,7269.63,10.1031
Guinea,1996,0.00750480312,7463.78,10.5538
Guinea,1997,0.0079209576,7662.07,11.100699999999998
Guinea,1998,0.008093547199999999,7860.77,11.5052
Guinea,1999,0.008440702,8054.75,11.943800000000001
Guinea,2000,0.010618937048,8240.74,12.2428
Guinea,2001,0.011634511168,8417.08,12.6907
Guinea,2002,0.01212156994799996,8586.08,13.3461
Guinea,2003,0.01177703747199996,8753.1,13.5127
Guinea,2004,0.012735260356,8925.73,13.828899999999999
Guinea,2005,0.01287090387999996,9109.58,14.2434
Guinea,2006,0.01308761743599996,9307.42,14.412799999999999
Guinea,2007,0.013893821800000001,9518.16,15.3954
Guinea,2008,0.01402946080983998,9738.8,16.0317
Guinea,2009,0.014726779334,9964.47,15.8517
Guinea,2010,0.01685502726023996,10192.2,16.6147
Guinea,2011,0.01716950450408,10420.5,17.5472
Guinea,2012,0.01665629695128,10652.0,18.5851
Guinea,2013,0.014818485663919962,10892.8,19.3185
Guinea,2014,0.01531514448159996,11151.0,20.0326
Guinea,2015,0.018584911039999978,11432.1,20.799
Guinea,2016,0.020937268672,11738.4,23.0496
Guinea,2017,0.02107091462768536,12067.5,25.4237
Guinea,2018,0.01922785050357296,12422.6,27.0403
Guinea,2019,0.02112212148,12777.700000000003,28.566999999999997
Guinea-Bissau,1980,0.0004889365391173601,781.678,1.1676
Guinea-Bissau,1981,0.00048760064693396,799.775,1.3797299999999997
Guinea-Bissau,1982,0.00048760064693396,817.872,1.43768
Guinea-Bissau,1983,0.00048760064693396,835.969,1.38882
Guinea-Bissau,1984,0.00065191538556496,854.0660000000001,1.5153299999999998
Guinea-Bissau,1985,0.00073140097040096,872.163,1.57847
Guinea-Bissau,1986,0.0006291104813999999,892.783,1.56594
Guinea-Bissau,1987,0.0010857241090000001,913.404,1.61135
Guinea-Bissau,1988,0.00124841588376,934.024,1.6854699999999998
Guinea-Bissau,1989,0.0012627331366,954.645,1.78829
Guinea-Bissau,1990,0.0015440159044,975.265,1.8973699999999998
Guinea-Bissau,1991,0.0015440159044,997.982,1.99414
Guinea-Bissau,1992,0.0016402333480799998,1020.7000000000002,2.01607
Guinea-Bissau,1993,0.0017971799044,1043.42,2.05841
Guinea-Bissau,1994,0.0017971799044,1066.13,2.12428
Guinea-Bissau,1995,0.0017971799044,1088.85,2.21775
Guinea-Bissau,1996,0.0017251453480800001,1111.34,2.47501
Guinea-Bissau,1997,0.0017971799044,1133.83,2.63588
Guinea-Bissau,1998,0.0017971799044,1156.32,1.8952
Guinea-Bissau,1999,0.0017971804000000001,1178.81,1.9146399999999997
Guinea-Bissau,2000,0.00136050819008,1201.31,2.01854
Guinea-Bissau,2001,0.00138551782011996,1230.03,2.06273
Guinea-Bissau,2002,0.00141544214639996,1258.76,2.0424
Guinea-Bissau,2003,0.0016455966511199599,1287.48,2.05402
Guinea-Bissau,2004,0.00170265008528,1316.21,2.11074
Guinea-Bissau,2005,0.00172458145471996,1344.93,2.20078
Guinea-Bissau,2006,0.00176389462416,1380.46,2.25161
Guinea-Bissau,2007,0.0018741260416000002,1416.0,2.32507
Guinea-Bissau,2008,0.00182524109303996,1451.53,2.39956
Guinea-Bissau,2009,0.0018910466961599998,1487.07,2.4804
Guinea-Bissau,2010,0.00194061293392,1522.5999999999997,2.59477
Guinea-Bissau,2011,0.0019690637971999997,1565.5199999999998,2.8045500000000003
Guinea-Bissau,2012,0.00200782452768,1608.4399999999998,2.75652
Guinea-Bissau,2013,0.002055289536,1651.36,2.84627
Guinea-Bissau,2014,0.002159470898,1694.29,2.87372
Guinea-Bissau,2015,0.0022337947999999603,1737.21,3.0499999999999994
Guinea-Bissau,2016,0.00232561408,1783.36,3.2410200000000002
Guinea-Bissau,2017,0.00188228264151312,1829.5199999999998,3.43286
Guinea-Bissau,2018,0.00189114650001192,1875.68,3.47693
Guinea-Bissau,2019,0.0018909865599999998,1921.84,3.63339
Guyana,1980,0.008329083632075001,780.1529999999999,
Guyana,1981,0.01016654763471448,781.734,
Guyana,1982,0.0078837802722358,781.2490000000001,
Guyana,1983,0.00703844216338464,778.953,
Guyana,1984,0.00790529437876476,775.217,
Guyana,1985,0.00805286028988216,770.439,
Guyana,1986,0.007650735784,764.447,
Guyana,1987,0.005815049188,757.451,
Guyana,1988,0.0057475381328,750.641,2.35354
Guyana,1989,0.0038666316040000003,745.581,2.23717
Guyana,1990,0.0037212286040000002,743.306,2.1692
Guyana,1991,0.004385985256,744.477,2.29902
Guyana,1992,0.0048708208528,748.596,2.47906
Guyana,1993,0.0062141575172,754.141,2.6826899999999996
Guyana,1994,0.006211520717200001,758.8960000000001,2.9113400000000005
Guyana,1995,0.0052740484,761.2980000000001,3.05651
Guyana,1996,0.0057471651999999995,760.801,3.29747
Guyana,1997,0.006114983604,757.975,3.5028
Guyana,1998,0.007906760804,753.7779999999999,3.44296
Guyana,1999,0.0094916056,749.676,3.5452099999999995
Guyana,2000,0.00945996158263836,746.718,3.4964
Guyana,2001,0.00924597452174876,745.206,3.8790600000000004
Guyana,2002,0.00935245572248716,744.7890000000001,4.25314
Guyana,2003,0.0096359087303448,745.1420000000002,4.5684
Guyana,2004,0.00940759973211676,745.737,5.12013
Guyana,2005,0.00849133942437716,746.156,5.44678
Guyana,2006,0.0075991817158035605,746.335,6.213080000000001
Guyana,2007,0.0094029503242,746.477,6.65988
Guyana,2008,0.0089399442977244,746.815,6.77678
Guyana,2009,0.009206723485352,747.718,7.02152
Guyana,2010,0.009771136031781601,749.43,7.3121
Guyana,2011,0.01015422555152156,752.029,7.692060000000001
Guyana,2012,0.011499781388832,755.388,8.09792
Guyana,2013,0.0112132598104,759.281,8.39376
Guyana,2014,0.011204191243999979,763.371,8.53532
Guyana,2015,0.01146725464,767.433,8.594
Guyana,2016,0.012864756799999998,771.3629999999999,8.92121
Guyana,2017,0.01273968257880884,775.218,9.25437
Guyana,2018,0.012931123874021238,778.998,9.66535
Guyana,2019,0.015219863680000001,782.779,10.1827
Haiti,1980,0.006454684064652059,5643.170000000001,
Haiti,1981,0.00486106396210394,5773.37,
Haiti,1982,0.00586987586082886,5910.22,
Haiti,1983,0.00518682603067204,6051.62,
Haiti,1984,0.0052627987773007,6194.69,
Haiti,1985,0.0060574583257231,6337.27,
Haiti,1986,0.00609717235404984,6478.54,
Haiti,1987,0.008870635671005999,6618.740000000001,
Haiti,1988,0.00938606222796216,6758.22,25.9315
Haiti,1989,0.00873293267702492,6897.75,25.569
Haiti,1990,0.00560877296608768,7037.920000000001,25.694599999999998
Haiti,1991,0.0056754196497678395,7178.61,25.0607
Haiti,1992,0.0061353556812725595,7319.490000000001,24.4642
Haiti,1993,0.004643235,7460.68,23.546499999999998
Haiti,1994,0.0039725368,7602.32,20.9835
Haiti,1995,0.0062202298,7744.509999999999,23.090500000000002
Haiti,1996,0.00722715568,7887.31,23.9663
Haiti,1997,0.00875113382,8030.72,24.664200000000005
Haiti,1998,0.0085984666,8174.68,25.159499999999998
Haiti,1999,0.0093089098,8319.07,25.8773
Haiti,2000,0.00954010041999996,8463.8,26.0304
Haiti,2001,0.01037878013199996,8608.81,25.774199999999997
Haiti,2002,0.011368096716,8754.15,25.765200000000004
Haiti,2003,0.01051736220799996,8900.11,25.850399999999997
Haiti,2004,0.01211155225199996,9047.08,24.9075
Haiti,2005,0.01263317863999996,9195.29,25.3843
Haiti,2006,0.01293159033999998,9344.78,25.929099999999995
Haiti,2007,0.013946678835999959,9495.34,26.8061
Haiti,2008,0.014051278036,9646.57,27.045599999999997
Haiti,2009,0.013357677576,9798.05,27.8747
Haiti,2010,0.012391817119999959,9949.32,26.333700000000004
Haiti,2011,0.013027223336,10100.3,27.791
Haiti,2012,0.014322958260038399,10250.9,28.5882
Haiti,2013,0.015070537076000002,10400.7,29.791299999999996
Haiti,2014,0.016240503232,10549.0,30.6369
Haiti,2015,0.018521563292000002,10695.5,31.002
Haiti,2016,0.019228152512,10840.0,31.4576
Haiti,2017,0.01908650071520988,10982.4,31.8198
Haiti,2018,0.019923253977064202,11122.4,32.2939
Haiti,2019,0.017887217599999998,11262.5,31.908
Hawaiian Trade Zone,1980,0.03825692640003916,,
Hawaiian Trade Zone,1981,0.04408721694338228,,
Hawaiian Trade Zone,1982,0.04069589256399084,,
Hawaiian Trade Zone,1983,0.03815239927872756,,
Hawaiian Trade Zone,1984,0.04590831168000112,,
Hawaiian Trade Zone,1985,0.0441720000537736,,
Hawaiian Trade Zone,1986,0.025858848400000002,,
Hawaiian Trade Zone,1987,,,
Hawaiian Trade Zone,1988,,,
Hawaiian Trade Zone,1989,,,
Hawaiian Trade Zone,1990,,,
Hawaiian Trade Zone,1991,,,
Hawaiian Trade Zone,1992,,,
Hawaiian Trade Zone,1993,,,
Hawaiian Trade Zone,1994,,,
Hawaiian Trade Zone,1995,,,
Hawaiian Trade Zone,1996,,,
Hawaiian Trade Zone,1997,,,
Hawaiian Trade Zone,1998,,,
Hawaiian Trade Zone,1999,,,
Hawaiian Trade Zone,2000,,,
Hawaiian Trade Zone,2001,,,
Hawaiian Trade Zone,2002,,,
Hawaiian Trade Zone,2003,,,
Hawaiian Trade Zone,2004,,,
Hawaiian Trade Zone,2005,,,
Hawaiian Trade Zone,2006,,,
Hawaiian Trade Zone,2007,,,
Hawaiian Trade Zone,2008,,,
Hawaiian Trade Zone,2009,,,
Hawaiian Trade Zone,2010,,,
Hawaiian Trade Zone,2011,,,
Hawaiian Trade Zone,2012,,,
Hawaiian Trade Zone,2013,,,
Hawaiian Trade Zone,2014,,,
Hawaiian Trade Zone,2015,,,
Hawaiian Trade Zone,2016,,,
Hawaiian Trade Zone,2017,,,
Hawaiian Trade Zone,2018,,,
Hawaiian Trade Zone,2019,,,
Honduras,1980,0.013175995108339519,3678.27,
Honduras,1981,0.012544829663019518,3792.92,
Honduras,1982,0.01264969876940352,3910.64,
Honduras,1983,0.013437783362580119,4031.33,
Honduras,1984,0.01358587889238752,4154.86,
Honduras,1985,0.01273636360261152,4281.17,
Honduras,1986,0.015023571999999999,4410.27,
Honduras,1987,0.014487370199999999,4542.22,
Honduras,1988,0.01821587432,4677.02,17.1267
Honduras,1989,0.0210460232,4814.7,17.8164
Honduras,1990,0.023592317199999997,4955.3,17.8264
Honduras,1991,0.02356183595921188,5098.59,18.4434
Honduras,1992,0.02431531095604004,5244.68,19.4961
Honduras,1993,0.02424916828641016,5394.42,20.6559
Honduras,1994,0.024233737176347116,5548.97,20.4142
Honduras,1995,0.02619955599028153,5709.009999999999,21.2449
Honduras,1996,0.029309469784538873,5874.81,21.9956
Honduras,1997,0.0300958852187158,6045.7,23.1086
Honduras,1998,0.03229428419513909,6220.399999999999,23.7824
Honduras,1999,0.03460228522996673,6397.14,23.3189
Honduras,2000,0.03327549627975747,6574.509999999999,24.6611
Honduras,2001,0.036275431519531866,6751.91,25.332800000000002
Honduras,2002,0.03661922362555363,6929.27,26.2837
Honduras,2003,0.04017734671765864,7106.32,27.4789
Honduras,2004,0.04275632510786089,7282.95,29.1914
Honduras,2005,0.04381610321514351,7458.98,30.957800000000002
Honduras,2006,0.042153607282730314,7634.29,32.9908
Honduras,2007,0.05221655253207615,7808.52,35.0323
Honduras,2008,0.05172574232262567,7980.96,36.5148
Honduras,2009,0.049022353778282436,8150.78,35.627
Honduras,2010,0.052369421810771546,8317.47,36.9561
Honduras,2011,0.05308935585987508,8480.67,38.3737
Honduras,2012,0.0569868276263281,8640.69,39.958
Honduras,2013,0.05754871624749138,8798.52,41.0735
Honduras,2014,0.060330083442571056,8955.58,42.3295
Honduras,2015,0.06695944769686017,9112.9,43.955000000000005
Honduras,2016,0.06476298835532812,9270.79,45.6662
Honduras,2017,0.0687610791739769,9429.02,47.8777
Honduras,2018,0.07659087519099438,9587.55,49.7186
Honduras,2019,0.07719026916333718,9746.08,51.0377
Hong Kong,1980,0.10602170637276809,4881.245,84.5737
Hong Kong,1981,0.10978476866452942,4978.248,92.3483
Hong Kong,1982,0.11703156505225018,5062.058,95.01391
Hong Kong,1983,0.13220287547381984,5139.123,100.72880000000002
Hong Kong,1984,0.14089223138743157,5215.87,110.80400000000002
Hong Kong,1985,0.14584455207743713,5298.045,111.59610000000002
Hong Kong,1986,0.1596820061166689,5386.457,123.9876
Hong Kong,1987,0.1775844212590584,5477.223000000001,140.5962
Hong Kong,1988,0.19177723661272955,5567.704999999999,152.563
Hong Kong,1989,0.1972470158090663,5655.373,156.037
Hong Kong,1990,0.2124907324727417,5737.292,162.014
Hong Kong,1991,0.2229218600533501,5810.308,171.2519
Hong Kong,1992,0.24539770955555246,5876.697,181.9295
Hong Kong,1993,0.26287683193754285,5942.43,193.2111
Hong Kong,1994,0.261749348174473,6013.490000000001,204.8735
Hong Kong,1995,0.27142663012658547,6096.535,209.7367
Hong Kong,1996,0.2748678835225574,6198.134999999999,218.66819999999998
Hong Kong,1997,0.2723047428649545,6313.163,229.8196
Hong Kong,1998,0.28629116430294366,6429.100000000001,216.3002
Hong Kong,1999,0.36348312848292363,6533.172,221.72210000000004
Hong Kong,2000,0.3438548232447631,6613.47,238.7137
Hong Kong,2001,0.34803815170598723,6665.905,240.0527
Hong Kong,2002,0.3614723326013205,6698.812000000001,244.0295
Hong Kong,2003,0.37460610015758034,6721.670000000001,251.48760000000001
Hong Kong,2004,0.41737872442389773,6744.112,273.3672
Hong Kong,2005,0.41008666414097467,6774.22,293.564
Hong Kong,2006,0.4334059939460987,6811.177,314.2092
Hong Kong,2007,0.4623545718065988,6849.723000000001,334.5222
Hong Kong,2008,0.434547313315779,6889.454999999999,341.6407
Hong Kong,2009,0.5018730003511076,6930.173,333.2392
Hong Kong,2010,0.5359209294509097,6971.465,355.7917
Hong Kong,2011,0.5037242031182685,7012.422,372.922
Hong Kong,2012,0.4751088048906344,7053.417,379.2625
Hong Kong,2013,0.48358489664390436,7096.073,391.0257
Hong Kong,2014,0.4678910753730955,7142.022,401.8279
Hong Kong,2015,0.5102771069788179,7193.092,411.4221
Hong Kong,2016,0.5220964627698202,7251.075,420.34739999999994
Hong Kong,2017,0.5347292165800613,7314.575,436.28399999999993
Hong Kong,2018,0.5372078446154183,7380.163,448.702
Hong Kong,2019,0.5121942714612941,7444.312000000001,441.164
Hungary,1980,0.3896442621874355,10711.54,
Hungary,1981,0.38492877034446743,10711.61,
Hungary,1982,0.3832625497273583,10704.19,
Hungary,1983,0.38939748650190403,10686.79,
Hungary,1984,0.3784524122985837,,
Hungary,1985,0.4011851796395043,,
Hungary,1986,0.4012943006034238,,
Hungary,1987,0.40863964305313477,,
Hungary,1988,0.40139493064129755,,
Hungary,1989,0.40296120920771245,,
Hungary,1990,0.3805253860271887,,
Hungary,1991,0.37145170411775136,10373.47,165.7778
Hungary,1992,0.33777870587378583,10368.25,160.6981
Hungary,1993,0.34493545679106075,10355.65,159.7723
Hungary,1994,0.34336423532758037,10341.7,164.481
Hungary,1995,0.3466197010313224,10327.03,167.1648
Hungary,1996,0.3572615285165433,10308.7,167.2296
Hungary,1997,0.3494605791627545,10287.8,172.54640000000003
Hungary,1998,0.3478722542918022,10263.3,179.1938
Hungary,1999,0.34618755069563867,10233.55,184.5031
Hungary,2000,0.3371087986986528,10208.3,193.0997
Hungary,2001,0.3484928457544172,10184.38,201.0554
Hungary,2002,0.3472219927977241,10154.55,210.5766
Hungary,2003,0.35533441583733305,10126.35,218.97619999999998
Hungary,2004,0.357776979048515,10104.73,229.58039999999997
Hungary,2005,0.38359939175349617,10084.45,239.5644
Hungary,2006,0.37928514949898945,10070.1,249.414
Hungary,2007,0.36825752744614776,10053.2,250.2025
Hungary,2008,0.36647110034750363,10036.4,252.3456
Hungary,2009,0.3403215001968225,10020.58,235.7071
Hungary,2010,0.34716023380935185,9996.447,238.13070000000002
Hungary,2011,0.3374790680375015,9952.096,242.5841
Hungary,2012,0.31633097590509723,9917.47,239.876
Hungary,2013,0.3072874938075029,9889.152,244.3122
Hungary,2014,0.31290739615671675,9863.745,254.3981
Hungary,2015,0.3271140828606069,9839.895,263.6871
Hungary,2016,0.33200802866067214,9809.904,269.3232
Hungary,2017,0.3472310717281663,9785.567,281.278
Hungary,2018,0.35332674647346823,9774.862,296.4575
Hungary,2019,0.3524364425525243,9770.737,309.9521
Iceland,1980,0.02259110680939284,228.256,
Iceland,1981,0.02251282522671364,230.665,
Iceland,1982,0.023083186549800218,233.273,
Iceland,1983,0.025135314771822303,236.021,
Iceland,1984,0.026444405943999,238.818,
Iceland,1985,0.026238569699743818,241.587,
Iceland,1986,0.027325393434590277,244.335,
Iceland,1987,0.02818140095484964,247.057,
Iceland,1988,0.029819313094542638,249.755,8.23798
Iceland,1989,0.03081853120852492,252.424,8.25927
Iceland,1990,0.030866580855939317,255.044,8.35585
Iceland,1991,0.030194059421352403,257.616,8.33717
Iceland,1992,0.0307144091968976,260.155,8.05589
Iceland,1993,0.03180487613928577,262.65,8.1617
Iceland,1994,0.0339210793116023,265.14,8.45624
Iceland,1995,0.03336930458739314,267.627,8.49897
Iceland,1996,0.03547152016143314,270.144,8.88713
Iceland,1997,0.03675036254746436,272.709,9.40005
Iceland,1998,0.0399747139957477,275.294,10.0922
Iceland,1999,0.043617595792784916,277.868,10.4994
Iceland,2000,0.04649019900206176,280.439,11.022799999999998
Iceland,2001,0.04758267746545758,282.91,11.465200000000001
Iceland,2002,0.048984176878591655,285.329,11.5293
Iceland,2003,0.049090591893989836,287.955,11.7764
Iceland,2004,0.0500388986201347,291.102,12.6952
Iceland,2005,0.05035130964125169,294.976,13.472699999999998
Iceland,2006,0.05555881991007479,299.727,14.3238
Iceland,2007,0.06366497449139615,305.181,15.534799999999999
Iceland,2008,0.0796331820846058,310.855,15.878099999999998
Iceland,2009,0.07924030088225928,316.057,14.6612
Iceland,2010,0.07988381097865686,320.342,14.2459
Iceland,2011,0.0797962641468789,323.471,14.5088
Iceland,2012,0.07982831309621605,325.642,14.663199999999998
Iceland,2013,0.08273746914393544,327.194,15.3307
Iceland,2014,0.08218169308735496,328.592,15.5893
Iceland,2015,0.08514034400707829,330.237,16.281
Iceland,2016,0.08469241004399342,332.209,17.3073
Iceland,2017,0.08950039385710924,334.395,18.0333
Iceland,2018,0.09283313699967177,336.68,18.9156
Iceland,2019,0.08704058645364701,338.965,19.3761
India,1980,1.251049096096231,701000.0,927.043
India,1981,1.4013821835889726,717476.0,984.482
India,1982,1.4522400635511035,734411.8000000002,1025.8
India,1983,1.532983213961682,751664.1999999998,1089.97
India,1984,1.6648218254955056,769083.5,1139.54
India,1985,1.7502565078389238,786550.8000000002,1196.734
India,1986,1.8932937298853634,804105.0,1255.149
India,1987,1.9855161537332575,821821.1999999998,1308.184
India,1988,2.1965459312325026,839658.5,1414.7169999999999
India,1989,2.3153591474507653,857573.1999999998,1510.762
India,1990,2.4734372573134413,875527.8000000002,1597.188
India,1991,2.595223813662001,893522.1999999998,1630.6719999999998
India,1992,2.7270152956373725,911582.0,1703.2840000000003
India,1993,2.8303417401368063,929714.5,1784.5379999999998
India,1994,3.032702679052877,947923.8000000002,1895.428
India,1995,3.214897625284607,966227.8000000002,2036.366
India,1996,3.3583505550814063,984674.5,2188.784
India,1997,3.5332759649798127,1003247.0,2292.613
India,1998,3.5769280096401093,1021865.0,2427.431
India,1999,3.8056324541753734,1040430.0,2627.076
India,2000,4.069061001484275,1058878.0,2779.8969999999995
India,2001,4.140135714995301,1077255.0,2876.447
India,2002,4.333176903447725,1095608.0,3008.865
India,2003,4.489611979573875,1113860.0,3202.748
India,2004,4.866677895196088,1131952.0,3452.769
India,2005,5.143396763513118,1149840.0,3726.928
India,2006,5.573885974991618,1167620.0,4031.061
India,2007,6.033449646391677,1185305.0,4352.62
India,2008,6.3699148373217485,1202750.0,4575.84
India,2009,6.932723792533299,1219795.0,4786.62
India,2010,7.400461313166248,1236285.0,5222.79
India,2011,7.704576584617469,1252185.0,5583.16
India,2012,8.090036601193914,1267588.0,5867.04
India,2013,8.28923427879031,1282610.0,6227.73
India,2014,8.878734083483238,1297372.0,6663.899999999999
India,2015,9.06019405393687,1311968.0,7163.88
India,2016,9.366651517787796,1326362.0,7807.69
India,2017,9.821150078666001,1340510.0,8281.53
India,2018,10.399334892363221,1354425.0,8884.45
India,2019,10.594246499764255,1368140.0,9310.29
Indonesia,1980,0.46285480714437555,147882.0,417.96
Indonesia,1981,0.5037627455853539,151365.8,449.049
Indonesia,1982,0.5180247221463508,154904.2,447.23600000000005
Indonesia,1983,0.547995182861728,158453.2,486.922
Indonesia,1984,0.5817901501762701,161966.5,523.802
Indonesia,1985,0.6197177870680634,165405.0,544.261
Indonesia,1986,0.6582200679219923,168770.8,583.385
Indonesia,1987,0.6910131588355349,172089.2,621.726
Indonesia,1988,0.7476297560172358,175366.20000000004,665.116
Indonesia,1989,0.8385333723097921,178605.5,725.5390000000001
Indonesia,1990,0.9241634567656956,181811.5,790.852
Indonesia,1991,1.0295927546462873,184984.79999999996,861.4630000000001
Indonesia,1992,1.06327551773129,188121.5,917.6529999999999
Indonesia,1993,1.127604497853472,191222.0,990.66
Indonesia,1994,1.1951491330648691,194285.5,1065.356
Indonesia,1995,1.2574392877155791,197307.20000000004,1152.93
Indonesia,1996,1.3591202339713475,200272.79999999996,1243.066
Indonesia,1997,1.4351541827654757,203186.0,1301.489
Indonesia,1998,1.3728163320962643,206074.20000000004,1130.644
Indonesia,1999,1.5228028696665015,208965.0,1139.591
Indonesia,2000,1.660513535118954,211881.0,1196.328
Indonesia,2001,1.5930532476891628,214810.5,1239.914
Indonesia,2002,1.6366190868891963,217741.0,1295.705
Indonesia,2003,1.6825462617293556,220685.20000000004,1357.644
Indonesia,2004,1.7551345290024405,223658.20000000004,1425.945
Indonesia,2005,1.8300446395065901,226670.20000000004,1507.1179999999997
Indonesia,2006,1.8916037007813447,229717.20000000004,1590.023
Indonesia,2007,2.0646851070862637,232791.79999999996,1690.911
Indonesia,2008,2.159323887208917,235900.0,1816.745
Indonesia,2009,2.2620954376892244,239046.20000000004,1902.164
Indonesia,2010,2.47460918097632,242242.5,2023.478
Indonesia,2011,2.4373481322952237,245521.5,2148.321
Indonesia,2012,2.520533718262692,248871.5,2277.866
Indonesia,2013,2.580484898014464,252235.20000000004,2404.454
Indonesia,2014,2.6689328945078916,255553.79999999996,2524.837
Indonesia,2015,2.678851316305902,258777.5,2647.955
Indonesia,2016,2.7150494532150002,261915.0,2781.229
Indonesia,2017,2.802144628242975,264997.0,2922.233
Indonesia,2018,3.0884510725758436,268021.5,3073.436
Indonesia,2019,3.217095718556778,270984.0,3227.667
Iran,1980,0.640905302796043,38650.2,
Iran,1981,0.597936959695225,40199.9,
Iran,1982,0.6912626992875777,41869.2,
Iran,1983,0.8412095416630118,43636.8,
Iran,1984,0.8917344819222718,45472.80000000001,
Iran,1985,0.9632249628025831,47347.19999999999,
Iran,1986,0.9691721865851433,49260.30000000001,
Iran,1987,1.012682813762755,51193.80000000001,
Iran,1988,1.0809422860434632,53077.30000000001,388.32199999999995
Iran,1989,1.186794317149229,54822.0,412.31200000000007
Iran,1990,1.2046851072048546,56366.19999999999,468.749
Iran,1991,1.2890789834343677,57679.0,527.785
Iran,1992,1.3414469168724572,58780.4,550.222
Iran,1993,1.3895651720276618,59723.80000000001,541.552
Iran,1994,1.4683720916067515,60590.6,539.653
Iran,1995,1.5261914475963978,61442.69999999999,553.968
Iran,1996,1.564886848888362,62294.9,593.305
Iran,1997,1.7700515899401896,63136.30000000001,613.387
Iran,1998,1.8317120552390462,63971.80000000001,630.197
Iran,1999,1.843693671506364,64800.9,642.384
Iran,2000,2.0579580494826906,65623.4,675.422
Iran,2001,2.2301409533792675,66449.1,700.206
Iran,2002,2.3654890383621203,67284.8,757.341
Iran,2003,2.46075240357748,68123.0,818.3740000000001
Iran,2004,2.5685115222199344,68951.3,868.025
Iran,2005,2.938107799914696,69762.3,895.714
Iran,2006,3.098162760065475,70554.8,940.498
Iran,2007,3.2072411249221497,71336.5,1017.2000000000002
Iran,2008,3.26035644785784,72120.6,1019.75
Iran,2009,3.6454765638143543,72924.8,1030.03
Iran,2010,3.6129921760581984,73762.5,1089.75
Iran,2011,3.0759742264410854,74635.0,1118.58
Iran,2012,3.2044584100801816,75539.9,1035.31
Iran,2013,3.2724046425348448,76482.0,1033.3
Iran,2014,3.4722401961744853,77465.8,1080.86
Iran,2015,3.551791781435551,78492.2,1066.59
Iran,2016,3.6257564457099067,79564.0,1209.47
Iran,2017,3.794573974511105,80673.9,1254.89
Iran,2018,3.962584212456394,81780.2,1179.27
Iran,2019,4.021099466538399,82886.6,1099.27
Iraq,1980,0.21174930436556227,13653.299999999997,
Iraq,1981,0.19241171767777518,14044.1,
Iraq,1982,0.18493356630007607,14432.5,
Iraq,1983,0.22022902800794517,14815.700000000003,
Iraq,1984,0.21323456412909986,15190.4,
Iraq,1985,0.22907358117849794,15555.799999999997,
Iraq,1986,0.24836280560000001,15909.799999999997,
Iraq,1987,0.2549555024,16257.1,
Iraq,1988,0.3068512792,16612.3,158.42
Iraq,1989,0.3299034112,16994.9,144.367
Iraq,1990,0.3660286678153847,17419.1,144.392
Iraq,1991,0.2396623448,17889.5,48.9201
Iraq,1992,0.3348175632,18402.7,61.4604
Iraq,1993,0.38491297680000003,18955.1,91.3129
Iraq,1994,0.44021143760000003,19539.3,87.0963
Iraq,1995,0.4508120792,20149.3,71.1484
Iraq,1996,0.44936992727999997,20783.1,106.46499999999999
Iraq,1997,0.4153162021,21439.6,129.763
Iraq,1998,0.4208503255,22114.3,174.995
Iraq,1999,0.42830640356,22802.099999999995,205.763
Iraq,2000,0.403494104572,23497.599999999995,208.657
Iraq,2001,0.4090684274479999,24208.2,213.467
Iraq,2002,0.4163104489799997,24931.900000000005,198.73799999999997
Iraq,2003,0.3274148167799996,25644.5,132.953
Iraq,2004,0.40527802367599974,26313.8,204.95899999999997
Iraq,2005,0.4394743498520003,26922.3,208.39199999999997
Iraq,2006,0.431000337468,27448.099999999995,220.14199999999997
Iraq,2007,0.39418059842521286,27911.2,224.30000000000004
Iraq,2008,0.43895528301200015,28385.7,242.755
Iraq,2009,0.5256971407211306,28973.2,250.95899999999997
Iraq,2010,0.54343277917248,29742.0,267.026
Iraq,2011,0.5605636262153599,30725.3,287.177
Iraq,2012,0.650618532812,31890.0,327.2
Iraq,2013,0.691396389638,33157.1,352.15899999999993
Iraq,2014,0.6654026802099999,34411.9,352.853
Iraq,2015,0.573922793844,35572.3,369.519
Iraq,2016,0.7073388871953716,36610.6,420.46600000000007
Iraq,2017,0.9458459114783997,37552.8,404.622
Iraq,2018,1.0511465737299996,38433.6,408.077
Iraq,2019,0.9933469525436396,39309.8,426.2169999999999
Ireland,1980,0.1292685527723271,3417.8000000000006,62.5879
Ireland,1981,0.12531791862420877,3458.0500000000006,64.3224
Ireland,1982,0.12421626673148585,3488.9499999999994,65.1726
Ireland,1983,0.11960258544910926,3513.65,65.2571
Ireland,1984,0.12165599140004316,3534.83,67.6662
Ireland,1985,0.12435541522149492,3537.09,71.6615
Ireland,1986,0.1345045240325538,3541.083,71.9078
Ireland,1987,0.13425596089200323,3538.7549999999997,75.0923
Ireland,1988,0.131266995794576,3522.475,78.4536
Ireland,1989,0.1383826035715311,3510.0,83.3363
Ireland,1990,0.14667137017805637,3515.725,94.5027
Ireland,1991,0.15236196347265935,3537.5500000000006,96.36389000000001
Ireland,1992,0.15191040152239849,3561.1649999999995,99.6497
Ireland,1993,0.15863870007225503,3577.982,102.2219
Ireland,1994,0.16555337498403533,3592.195,107.9011
Ireland,1995,0.1695629404261674,3611.645,114.0684
Ireland,1996,0.18144730059276568,3641.872,122.1295
Ireland,1997,0.19178099044682637,3678.975,135.1292
Ireland,1998,0.20716626977435224,3717.525,147.1232
Ireland,1999,0.2227903414964635,3760.48,161.9568
Ireland,2000,0.2393272058795482,3812.0749999999994,175.9648
Ireland,2001,0.2487662780263474,3874.605,186.0536
Ireland,2002,0.24738545246526536,3940.007,196.9929
Ireland,2003,0.245156908725111,4004.605,203.97580000000002
Ireland,2004,0.25544858924075975,4080.615,217.0422
Ireland,2005,0.266249400882597,4171.975,229.7989
Ireland,2006,0.27532969807739677,4290.635,241.44950000000003
Ireland,2007,0.2706398890422673,4413.647,254.2776
Ireland,2008,0.27189379679237335,4497.485,242.6387
Ireland,2009,0.24577403131912984,4538.89,230.2931
Ireland,2010,0.2527559982984022,4562.835,233.25300000000001
Ireland,2011,0.23603799401913808,4582.385,235.3872
Ireland,2012,0.2304320225128919,4602.095,235.0413
Ireland,2013,0.2293358894770742,4627.322,238.77
Ireland,2014,0.22799072965861514,4662.713,258.9746
Ireland,2015,0.23947981275462288,4708.04,324.6486
Ireland,2016,0.24846297122997604,4762.595,332.2856
Ireland,2017,0.2537337578050724,4813.138,362.7181
Ireland,2018,0.2647792909071641,4876.547,395.9716
Ireland,2019,0.2642389338125361,4941.865,416.234
Israel,1980,0.1421958008,3700.92,
Israel,1981,0.1443614272,3770.69,
Israel,1982,0.15052587201035328,3838.11,
Israel,1983,0.1477361503470203,3903.9499999999994,
Israel,1984,0.13487023614933918,3969.18,
Israel,1985,0.1425927951466204,4035.06,
Israel,1986,0.15396876724437336,4100.54,
Israel,1987,0.1691399278208243,4167.13,
Israel,1988,0.17799221199320242,4241.79,95.3427
Israel,1989,0.18373897073635345,4333.58,96.6956
Israel,1990,0.18938372317443314,4448.35,103.11
Israel,1991,0.19342926805635705,4589.31,109.394
Israel,1992,0.20292507527029535,4752.83,117.221
Israel,1993,0.22552818975952263,4929.41,121.641
Israel,1994,0.23987286412912373,5105.57,130.169
Israel,1995,0.2575375671119612,5271.37,138.743
Israel,1996,0.2639582309878336,5424.24,147.103
Israel,1997,0.27782030184715,5566.55,152.904
Israel,1998,0.28169766593201395,5699.28,159.294
Israel,1999,0.2859689457076081,5824.94,165.017
Israel,2000,0.3116366127661834,5945.95,179.876
Israel,2001,0.30858571507834565,6060.68,179.593
Israel,2002,0.3270983452172223,6169.31,179.26699999999997
Israel,2003,0.33685768338737526,6278.37,181.306
Israel,2004,0.3409569172186008,6396.509999999999,190.14700000000002
Israel,2005,0.3270821335484533,6529.47,198.03599999999997
Israel,2006,0.33824753195005564,6680.64,209.12800000000001
Israel,2007,0.3527095018369625,6847.149999999999,221.991
Israel,2008,0.3447847028544347,7020.829999999999,229.711
Israel,2009,0.3493479622304295,7190.04,232.119
Israel,2010,0.3757313280699848,7346.45,244.943
Israel,2011,0.37136524603678644,7487.100000000001,258.865
Israel,2012,0.40029847337951496,7614.95,266.26
Israel,2013,0.3682389231278888,7734.829999999999,278.969
Israel,2014,0.3886939936538147,7854.22,291.139
Israel,2015,0.40522213940011137,7978.5,297.227
Israel,2016,0.41322749768964584,8108.98,310.491
Israel,2017,0.4177838647740627,8243.85,324.046
Israel,2018,0.39559120579671264,8381.08,337.37
Israel,2019,0.38600624577440346,8518.31,349.752
Italy,1980,2.0667927295973976,56445.25,1511.416
Italy,1981,2.0207348571333283,56507.30000000001,1525.335
Italy,1982,1.9752321504367514,56548.43,1530.3010000000002
Italy,1983,1.9465717699143976,56564.35,1551.205
Italy,1984,1.9977153290231906,56579.6,1601.001
Italy,1985,2.004125925399746,56594.25,1646.46
Italy,1986,2.0388608263948655,56595.75,1695.3730000000003
Italy,1987,2.1090830628636996,56603.77,1745.515
Italy,1988,2.599710013341176,56634.25,1820.568
Italy,1989,2.670655754127626,56677.44999999999,1883.836
Italy,1990,2.690175670797346,56725.44999999999,1920.606
Italy,1991,2.751047173685235,56762.1,1931.42
Italy,1992,2.7542980650394773,56803.12,1944.929
Italy,1993,2.7357660296758235,56834.44999999999,1928.24
Italy,1994,2.713654992542458,56843.65,1972.232
Italy,1995,2.832099049262801,56844.28,2030.6320000000003
Italy,1996,2.849605138081846,56864.30000000001,2056.81
Italy,1997,2.8839605558202313,56893.9,2096.844
Italy,1998,2.9658999247261058,56907.32,2131.309
Italy,1999,3.012161203026464,56918.1,2164.817
Italy,2000,3.033259982824343,56946.75,2252.735
Italy,2001,3.0571427479633035,56977.44999999999,2292.69
Italy,2002,3.067561843612712,57076.9,2298.409
Italy,2003,3.166746554776384,57358.9,2303.581
Italy,2004,3.233090092735618,57732.68,2331.661
Italy,2005,3.2536408582178042,57993.18,2355.074
Italy,2006,3.235603708962839,58163.93,2399.391
Italy,2007,3.1907831441974883,58491.94999999999,2431.583
Italy,2008,3.1693502793980395,58870.19999999999,2408.105
Italy,2009,2.9519251848140353,59119.079999999994,2280.071
Italy,2010,3.0741717989579143,59299.25,2318.157
Italy,2011,3.013007702092611,59383.12,2337.802
Italy,2012,2.897758925369231,59576.1,2267.34
Italy,2013,2.7705817616839346,60371.12,2225.186
Italy,2014,2.681341169210131,60790.75,2226.789
Italy,2015,2.7118017685061124,60714.35,2241.422
Italy,2016,2.689921057050115,60617.98,2272.895
Italy,2017,2.714657670300104,60523.52,2312.33
Italy,2018,2.73113086429744,60406.23,2330.868
Italy,2019,2.689345543909419,59910.75,2340.371
Jamaica,1980,0.0464204650804824,2162.84,
Jamaica,1981,0.040275758961684484,2196.92,
Jamaica,1982,0.03432261540989088,2234.06,
Jamaica,1983,0.03611912298183684,2271.74,
Jamaica,1984,0.030742639960829,2306.37,
Jamaica,1985,0.027178692526818638,2335.51,
Jamaica,1986,0.026997593800000004,2358.17,
Jamaica,1987,0.0296718294,2375.4,
Jamaica,1988,0.03351368416,2389.42,17.9489
Jamaica,1989,0.03897514499252164,2403.46,19.1764
Jamaica,1990,0.0407893194644844,2419.9,20.2231
Jamaica,1991,0.04257530128247508,2439.33,20.3999
Jamaica,1992,0.0460520984126148,2461.05,22.5073
Jamaica,1993,0.04674720121051232,2484.58,22.950100000000003
Jamaica,1994,0.04820394944649371,2509.04,23.1549
Jamaica,1995,0.05373774301051234,2533.71,23.393199999999997
Jamaica,1996,0.05538283164859618,2558.63,23.4666
Jamaica,1997,0.05783594439462412,2583.91,23.2356
Jamaica,1998,0.059137199122661396,2608.87,22.950599999999998
Jamaica,1999,0.06056044830467072,2632.68,23.1776
Jamaica,2000,0.058977391671724576,2654.7,23.3378
Jamaica,2001,0.05984046539864096,2674.71,23.6367
Jamaica,2002,0.05957438352341417,2692.84,23.7962
Jamaica,2003,0.062086657406111,2709.44,24.6687
Jamaica,2004,0.06073768098038512,2725.02,24.9953
Jamaica,2005,0.06262883877910808,2740.0,25.2187
Jamaica,2006,0.07154515328603725,2754.41,25.9498
Jamaica,2007,0.07287054155898008,2768.23,26.3245
Jamaica,2008,0.061971737746677504,2781.8700000000003,26.1109
Jamaica,2009,0.048722764946163885,2795.84,24.976199999999995
Jamaica,2010,0.04476216216632134,2810.4600000000005,24.6123
Jamaica,2011,0.04742262191368578,2825.93,25.0382
Jamaica,2012,0.04442639994359364,2842.1299999999997,24.8845
Jamaica,2013,0.048328611353227205,2858.7100000000005,25.0134
Jamaica,2014,0.0476086998712615,2875.14,25.1859
Jamaica,2015,0.049090822433971656,2891.02,25.417999999999996
Jamaica,2016,0.050801815167014694,2906.24,25.7676
Jamaica,2017,0.045901484256515655,2920.85,26.0245
Jamaica,2018,0.047331080268282665,2934.2899999999995,26.5163
Jamaica,2019,0.05860020443571262,2947.72,26.7529
Japan,1980,5.26963502030183,117799.5,2642.627
Japan,1981,5.26340376548267,118711.8,2754.9230000000002
Japan,1982,5.090618774774957,119580.8,2846.733
Japan,1983,5.0189931861742,120398.0,2946.68
Japan,1984,5.3468678992610945,121156.8,3081.735
Japan,1985,5.356931546760694,121850.2,3240.303
Japan,1986,5.392284030005247,122479.0,3348.992
Japan,1987,5.52973273060228,123047.8,3505.4420000000005
Japan,1988,5.870586811758933,123565.8,3746.9149999999995
Japan,1989,6.049482040296056,124045.0,3926.244
Japan,1990,6.4861227641226735,124494.0,4119.38
Japan,1991,6.646596248463524,124918.5,4259.98
Japan,1992,6.674675505805841,125318.5,4298.71
Japan,1993,6.765454136179547,125692.8,4274.14
Japan,1994,7.009615732605115,126037.0,4315.77
Japan,1995,7.232619316507034,126349.0,4428.85
Japan,1996,7.368043383664873,126629.5,4568.53
Japan,1997,7.493421376062874,126881.2,4614.78
Japan,1998,7.346602193603959,127109.5,4553.94
Japan,1999,7.491668742184058,127321.0,4542.75
Japan,2000,7.510988299085899,127519.7,4666.29
Japan,2001,7.448409330316328,127708.8,4684.88
Japan,2002,7.390591788503187,127886.2,4685.12
Japan,2003,7.4422947618037165,128049.0,4758.91
Japan,2004,7.541238100855002,128192.8,4861.39
Japan,2005,7.587266029392737,128313.8,4950.11
Japan,2006,7.641980902112313,128410.5,5016.69
Japan,2007,7.583836478060365,128481.2,5090.8
Japan,2008,7.239222441571368,128525.2,5027.35
Japan,2009,6.922594541653935,128541.2,4741.98
Japan,2010,7.292739470935554,128527.5,4936.47
Japan,2011,7.069656430754912,128483.5,4938.21
Japan,2012,6.905958711665708,128407.5,5005.87
Japan,2013,6.904272607023388,128297.0,5108.11
Japan,2014,6.715341190212295,128150.5,5119.15
Japan,2015,6.580414464163091,127966.8,5200.87
Japan,2016,6.564390078510624,127744.8,5238.49
Japan,2017,6.470038375248357,127483.8,5327.88
Japan,2018,6.43082773275759,127182.8,5357.39
Japan,2019,6.32789076710347,126840.2,5359.05
Jordan,1980,0.031129817514119317,2378.0,
Jordan,1981,0.0369180969781968,2464.87,
Jordan,1982,0.0419523829316526,2563.52,
Jordan,1983,0.04446952590661724,2671.41,
Jordan,1984,0.04711539948220056,2784.4600000000005,
Jordan,1985,0.04863473859960288,2900.0500000000006,
Jordan,1986,0.051825327600000005,3015.2899999999995,
Jordan,1987,0.0558029176,3131.8000000000006,
Jordan,1988,0.052362054479999996,3256.5500000000006,
Jordan,1989,0.0539325394,3399.33,
Jordan,1990,0.0575368564,3565.89,
Jordan,1991,0.054547759200000004,3760.49,
Jordan,1992,0.06428944736,3977.67,29.9149
Jordan,1993,0.0635993502,4201.56,31.2178
Jordan,1994,0.07308742600980722,4410.36,32.7791
Jordan,1995,0.07661174697897663,4588.84,34.7307
Jordan,1996,0.08233611539335689,4732.85,35.3933
Jordan,1997,0.0795751629077372,4848.54,36.7189
Jordan,1998,0.08510490157610456,4943.98,37.8967
Jordan,1999,0.08598349151000916,5031.75,39.1227
Jordan,2000,0.09054440296380731,5122.5,40.7663
Jordan,2001,0.08696620076892805,5217.33,42.799
Jordan,2002,0.09120679820024599,5317.51,45.6204
Jordan,2003,0.09959587464411679,5434.04,47.4366
Jordan,2004,0.10820142222244108,5580.240000000001,51.37879999999999
Jordan,2005,0.1174750438418521,5765.64,55.0884
Jordan,2006,0.12146387932944949,5991.55,60.648
Jordan,2007,0.1168136773522986,6255.29,65.7261
Jordan,2008,0.11253130970928024,6556.47,70.7264
Jordan,2009,0.11702765299503697,6893.259999999999,75.0958
Jordan,2010,0.12180758957951784,7261.54,76.7606
Jordan,2011,0.12755098776632917,7662.86,78.7076
Jordan,2012,0.13535247963226932,8089.96,80.8453
Jordan,2013,0.1345872446821743,8518.99,83.1388
Jordan,2014,0.1383451676508985,8918.82,85.72269999999999
Jordan,2015,0.14909075680387077,9266.57,87.705
Jordan,2016,0.15918794865714025,9554.29,89.335
Jordan,2017,0.16474984291655087,9785.84,91.1995
Jordan,2018,0.1609454526244885,9924.94,92.9634
Jordan,2019,0.15833025604808845,10064.0,94.7813
Kazakhstan,1980,,,
Kazakhstan,1981,,,
Kazakhstan,1982,,,
Kazakhstan,1983,,,
Kazakhstan,1984,,,
Kazakhstan,1985,,,
Kazakhstan,1986,,,
Kazakhstan,1987,,,
Kazakhstan,1988,,,
Kazakhstan,1989,,,
Kazakhstan,1990,,,
Kazakhstan,1991,,,
Kazakhstan,1992,1.4820190507859718,16302.799999999997,176.731
Kazakhstan,1993,1.2251863908812557,16181.200000000003,160.471
Kazakhstan,1994,1.0806917605369677,16022.200000000003,141.271
Kazakhstan,1995,0.8848584408254627,15839.4,129.767
Kazakhstan,1996,0.8500785314071685,15631.9,130.67
Kazakhstan,1997,0.7697584982039373,15406.0,132.539
Kazakhstan,1998,0.7304185987123987,15190.200000000003,130.701
Kazakhstan,1999,0.6577872064855764,15020.6,133.287
Kazakhstan,2000,0.8681597102526984,14922.700000000003,146.306
Kazakhstan,2001,0.8742303368309772,14910.200000000003,165.994
Kazakhstan,2002,0.9280413481189177,14976.200000000003,182.226
Kazakhstan,2003,0.908145380268147,15100.0,199.05499999999998
Kazakhstan,2004,1.0439893939128972,15250.0,218.112
Kazakhstan,2005,1.037638225677958,15402.799999999997,239.184
Kazakhstan,2006,1.0880359206539922,15551.299999999997,264.753
Kazakhstan,2007,1.2886066380538903,15702.1,288.388
Kazakhstan,2008,1.4673145957385096,15862.1,298.104
Kazakhstan,2009,1.1933515080742678,16043.0,301.327
Kazakhstan,2010,1.277616396106291,16252.299999999997,323.45
Kazakhstan,2011,1.3970093657462384,16490.7,347.67800000000005
Kazakhstan,2012,1.378400823920187,16751.5,365.13100000000003
Kazakhstan,2013,1.387698009715168,17026.1,386.57199999999995
Kazakhstan,2014,1.3181451626346739,17302.6,403.088
Kazakhstan,2015,1.3320225523623215,17572.0,407.416
Kazakhstan,2016,1.3490933206723044,17830.9,411.05300000000005
Kazakhstan,2017,1.3304350746708675,18080.0,427.33200000000005
Kazakhstan,2018,1.3589695150835464,18312.2,444.868
Kazakhstan,2019,1.3410902110886815,18544.5,464.79
Kenya,1980,0.040109601171450196,16417.18,51.728
Kenya,1981,0.04030211892639708,17063.9,53.68
Kenya,1982,0.04028467834335348,17736.32,54.4887
Kenya,1983,0.03950595158661698,18431.75,55.2021
Kenya,1984,0.03910942813791348,19146.43,56.170899999999996
Kenya,1985,0.04114630731629496,19877.08,58.5866
Kenya,1986,0.04319908179811806,20622.55,62.791599999999995
Kenya,1987,0.03963216731304762,21382.12,66.5196
Kenya,1988,0.045071220128019916,22153.67,70.646
Kenya,1989,0.0486298709986589,22935.099999999995,73.9595
Kenya,1990,0.04904498543515318,23724.569999999996,77.06
Kenya,1991,0.045481954255255766,24521.73,78.1684
Kenya,1992,0.04925087845785918,25326.099999999995,77.5434
Kenya,1993,0.05080708789734112,26136.23,77.8173
Kenya,1994,0.05192320682471204,26950.53,79.8661
Kenya,1995,0.05516542421934005,27768.28,83.385
Kenya,1996,0.05771926759569514,28589.47,85.88889999999999
Kenya,1997,0.0536574721229812,29415.650000000005,86.1209
Kenya,1998,0.05912573202162685,30250.5,89.0107
Kenya,1999,0.05610745878580094,31098.78,90.8847
Kenya,2000,0.06229367528642982,31964.53,91.3503
Kenya,2001,0.0634228504115226,32848.58,95.4216
Kenya,2002,0.06399129605598436,33751.77,95.95291000000002
Kenya,2003,0.06087808476496572,34678.77,98.7788
Kenya,2004,0.06544963904734,35635.27,103.8193
Kenya,2005,0.07113839059429075,36624.92,109.9446
Kenya,2006,0.07804024206606734,37649.02,116.8881
Kenya,2007,0.07861146514962376,38705.95,124.8958
Kenya,2008,0.07759398947285959,39792.0,125.18599999999999
Kenya,2009,0.08475651764329932,40901.77,129.705
Kenya,2010,0.09201818882658742,42030.7,140.1486
Kenya,2011,0.09510690797461699,43178.25,147.331
Kenya,2012,0.09378752357150329,44343.48,154.0848
Kenya,2013,0.09922418144302302,45519.97,159.9692
Kenya,2014,0.10643600368353653,46700.07,167.9999
Kenya,2015,0.1219060501916391,47878.32,176.3537
Kenya,2016,0.12661031106571966,49051.52,183.79550000000003
Kenya,2017,0.12906239361162006,50221.170000000006,190.7884
Kenya,2018,0.14087442411355044,51404.53,201.4822
Kenya,2019,0.13268889607282516,52587.9,211.4738
Kiribati,1980,0.00016960331758864,,
Kiribati,1981,0.00016913992054608,,
Kiribati,1982,0.00016913992054608,,
Kiribati,1983,0.00016913992054608,,
Kiribati,1984,8.480165879432e-05,,
Kiribati,1985,8.456996027304e-05,,
Kiribati,1986,8.75045379e-05,,
Kiribati,1987,0.00010302525040000001,,
Kiribati,1988,0.00010325770608,69.032,0.136654
Kiribati,1989,0.00010302525040000001,70.713,0.124958
Kiribati,1990,0.00010302525040000001,72.394,0.127624
Kiribati,1991,0.00010414179999999999,73.4584,0.135649
Kiribati,1992,0.00010325770608,74.5228,0.135902
Kiribati,1993,0.00010302525040000001,75.5872,0.13669
Kiribati,1994,0.00010302525040000001,76.6516,0.138485
Kiribati,1995,0.00010302525040000001,77.716,0.137598
Kiribati,1996,0.00010325770608,79.0538,0.141736
Kiribati,1997,0.00010302525040000001,80.3916,0.145078
Kiribati,1998,0.00010302525040000001,81.7294,0.155614
Kiribati,1999,0.00010303024,83.0672,0.151322
Kiribati,2000,0.00019849022679996,84.405,0.169539
Kiribati,2001,0.00016936906279996,85.9878,0.16147
Kiribati,2002,0.00024823006002000004,87.5706,0.161944
Kiribati,2003,0.00025807318522,89.15339999999999,0.168714
Kiribati,2004,0.00027642033099596,90.7362,0.165871
Kiribati,2005,0.0003622065624,92.319,0.174084
Kiribati,2006,0.00040290785920000003,94.4412,0.173998
Kiribati,2007,0.00036784179310039996,96.5634,0.177539
Kiribati,2008,0.0004120140684,98.68559999999998,0.173826
Kiribati,2009,0.00035968006359999997,100.808,0.175222
Kiribati,2010,0.00035821369199999997,102.93,0.173602
Kiribati,2011,0.0003308008584,104.529,0.17637099999999997
Kiribati,2012,0.000326775044,106.129,0.184571
Kiribati,2013,0.00033053294391996,107.728,0.192468
Kiribati,2014,0.00033280777719996,109.32800000000002,0.191303
Kiribati,2015,0.0003589940552,110.927,0.211
Kiribati,2016,0.0003852094336,112.63100000000001,0.213406
Kiribati,2017,0.0004344577524,114.335,0.223827
Kiribati,2018,0.0004372317792,116.038,0.229004
Kiribati,2019,0.0004396387792,117.742,0.234263
Kosovo,1980,,,
Kosovo,1981,,,
Kosovo,1982,,,
Kosovo,1983,,,
Kosovo,1984,,,
Kosovo,1985,,,
Kosovo,1986,,,
Kosovo,1987,,,
Kosovo,1988,,,
Kosovo,1989,,,
Kosovo,1990,,,
Kosovo,1991,,,
Kosovo,1992,,,
Kosovo,1993,,,
Kosovo,1994,,,
Kosovo,1995,,,
Kosovo,1996,,,
Kosovo,1997,,,
Kosovo,1998,,,
Kosovo,1999,,,
Kosovo,2000,,,
Kosovo,2001,,,
Kosovo,2002,,,
Kosovo,2003,,,
Kosovo,2004,,,
Kosovo,2005,,,
Kosovo,2006,,,
Kosovo,2007,,,
Kosovo,2008,0.033365039391312364,1747.38,13.6875
Kosovo,2009,0.037533312975998316,1761.47,14.1803
Kosovo,2010,0.0372044053621017,1775.68,14.648199999999997
Kosovo,2011,0.03741118554856018,1791.0,15.2928
Kosovo,2012,0.03722240998910058,1807.11,15.7209
Kosovo,2013,0.035615811704654235,1818.12,16.2555
Kosovo,2014,0.0329962657673928,1812.7699999999998,16.4505
Kosovo,2015,0.037748213765214256,1788.2,17.125
Kosovo,2016,0.0391804710118448,1777.5600000000002,17.8271
Kosovo,2017,0.03508434746496926,1791.0,18.5759
Kosovo,2018,0.035844788840047284,1797.08,19.2817
Kosovo,2019,0.03682379330056042,1794.25,20.2266
Kuwait,1980,0.19267192341977074,1368.68,
Kuwait,1981,0.14063046885050184,1439.33,
Kuwait,1982,0.14233306314259925,1507.64,
Kuwait,1983,0.15664074886910256,1576.97,
Kuwait,1984,0.1627427359467626,1652.1500000000003,
Kuwait,1985,0.16163895457785196,1735.28,
Kuwait,1986,0.180784382,1832.3,
Kuwait,1987,0.214680452,1938.92,
Kuwait,1988,0.24827436719999998,2034.8499999999997,59.6724
Kuwait,1989,0.27766727599999996,2092.79,75.1913
Kuwait,1990,0.16285694688545566,2095.35,55.551700000000004
Kuwait,1991,0.08611268,2031.3,32.3893
Kuwait,1992,0.1401045324,1912.43,59.8152
Kuwait,1993,0.1900837756,1772.61,79.9787
Kuwait,1994,0.228387714,1659.3,86.87259999999999
Kuwait,1995,0.235810646,1605.91,88.04270000000001
Kuwait,1996,0.25021628394,1626.86,88.6579
Kuwait,1997,0.31946723494,1710.26,90.8578
Kuwait,1998,0.338204112,1831.12,94.0372
Kuwait,1999,0.36718287808,1951.64,92.4859
Kuwait,2000,0.32980538878799226,2045.12,96.8575
Kuwait,2001,0.3367829421483487,2103.27,97.0641
Kuwait,2002,0.35568705188027483,2136.99,99.98989999999999
Kuwait,2003,0.38559887678399557,2161.63,117.31400000000001
Kuwait,2004,0.4011981149001363,2200.5,129.328
Kuwait,2005,0.46835711123099044,2270.2,143.048
Kuwait,2006,0.46502583969623856,2373.66,153.798
Kuwait,2007,0.4942780906945007,2504.03,163.013
Kuwait,2008,0.5304781605217918,2656.01,167.055
Kuwait,2009,0.5687945940670628,2821.0399999999995,155.234
Kuwait,2010,0.5605443207108816,2991.8799999999997,151.554
Kuwait,2011,0.5871605597492752,3168.0500000000006,166.146
Kuwait,2012,0.602950841848341,3348.85,177.15600000000003
Kuwait,2013,0.6181449259288898,3526.3799999999997,179.191
Kuwait,2014,0.630839517194363,3690.94,180.08900000000003
Kuwait,2015,0.670450318514535,3835.59,181.157
Kuwait,2016,0.6784718273884379,3956.86,186.457
Kuwait,2017,0.6485334029570595,4056.1,177.67099999999996
Kuwait,2018,0.6577753300970709,4127.59,181.996
Kuwait,2019,0.6428161982681839,4199.08,180.991
Kyrgyzstan,1980,,,
Kyrgyzstan,1981,,,
Kyrgyzstan,1982,,,
Kyrgyzstan,1983,,,
Kyrgyzstan,1984,,,
Kyrgyzstan,1985,,,
Kyrgyzstan,1986,,,
Kyrgyzstan,1987,,,
Kyrgyzstan,1988,,,
Kyrgyzstan,1989,,,
Kyrgyzstan,1990,,,
Kyrgyzstan,1991,,,
Kyrgyzstan,1992,0.11292509641142676,4454.19,16.5333
Kyrgyzstan,1993,0.0989074282902368,4483.84,13.269600000000002
Kyrgyzstan,1994,0.08750095254660306,4518.81,10.6164
Kyrgyzstan,1995,0.07453149322845805,4566.1,10.0024
Kyrgyzstan,1996,0.09280330101130871,4629.4,10.7052
Kyrgyzstan,1997,0.08751490768994984,4705.65,11.7491
Kyrgyzstan,1998,0.08782933187784388,4786.77,12.0055
Kyrgyzstan,1999,0.09448385161838138,4861.12,12.460100000000002
Kyrgyzstan,2000,0.09549392266244501,4920.71,13.1323
Kyrgyzstan,2001,0.09061028477651137,4962.84,13.847299999999999
Kyrgyzstan,2002,0.07737021063182253,4991.48,13.8346
Kyrgyzstan,2003,0.0817628644022266,5013.54,14.8166
Kyrgyzstan,2004,0.0834522305515383,5039.0,15.8517
Kyrgyzstan,2005,0.07857523157626241,5075.34,15.8198
Kyrgyzstan,2006,0.08007457961142274,5124.38,16.3221
Kyrgyzstan,2007,0.08787758244622942,5184.38,17.7049
Kyrgyzstan,2008,0.08390252029826699,5254.97,19.189
Kyrgyzstan,2009,0.08471230641784577,5334.71,19.7704
Kyrgyzstan,2010,0.0811048006285886,5422.3,19.6597
Kyrgyzstan,2011,0.09233043437216201,5517.93,20.8276
Kyrgyzstan,2012,0.10445132148714839,5621.579999999999,20.9515
Kyrgyzstan,2013,0.09808691382568824,5731.31,23.235200000000003
Kyrgyzstan,2014,0.09980902649094348,5844.52,24.164599999999997
Kyrgyzstan,2015,0.08958857923073485,5959.13,25.107
Kyrgyzstan,2016,0.09143814998697733,6074.329999999999,26.1866
Kyrgyzstan,2017,0.09470170830486536,6189.73,27.4174
Kyrgyzstan,2018,0.09939713194285688,6301.21,28.4592
Kyrgyzstan,2019,0.08997428751182533,6412.7,29.7684
Laos,1980,0.00518442409072,3258.15,
Laos,1981,0.0044946260212720005,3323.35,
Laos,1982,0.0046107953467118,3401.19,
Laos,1983,0.0043043214983200006,3489.91,
Laos,1984,0.0038495353751334402,3586.31,
Laos,1985,0.00370677768,3687.89,
Laos,1986,0.0038219766,3794.1999999999994,
Laos,1987,0.0030195730000000002,3905.53,
Laos,1988,0.00284138024,4020.82,6.47244
Laos,1989,0.0036074344,4138.85,7.39092
Laos,1990,0.004071461870029843,4258.47,7.88645
Laos,1991,0.00443172698338304,4379.23,8.22529
Laos,1992,0.00442053585008952,4500.35,8.68261
Laos,1993,0.0045475409934726,4619.95,9.19598
Laos,1994,0.004522969176855679,4735.84,9.94628
Laos,1995,0.00535434620356212,4846.48,10.6456
Laos,1996,0.00610578470271172,4951.19,11.3832
Laos,1997,0.00618699904264908,5050.31,12.1655
Laos,1998,0.007876879166586439,5144.6,12.6481
Laos,1999,0.0093119059945238,5235.34,13.5723
Laos,2000,0.01546775390879474,5323.7,14.3593
Laos,2001,0.01643734549723736,5409.58,15.1851
Laos,2002,0.0163481745857662,5493.25,16.0839
Laos,2003,0.01593942136962104,5576.64,17.0597
Laos,2004,0.01653367889792028,5662.2,18.1443
Laos,2005,0.01911783954691986,5751.670000000001,19.4339
Laos,2006,0.02164720145310612,5846.079999999999,21.109
Laos,2007,0.02123699262306284,5944.95,22.7126
Laos,2008,0.02406250433968098,6046.63,24.489899999999995
Laos,2009,0.025257786507702364,6148.62,26.327
Laos,2010,0.03992236133702762,6249.170000000001,28.5719
Laos,2011,0.05251960341905444,6347.56,30.8687
Laos,2012,0.05476360195434353,6444.53,33.3463
Laos,2013,0.06456766175232767,6541.3,36.0227
Laos,2014,0.06562451769855879,6639.759999999999,38.7648
Laos,2015,0.09639502541545232,6741.16,41.583
Laos,2016,0.16396208723164116,6845.850000000001,44.5033
Laos,2017,0.1656658957559038,6953.03,47.57070000000001
Laos,2018,0.17235741988555653,7060.54,50.5429
Laos,2019,0.2098840249678371,7168.05,53.3016
Latvia,1980,,,
Latvia,1981,,,
Latvia,1982,,,
Latvia,1983,,,
Latvia,1984,,,
Latvia,1985,,,
Latvia,1986,,,
Latvia,1987,,,
Latvia,1988,,,
Latvia,1989,,,
Latvia,1990,,,
Latvia,1991,,,
Latvia,1992,0.08703491167092789,2585.68,25.158200000000004
Latvia,1993,0.07352866940779174,2540.9,21.4174
Latvia,1994,0.07142922198276054,2500.58,21.556699999999996
Latvia,1995,0.06666172625452248,2469.53,22.3535
Latvia,1996,0.06353636060031645,2444.91,22.932200000000005
Latvia,1997,0.06573878378321418,2420.79,24.958700000000004
Latvia,1998,0.06378677942460766,2399.25,26.5402
Latvia,1999,0.0610116838430164,2381.72,27.2715
Latvia,2000,0.06109249392386914,2353.38,28.8195
Latvia,2001,0.06581442394028085,2320.96,30.6433
Latvia,2002,0.06473648826178117,2299.39,32.8151
Latvia,2003,0.06676598180339322,2276.52,35.5787
Latvia,2004,0.07183299318392974,2249.72,38.5254
Latvia,2005,0.07482503424281543,2227.87,42.6534
Latvia,2006,0.07334938058382715,2208.84,47.7571
Latvia,2007,0.07285790487438341,2191.81,52.505599999999994
Latvia,2008,0.06726255764226508,2162.83,50.8028
Latvia,2009,0.06960206049664258,2120.5,43.5643
Latvia,2010,0.07377449846809361,2074.6,41.6167
Latvia,2011,0.06623799313326471,2044.8100000000002,42.6839
Latvia,2012,0.06885791771561031,2023.82,45.6874
Latvia,2013,0.06591157265555574,2001.47,46.6064
Latvia,2014,0.062387279670098085,1986.0999999999997,47.4921
Latvia,2015,0.06312436243175436,1968.96,49.375
Latvia,2016,0.06601408060626271,1950.12,50.4334
Latvia,2017,0.0697871124202295,1935.83,52.0898
Latvia,2018,0.06437176849781562,1921.17,54.276199999999996
Latvia,2019,0.06606794672363539,1906.29,55.5939
Lebanon,1980,0.04131273158655154,2588.93,
Lebanon,1981,0.03873592113490544,2594.3,
Lebanon,1982,0.0371853502236821,2606.15,
Lebanon,1983,0.03841183204637224,2622.07,
Lebanon,1984,0.03680645930559448,2638.06,
Lebanon,1985,0.04269985593118048,2651.99,
Lebanon,1986,0.040830916,2660.87,
Lebanon,1987,0.042865726,2667.96,
Lebanon,1988,0.038692319200000005,2684.68,26.945000000000004
Lebanon,1989,0.0307927032,2726.44,15.5066
Lebanon,1990,0.02849952,2803.03,19.6209
Lebanon,1991,0.046929756,2921.6999999999994,29.3229
Lebanon,1992,0.0480226312,3076.1299999999997,34.1432
Lebanon,1993,0.060249122407177405,3246.1299999999997,37.8189
Lebanon,1994,0.0678449825369718,3403.36,40.8842
Lebanon,1995,0.07284853601196237,3528.3799999999997,43.5208
Lebanon,1996,0.07725648961435484,3610.66,48.4325
Lebanon,1997,0.08845950729552679,3658.43,48.9435
Lebanon,1998,0.08926251741762029,3693.51,50.73760000000001
Lebanon,1999,0.0914996390714184,3747.76,50.4709
Lebanon,2000,0.08271857920870632,3842.77,51.1482
Lebanon,2001,0.08802420410059418,3991.0,53.1121
Lebanon,2002,0.08871691831248206,4182.21,54.93019999999999
Lebanon,2003,0.08976133409808598,4388.38,56.7029
Lebanon,2004,0.08933109566896816,4569.38,60.4903
Lebanon,2005,0.08540629595436469,4698.76,62.1149
Lebanon,2006,0.07917316509576122,4759.76,63.07739999999999
Lebanon,2007,0.07007649344955433,4767.35,68.9503
Lebanon,2008,0.09047213373134748,4764.75,75.2035
Lebanon,2009,0.11187964777142763,4813.03,82.8984
Lebanon,2010,0.10808645161229798,4953.06,89.5097
Lebanon,2011,0.10915950524076445,5202.02,90.286
Lebanon,2012,0.12217284451477153,5537.62,92.57980000000002
Lebanon,2013,0.1218072277595286,5913.02,96.1081
Lebanon,2014,0.12552754633787888,6261.05,98.47359999999999
Lebanon,2015,0.1385199994665505,6532.68,98.682
Lebanon,2016,0.14248719789414263,6714.28,100.19099999999999
Lebanon,2017,0.15211335886409855,6819.37,101.044
Lebanon,2018,0.1434988335128142,6821.399999999999,99.0971
Lebanon,2019,0.1460987949317395,6823.420000000001,92.4576
Lesotho,1980,0.00081607140529828,1340.26,
Lesotho,1981,0.0008138417020051201,1377.8100000000002,
Lesotho,1982,0.0008138417020051201,1415.36,
Lesotho,1983,0.0008138417020051201,1452.7300000000002,
Lesotho,1984,0.00081607140529828,1489.6899999999998,
Lesotho,1985,0.00089522586972988,1526.13,
Lesotho,1986,0.0009390024164,1561.6899999999998,
Lesotho,1987,0.0009390024164,1596.4000000000003,
Lesotho,1988,0.00063191895432,1630.99,2.27744
Lesotho,1989,0.0009390024164,1666.5600000000002,2.46183
Lesotho,1990,0.0012010440164,1703.76,2.62032
Lesotho,1991,0.0012201512164,1742.53,2.728
Lesotho,1992,0.00127040056,1782.28,2.84981
Lesotho,1993,0.0013126820000000001,1822.24,2.95288
Lesotho,1994,0.0014592646,1861.32,3.0491499999999996
Lesotho,1995,0.0014783717999999999,1898.5999999999997,3.18925
Lesotho,1996,0.00149622344,1934.29,3.50225
Lesotho,1997,0.0014701830000000001,1968.05,3.78762
Lesotho,1998,0.0012790798,1997.5199999999998,3.6030199999999994
Lesotho,1999,0.0018665285999999999,2019.7300000000002,3.71021
Lesotho,2000,0.00338749545999996,2032.8100000000002,3.9008799999999995
Lesotho,2001,0.00344604829999998,2035.74,4.06586
Lesotho,2002,0.003557946536,2029.83,4.08751
Lesotho,2003,0.0036252377939999998,2018.3499999999997,4.27926
Lesotho,2004,0.0035916037603999596,2005.95,4.37741
Lesotho,2005,0.00425194574959996,1996.11,4.49571
Lesotho,2006,0.0045013415412,1989.93,4.68936
Lesotho,2007,0.00543224011982316,1986.93,4.91133
Lesotho,2008,0.00492102375959996,1987.13,5.18389
Lesotho,2009,0.0056206354364,1990.14,5.11082
Lesotho,2010,0.00601234302199996,1995.57,5.38691
Lesotho,2011,0.0054284445028,2003.79,5.64061
Lesotho,2012,0.00569645674159996,2014.99,6.00687
Lesotho,2013,0.00578636098679996,2028.53,6.10823
Lesotho,2014,0.0059352198537600005,2043.45,6.209880000000001
Lesotho,2015,0.0057972019012799995,2059.01,6.402
Lesotho,2016,0.006272562438400001,2075.04,6.63242
Lesotho,2017,0.0066776286796803195,2091.53,6.41585
Lesotho,2018,0.0065500032384,2108.44,6.33452
Lesotho,2019,0.0066503295599999995,2125.34,6.32009
Liberia,1980,0.01263123435289456,1852.99,9.37253
Liberia,1981,0.0116745361997314,1911.54,9.17227
Liberia,1982,0.0117332044781154,1970.0999999999997,8.94912
Liberia,1983,0.0117082014002594,2028.6500000000003,8.77938
Liberia,1984,0.01045543952929852,2087.2,8.59434
Liberia,1985,0.01058047834807092,2145.76,8.52188
Liberia,1986,0.0083596669482,2131.79,8.37884
Liberia,1987,0.0065506433684,2117.82,8.2949
Liberia,1988,0.00815352192,2103.85,8.12553
Liberia,1989,0.0068138181044,2089.89,5.95859
Liberia,1990,0.0032785981043999997,2075.92,2.91788
Liberia,1991,0.0018467927338000002,2069.67,2.5028
Liberia,1992,0.0019365689080800001,2063.41,1.62468
Liberia,1993,0.0021371409044,2057.16,1.08894
Liberia,1994,0.0021371409044,2050.91,0.851964
Liberia,1995,0.0021371409044,2044.66,0.815617
Liberia,1996,0.0022198455880800003,2205.42,0.914469
Liberia,1997,0.0022138347044,2366.17,1.88635
Liberia,1998,0.0022905285044,2526.93,2.45619
Liberia,1999,0.002290529,2687.69,2.9902
Liberia,2000,0.00258085242399996,2848.4499999999994,3.8459
Liberia,2001,0.00275262175844,2922.3799999999997,3.95821
Liberia,2002,0.0027153426605271602,2996.31,4.10716
Liberia,2003,0.00297373572919956,3070.25,2.8690599999999997
Liberia,2004,0.0032258147089316,3144.18,2.9442299999999997
Liberia,2005,0.0037759500350436,3218.11,3.0997
Liberia,2006,0.0038676909621759596,3352.76,3.34905
Liberia,2007,0.0036099480608791598,3487.41,3.6683800000000004
Liberia,2008,0.0031982899696036,3622.06,3.93052
Liberia,2009,0.0029194080136624003,3756.7100000000005,4.13885
Liberia,2010,0.00459645642075076,3891.36,4.39132
Liberia,2011,0.00511789989368,4007.53,4.75144
Liberia,2012,0.00567638743465636,4123.71,5.13127
Liberia,2013,0.00502115688890396,4239.88,5.5779
Liberia,2014,0.006612024824768,4356.06,5.617
Liberia,2015,0.00663626879999996,4472.23,5.617
Liberia,2016,0.00762971872,4589.32,5.52715
Liberia,2017,0.0065942175200607205,4706.41,5.66359
Liberia,2018,0.00749060066964552,4823.5,5.73283
Liberia,2019,0.00749028068,4940.59,5.60223
Libya,1980,0.16069965576921616,3219.4600000000005,
Libya,1981,0.1439129358172769,3347.78,
Libya,1982,0.14235676557775262,3480.44,
Libya,1983,0.15325879110660462,3614.68,
Libya,1984,0.15347238692234463,3746.7100000000005,
Libya,1985,0.168794067691585,3873.78,
Libya,1986,0.176541426,3994.6,
Libya,1987,0.181528428,4109.72,
Libya,1988,0.1858650408,4220.45,95.4225
Libya,1989,0.19231067,4328.94,102.29199999999999
Libya,1990,0.20321401952024937,4436.66,106.098
Libya,1991,0.212148304,4544.25,122.70800000000001
Libya,1992,0.19797351359999998,4650.9,119.379
Libya,1993,0.20509466472,4755.13,114.887
Libya,1994,0.212043688,4854.87,117.11
Libya,1995,0.22140659199999999,4948.8,114.509
Libya,1996,0.23399867124,5036.17,116.95300000000002
Libya,1997,0.2464055949,5118.01,123.05
Libya,1998,0.2371321129,5196.77,118.67900000000002
Libya,1999,0.21406644728000002,5275.92,119.568
Libya,2000,0.2906411356889297,5357.89,122.36399999999999
Libya,2001,0.2929807503960304,5443.25,122.99
Libya,2002,0.30201979304851767,5531.100000000001,121.45300000000002
Libya,2003,0.29756098633877526,5620.54,137.199
Libya,2004,0.30483707521003683,5710.16,143.285
Libya,2005,0.31525626915680066,5798.62,158.029
Libya,2006,0.28907307622479356,5886.87,168.641
Libya,2007,0.287163692212204,5974.79,177.22
Libya,2008,0.29812803360342716,6058.740000000001,203.15099999999998
Libya,2009,0.3411964342837989,6133.990000000001,201.635
Libya,2010,0.35980656356,6197.670000000001,210.355
Libya,2011,0.23614756850296,6247.44,81.4741
Libya,2012,0.2942403555383658,6285.75,183.08
Libya,2013,0.3164706001168,6320.350000000001,118.18900000000001
Libya,2014,0.30907606501791995,6362.04,68.406
Libya,2015,0.24596017058,6418.31,48.49699999999999
Libya,2016,0.240746122266612,6492.16,41.0245
Libya,2017,0.238307579651812,6580.72,67.2846
Libya,2018,0.2504905131969596,6677.579999999999,76.6651
Libya,2019,0.23924801918411961,6774.43,84.2519
Lithuania,1980,,,
Lithuania,1981,,,
Lithuania,1982,,,
Lithuania,1983,,,
Lithuania,1984,,,
Lithuania,1985,,,
Lithuania,1986,,,
Lithuania,1987,,,
Lithuania,1988,,,
Lithuania,1989,,,
Lithuania,1990,,,
Lithuania,1991,,,
Lithuania,1992,0.15955198510501226,3693.93,47.345400000000005
Lithuania,1993,0.1292577855368469,3671.3000000000006,39.6632
Lithuania,1994,0.11143226066668299,3642.99,35.7897
Lithuania,1995,0.11895354664495293,3615.2100000000005,36.2159
Lithuania,1996,0.12277029751617202,3588.01,38.0278
Lithuania,1997,0.1203832330011544,3562.26,41.1812
Lithuania,1998,0.1338238075415283,3536.4,44.2875
Lithuania,1999,0.10116307323839284,3512.07,43.784
Lithuania,2000,0.0936853138491116,3487.0,45.416
Lithuania,2001,0.10509485364251858,3454.64,48.4049
Lithuania,2002,0.11357769477054214,3431.5,51.6646
Lithuania,2003,0.11685158653457943,3398.93,57.08689999999999
Lithuania,2004,0.11793252888121446,3355.22,60.801700000000004
Lithuania,2005,0.11027870290411212,3289.83,65.6228
Lithuania,2006,0.10665387976409318,3249.98,70.5067
Lithuania,2007,0.1176183327824616,3212.6,78.3312
Lithuania,2008,0.12202746315365692,3183.86,80.2213
Lithuania,2009,0.107052292250572,3141.98,68.4393
Lithuania,2010,0.10610004619622257,3052.59,69.5236
Lithuania,2011,0.11090019795543057,3003.64,73.7761
Lithuania,2012,0.11062548166231519,2971.91,76.583
Lithuania,2013,0.11017887296931313,2943.47,79.3767
Lithuania,2014,0.10308469273695726,2921.26,82.1333
Lithuania,2015,0.10261108945339385,2888.56,83.784
Lithuania,2016,0.10534789103533856,2847.9,86.0003
Lithuania,2017,0.11111961370004972,2808.9,89.5854
Lithuania,2018,0.1121566282982174,2794.18,93.14050000000002
Lithuania,2019,0.11360828941947894,2794.09,97.4069
Luxembourg,1980,0.060489471496319336,364.325,
Luxembourg,1981,0.0520089123350763,365.319,
Luxembourg,1982,0.04986013164801488,365.50600000000003,
Luxembourg,1983,0.04690170623369634,365.665,
Luxembourg,1984,0.050300564174689456,366.049,
Luxembourg,1985,0.05147582820862469,366.83200000000005,
Luxembourg,1986,0.05101573532961878,368.641,
Luxembourg,1987,0.05061156542877364,371.06200000000007,
Luxembourg,1988,0.052885542492340454,373.81200000000007,20.8978
Luxembourg,1989,0.05676020787500989,377.6499999999999,22.9452
Luxembourg,1990,0.059027632380128384,382.488,24.1377
Luxembourg,1991,0.0633096757845377,387.6499999999999,26.2242
Luxembourg,1992,0.06314617430737508,392.819,26.7016
Luxembourg,1993,0.06403930905978142,398.156,27.8233
Luxembourg,1994,0.06261109787162458,403.606,28.8861
Luxembourg,1995,0.056092368048493456,409.36899999999997,30.108
Luxembourg,1996,0.05733805491901602,414.88100000000003,30.5288
Luxembourg,1997,0.05672396967418334,420.1000000000001,32.1835
Luxembourg,1998,0.05551988995937248,425.362,34.3316
Luxembourg,1999,0.05841730404451554,431.25600000000003,37.1382
Luxembourg,2000,0.0622302957240098,436.9750000000001,39.7149
Luxembourg,2001,0.06495779544074508,442.156,40.9359
Luxembourg,2002,0.06849005264117218,446.70599999999996,42.2563
Luxembourg,2003,0.071661256026775,452.462,43.3631
Luxembourg,2004,0.08044543152671632,458.8790000000001,45.19809999999999
Luxembourg,2005,0.08149133125104138,466.14000000000004,46.3204
Luxembourg,2006,0.0804405436196001,473.52400000000006,49.107400000000005
Luxembourg,2007,0.07904186413469384,480.945,53.084399999999995
Luxembourg,2008,0.07868318170931451,489.862,52.92499999999999
Luxembourg,2009,0.07431538274246632,498.854,51.2108
Luxembourg,2010,0.07897889697566501,508.175,53.13660000000001
Luxembourg,2011,0.07775133603840302,519.973,53.6915
Luxembourg,2012,0.07595750276870222,532.469,54.5773
Luxembourg,2013,0.0737259751815708,544.94,56.3084
Luxembourg,2014,0.0716132029021729,557.979,57.7854
Luxembourg,2015,0.07081699337994035,571.265,59.097
Luxembourg,2016,0.07087976824467881,585.26,62.03900000000001
Luxembourg,2017,0.07340422698670421,597.753,62.8562
Luxembourg,2018,0.07635291982598201,609.436,64.116
Luxembourg,2019,0.07708632728366706,621.528,66.2214
Macau,1980,0.0027583705374977603,238.085,
Macau,1981,0.00266487044478016,243.37299999999996,
Macau,1982,0.00283679756951764,251.154,
Macau,1983,0.00395432388472508,260.921,
Macau,1984,0.0043440739661394,271.914,
Macau,1985,0.0035886516712616396,283.49,
Macau,1986,0.0051291718,295.597,
Macau,1987,0.005584189868,308.181,
Macau,1988,0.0054311424816,320.774,14.4018
Macau,1989,0.0057837498719999995,332.783,15.1255
Macau,1990,0.006100697515324603,343.816,16.3324
Macau,1991,0.006012741563690659,353.623,16.9301
Macau,1992,0.0062184304081695264,362.308,19.1817
Macau,1993,0.006825307527766815,370.195,20.1766
Macau,1994,0.007285108503618772,377.805,21.0346
Macau,1995,0.007544551275371378,385.517,21.7278
Macau,1996,0.008334588673766644,393.376,21.6367
Macau,1997,0.008546463295562053,401.353,21.5763
Macau,1998,0.0091336531846574,409.62000000000006,20.5902
Macau,1999,0.009699003073752727,418.388,20.1046
Macau,2000,0.009418713389722357,427.772,21.2598
Macau,2001,0.00970237645007216,437.92800000000005,21.873900000000003
Macau,2002,0.0104516931242578,448.81299999999993,23.8231
Macau,2003,0.010729791823116678,460.157,26.5962
Macau,2004,0.01274533376303511,471.6000000000001,33.679
Macau,2005,0.013095468584679406,482.863,36.3987
Macau,2006,0.013945608660427374,493.8039999999999,41.2726
Macau,2007,0.014278231795237035,504.5040000000001,47.2475
Macau,2008,0.01271183715807796,515.232,48.8499
Macau,2009,0.013565400678943402,526.401,49.4723
Macau,2010,0.013996536296035719,538.215,61.90110000000001
Macau,2011,0.01407745571102736,550.833,75.282
Macau,2012,0.014184149308628921,564.037,82.2396
Macau,2013,0.014384635574144319,577.368,91.0828
Macau,2014,0.01554341099249568,590.21,89.2171
Macau,2015,0.0176876209426226,602.093,70.042
Macau,2016,0.01745020184323,612.824,69.5696
Macau,2017,0.02149158187716628,622.578,76.5142
Macau,2018,0.02039325838984472,631.499,81.4618
Macau,2019,0.020854695537712,640.421,79.3202
Madagascar,1980,0.00752792365826026,8716.55,
Madagascar,1981,0.00670594061177934,8971.34,
Madagascar,1982,0.0061643880332168405,9234.14,
Madagascar,1983,0.00794299232212064,9504.28,
Madagascar,1984,0.00794535786284446,9780.87,
Madagascar,1985,0.008422367527520345,10063.5,
Madagascar,1986,0.0059732750462113205,10352.1,
Madagascar,1987,0.00827327710882332,10647.8,
Madagascar,1988,0.00901263196173844,10952.4,20.0256
Madagascar,1989,0.00676620364538324,11268.700000000003,20.8416
Madagascar,1990,0.00668380781880968,11598.700000000003,21.4937
Madagascar,1991,0.0069240895496794795,11942.799999999997,20.1383
Madagascar,1992,0.00749444594718276,12301.299999999997,20.3761
Madagascar,1993,0.0075760639812233205,12675.5,20.804
Madagascar,1994,0.00823662243442332,13066.5,20.7952
Madagascar,1995,0.0086434269088566,13475.4,21.1443
Madagascar,1996,0.00888883147280856,13902.700000000003,21.5998
Madagascar,1997,0.0090950890192926,14347.9,22.397499999999997
Madagascar,1998,0.0092396141932912,14808.799999999997,23.2749
Madagascar,1999,0.009262914279019173,15282.5,24.3686
Madagascar,2000,0.013085105599580284,15766.799999999997,25.4547
Madagascar,2001,0.01284083716124754,16260.9,26.9769
Madagascar,2002,0.00991901318092192,16765.1,23.6296
Madagascar,2003,0.01269471631094922,17279.1,25.9418
Madagascar,2004,0.01380755214793094,17803.0,27.3055
Madagascar,2005,0.013362908557683281,18336.7,28.604200000000002
Madagascar,2006,0.013159629526274261,18880.3,30.1484
Madagascar,2007,0.014044493424985361,19433.5,31.87
Madagascar,2008,0.0148801028421646,19996.5,34.0093
Madagascar,2009,0.013128543740038839,20569.1,32.6562
Madagascar,2010,0.01391787586520736,21151.6,32.8584
Madagascar,2011,0.01559781504651966,21744.0,33.377
Madagascar,2012,0.01842166975138302,22346.599999999995,34.3821
Madagascar,2013,0.019325940364754816,22961.3,35.173
Madagascar,2014,0.02098842678907654,23589.900000000005,36.3475
Madagascar,2015,0.02295367521839512,24234.099999999995,37.486
Madagascar,2016,0.02406412885489696,24894.400000000005,38.9829
Madagascar,2017,0.02208389607567688,25570.5,40.5162
Madagascar,2018,0.02124128093822336,26277.3,41.8127
Madagascar,2019,0.02490291629326184,26984.2,43.6525
Malawi,1980,0.00483902581991948,6250.43,
Malawi,1981,0.005064829018623479,6412.38,
Malawi,1982,0.0047890226460113195,6565.98,
Malawi,1983,0.00446064628724464,6737.920000000001,
Malawi,1984,0.00443245053312456,6964.61,
Malawi,1985,0.004892723051726,7268.27,
Malawi,1986,0.00484634967873716,7666.39,
Malawi,1987,0.005065586495252921,8141.14,
Malawi,1988,0.00508013068750064,8636.69,8.27074
Malawi,1989,0.00571766850426972,9075.57,8.38196
Malawi,1990,0.00642376812391364,9404.5,8.85909
Malawi,1991,0.007342723258140479,9600.36,9.6325
Malawi,1992,0.00744812728773156,9685.97,8.92615
Malawi,1993,0.0072826230259181194,9710.33,9.79126
Malawi,1994,0.007730078946913641,9745.7,8.78862
Malawi,1995,0.008049982532118121,9844.42,10.2589
Malawi,1996,0.00816790331130024,10022.8,11.009499999999997
Malawi,1997,0.008215574620891281,10264.9,11.427
Malawi,1998,0.00871631659130024,10552.3,11.872099999999998
Malawi,1999,0.008605102101498719,10854.3,12.2333
Malawi,2000,0.00929623292992696,11148.799999999997,12.4261
Malawi,2001,0.009133597019981999,11432.0,11.807899999999998
Malawi,2002,0.00902528286756224,11713.700000000003,12.0086
Malawi,2003,0.009481567341476978,12000.200000000003,12.693800000000001
Malawi,2004,0.01011207594969736,12301.799999999997,13.3819
Malawi,2005,0.009839933201161,12626.0,13.8193
Malawi,2006,0.010164001656966,12973.700000000003,14.4688
Malawi,2007,0.01013408571546596,13341.799999999997,15.8578
Malawi,2008,0.01155247965249996,13727.9,17.0693
Malawi,2009,0.0107536743459591,14128.200000000003,18.4908
Malawi,2010,0.012895490084930841,14539.6,19.7619
Malawi,2011,0.012983521149705659,14962.1,20.7212
Malawi,2012,0.013038439611764641,15396.0,21.1119
Malawi,2013,0.013258659244712001,15839.299999999997,22.2097
Malawi,2014,0.013645822869344182,16289.5,23.4757
Malawi,2015,0.01314359264300036,16745.3,24.133
Malawi,2016,0.01385021890068808,17205.2,24.7325
Malawi,2017,0.0142549887319591,17670.2,25.7218
Malawi,2018,0.01358725990478408,18156.8,26.8588
Malawi,2019,0.01347859678519436,18643.4,28.3955
Malaysia,1980,0.16522782311835923,13840.53,104.39119999999998
Malaysia,1981,0.17300087417448,14179.799999999997,111.6391
Malaysia,1982,0.18058309920006105,14519.62,118.30990000000001
Malaysia,1983,0.20430918826184702,14871.15,125.668
Malaysia,1984,0.24520351262029125,15245.6,135.4224
Malaysia,1985,0.27685121447569905,15654.200000000003,133.8997
Malaysia,1986,0.2985739440912006,16104.12,135.4431
Malaysia,1987,0.29978336604588135,16587.15,142.7431
Malaysia,1988,0.31719862669193455,17088.77,156.928
Malaysia,1989,0.3436144874245506,17594.25,171.14510000000004
Malaysia,1990,0.337423425582929,18090.57,186.56229999999996
Malaysia,1991,0.3709533017162407,18576.15,204.70040000000003
Malaysia,1992,0.39594092912221857,19059.78,222.9073
Malaysia,1993,0.4558850453606441,19546.92,244.9624
Malaysia,1994,0.5359753125317213,20042.9,267.5353
Malaysia,1995,0.5833577683296921,20553.55,293.839
Malaysia,1996,0.617377045775186,21084.65,323.2327
Malaysia,1997,0.6510666930066691,21631.62,346.9173
Malaysia,1998,0.6539699814500153,22183.58,321.3882
Malaysia,1999,0.6565845277006955,22729.2,341.0925
Malaysia,2000,0.7272231606957942,23258.47,370.6675
Malaysia,2001,0.7722837970643578,23769.38,372.5861
Malaysia,2002,0.8358503928248509,24268.73,392.6731
Malaysia,2003,0.8343975259721553,24762.25,415.4031
Malaysia,2004,0.8510837624395622,25255.400000000005,443.578
Malaysia,2005,0.9454137016759712,25754.27,465.651
Malaysia,2006,1.0235994698282327,26264.930000000004,491.655
Malaysia,2007,1.0850563576508823,26782.55,522.625
Malaysia,2008,1.1076359596542404,27295.8,547.879
Malaysia,2009,1.134035290123075,27793.22,539.585
Malaysia,2010,1.1905859540755068,28263.55,580.205
Malaysia,2011,1.2267479078485408,28701.38,610.918
Malaysia,2012,1.2460281506273538,29114.62,644.357
Malaysia,2013,1.3205137521363097,29515.02,674.601
Malaysia,2014,1.3734056698084471,29914.47,715.123
Malaysia,2015,1.3327450223054915,30323.400000000005,750.929
Malaysia,2016,1.3364729528247485,30742.55,784.344
Malaysia,2017,1.4067027654175168,31164.95,829.936
Malaysia,2018,1.5349554222835105,31587.03,870.131
Malaysia,2019,1.5843265313089179,32005.27,908.7599999999999
Maldives,1980,8.447744280516e-05,158.271,
Maldives,1981,8.424663011988e-05,163.821,
Maldives,1982,8.424663011988e-05,169.849,
Maldives,1983,8.424663011988e-05,176.255,
Maldives,1984,0.00033790977122064,182.84800000000004,
Maldives,1985,0.0003369865204796,189.54,
Maldives,1986,0.0003905084046,196.26200000000003,
Maldives,1987,0.0003905084046,203.024,
Maldives,1988,0.00047671517568,209.787,1.48965
Maldives,1989,0.0004755534046,216.50200000000004,1.62214
Maldives,1990,0.0005758686322,223.159,1.88669
Maldives,1991,0.0005758686322,229.74300000000002,2.0168
Maldives,1992,0.00057725543424,236.271,2.14721
Maldives,1993,0.000673571,242.596,2.26361
Maldives,1994,0.0013518606981,248.582,2.43372
Maldives,1995,0.0018577632322,254.144,2.61291
Maldives,1996,0.00194394312,259.178,2.8182500000000004
Maldives,1997,0.0016794413580000001,263.836,3.05493
Maldives,1998,0.0018495313579999998,268.445,3.28388
Maldives,1999,0.00184953476,273.522,3.48669
Maldives,2000,0.00390601908399996,279.396,3.62078
Maldives,2001,0.0032751922760000003,286.309,3.47799
Maldives,2002,0.00391604461599996,294.185,3.7307800000000007
Maldives,2003,0.0034045421520000002,302.681,4.24377
Maldives,2004,0.00445343063399996,311.265,4.49983
Maldives,2005,0.0040319521712,319.604,3.9090399999999996
Maldives,2006,0.00510952759159996,327.489,4.92975
Maldives,2007,0.00529414428411996,335.172,5.31002
Maldives,2008,0.005755582910959961,343.44800000000004,5.81369
Maldives,2009,0.00611481873384,353.391,5.3934299999999995
Maldives,2010,0.00618103829239996,365.73,5.78527
Maldives,2011,0.00668001518224,380.493,6.28088
Maldives,2012,0.008502632543999999,397.231,6.43899
Maldives,2013,0.008966157682436,415.5919999999999,6.90782
Maldives,2014,0.01201147710142796,435.018,7.41414
Maldives,2015,0.00898216819999998,454.914,7.628
Maldives,2016,0.009515947688,475.50499999999994,8.11143
Maldives,2017,0.00985757345232128,496.39799999999997,8.6963
Maldives,2018,0.01128874636,511.113,9.40321
Maldives,2019,0.01267711324,525.827,10.0602
Mali,1980,0.00280321487036012,7090.12,
Mali,1981,0.00361168035550892,7234.73,
Mali,1982,0.00289068459832124,7388.670000000001,
Mali,1983,0.00296499329202124,7545.16,
Mali,1984,0.00301374116113212,7694.86,
Mali,1985,0.00325255844160328,7831.89,
Mali,1986,0.0026941298878,7952.86,
Mali,1987,0.0030591136000000002,8062.22,
Mali,1988,0.001956865204624,8171.52,9.17424
Mali,1989,0.003327716984,8296.92,10.2537
Mali,1990,0.003384872184,8449.92,11.6164
Mali,1991,0.00339186384,8635.53,12.9791
Mali,1992,0.0036541906672000004,8850.33,12.4527
Mali,1993,0.003685107184,9087.17,12.931599999999998
Mali,1994,0.0036939703839999997,9334.89,13.627900000000002
Mali,1995,0.003705992784,9585.66,13.749
Mali,1996,0.0038396159472,9837.58,14.6017
Mali,1997,0.003890337984,10094.4,15.1992
Mali,1998,0.003977815383999999,10360.6,16.189
Mali,1999,0.0039804864,10642.9,16.9366
Mali,2000,0.00600941233199996,10946.5,16.9261
Mali,2001,0.006080316168,11271.6,19.5292
Mali,2002,0.00615812277599996,11616.9,20.1354
Mali,2003,0.00618082969599996,11982.700000000003,21.9717
Mali,2004,0.006417433304000001,12369.1,22.3146
Mali,2005,0.00735241130799996,12775.5,23.7728
Mali,2006,0.008477276764,13203.4,24.8813
Mali,2007,0.009760864,13651.5,25.75
Mali,2008,0.011679959636,14113.6,26.9796
Mali,2009,0.01452482126399996,14581.4,28.2419
Mali,2010,0.015880712271999962,15049.299999999997,29.7706
Mali,2011,0.01713883563199996,15514.6,30.7351
Mali,2012,0.01823694492799996,15979.5,30.4786
Mali,2013,0.019286670803999963,16449.8,31.1781
Mali,2014,0.021148217103999962,16934.2,33.3864
Mali,2015,0.02355406782,17438.8,35.447
Mali,2016,0.029774860056000003,17965.4,37.5218
Mali,2017,0.03246400134397616,18512.4,39.5126
Mali,2018,0.03381475036797616,19091.9,41.3879
Mali,2019,0.034587537200000004,19671.4,43.3564
Malta,1980,0.007523485353682184,318.028,
Malta,1981,0.008269307965304559,319.936,
Malta,1982,0.00877810681909064,331.859,
Malta,1983,0.00622704225379028,329.189,
Malta,1984,0.00879629727209474,331.997,
Malta,1985,0.00605147519057366,340.907,
Malta,1986,0.00791393823618484,343.334,
Malta,1987,0.00883931481269474,345.636,
Malta,1988,0.00986278196124504,349.01399999999995,5.37573
Malta,1989,0.01016009734848752,352.43,5.8196
Malta,1990,0.01106417608495268,355.91,6.18949
Malta,1991,0.011655816735057601,359.54299999999995,6.57171
Malta,1992,0.0122505116164024,362.97700000000003,6.87995
Malta,1993,0.012931503955953641,366.431,7.17586
Malta,1994,0.01384426017550488,376.433,7.385470000000001
Malta,1995,0.01343352967525164,378.404,8.07593
Malta,1996,0.013934090779884839,381.405,8.3965
Malta,1997,0.014863639715422566,384.176,8.80338
Malta,1998,0.01556737016094525,386.397,9.11162
Malta,1999,0.017259685509952338,388.759,9.48151
Malta,2000,0.02526987518398029,391.415,10.0733
Malta,2001,0.027836593175758595,394.641,9.96156
Malta,2002,0.027160166419760656,397.296,10.2161
Malta,2003,0.03156506646602835,399.867,10.6282
Malta,2004,0.03313737613520135,402.66799999999995,10.6496
Malta,2005,0.028270741723031283,404.999,11.006099999999998
Malta,2006,0.0288915328228612,405.616,11.286700000000002
Malta,2007,0.03147318699658944,407.83200000000005,11.8269
Malta,2008,0.032595152605173774,410.926,12.2787
Malta,2009,0.034734929718781976,414.027,12.138600000000002
Malta,2010,0.041465034045636354,414.989,12.8118
Malta,2011,0.039422463434773555,417.546,12.8748
Malta,2012,0.03759256863393491,422.509,13.402499999999998
Malta,2013,0.03568460317932588,429.424,14.133900000000002
Malta,2014,0.03651984585834426,439.691,15.214
Malta,2015,0.03996472368561872,450.415,16.674
Malta,2016,0.04442286509137013,460.297,17.201
Malta,2017,0.05059878088782606,475.701,19.1812
Malta,2018,0.05282350466483469,493.559,20.3539
Malta,2019,0.05510749173165434,514.564,21.5613
Martinique,1980,0.0037444874400000003,325.448,
Martinique,1981,0.0037342566000000002,326.987,
Martinique,1982,0.0037342566000000002,329.451,
Martinique,1983,0.0036512731200000004,332.601,
Martinique,1984,0.003245222448,336.166,
Martinique,1985,0.003983207040000001,339.881,
Martinique,1986,0.004149174,343.74399999999997,
Martinique,1987,0.0047407659999999996,347.7540000000001,
Martinique,1988,0.00578158488,351.708,3.10389
Martinique,1989,0.0079861854,355.34,3.28206
Martinique,1990,0.0087248724,358.45700000000005,2.6519
Martinique,1991,0.0072908604,360.892,2.79855
Martinique,1992,0.00802556016,362.75600000000003,2.86152
Martinique,1993,0.010934524,364.374,4.72723
Martinique,1994,0.010801080000000001,366.2540000000001,4.86375
Martinique,1995,0.0109544676,368.728,4.95024
Martinique,1996,0.01098447984,371.913,5.17886
Martinique,1997,0.0111241926,375.64000000000004,5.3450999999999995
Martinique,1998,0.0110391476,379.63899999999995,5.53521
Martinique,1999,0.0110391476,383.527,5.720400000000001
Martinique,2000,0.01284178485875068,387.016,5.76155
Martinique,2001,0.01288821562341864,389.984,6.072680000000001
Martinique,2002,0.01344069621984,392.5,6.13948
Martinique,2003,0.013249120854819598,394.53399999999993,6.35436
Martinique,2004,0.01329338690872712,396.106,6.60218
Martinique,2005,0.01304513464192172,397.191,6.89267
Martinique,2006,0.01304738005369624,397.8500000000001,7.08567
Martinique,2007,0.01355450726141152,398.048,7.149440000000001
Martinique,2008,0.01361668717721668,397.664,7.12799
Martinique,2009,0.013593884085101121,396.561,6.66467
Martinique,2010,0.013556726122561081,394.666,6.97125
Martinique,2011,0.014091916849325481,391.886,7.040960000000001
Martinique,2012,0.014321007910287838,388.366,7.040960000000001
Martinique,2013,0.01442227260167584,384.58099999999996,7.00575
Martinique,2014,0.014944313137007758,381.142,7.103829999999999
Martinique,2015,0.01289160254448,378.483,7.13225
Martinique,2016,0.01300537104,376.789,7.05379
Martinique,2017,0.01244200308,375.9460000000001,7.067899999999999
Martinique,2018,0.0126948543584,375.719,7.1527199999999995
Martinique,2019,0.012608512758400001,375.492,7.25285
Mauritania,1980,0.00362234001366884,1540.64,6.56487
Mauritania,1981,0.0034736833432152,1588.5199999999998,6.79138
Mauritania,1982,0.00351119680665716,1636.4000000000003,6.632459999999999
Mauritania,1983,0.00352045684470714,1684.28,6.880210000000001
Mauritania,1984,0.005172080370968659,1732.16,6.65819
Mauritania,1985,0.00514179217168934,1780.03,6.857589999999999
Mauritania,1986,0.0029567013089935998,1830.9000000000003,7.249399999999999
Mauritania,1987,0.00407709791692868,1881.76,7.38717
Mauritania,1988,0.005254414566263766,1932.62,7.51426
Mauritania,1989,0.0060467512392414,1983.4800000000002,7.873259999999999
Mauritania,1990,0.00543343816752868,2034.3499999999997,7.7338
Mauritania,1991,0.005684173586896201,2090.2,7.87209
Mauritania,1992,0.01842289790208922,2146.06,8.01962
Mauritania,1993,0.01885725965728224,2201.92,8.49067
Mauritania,1994,0.018805672442460043,2257.77,8.23079
Mauritania,1995,0.019081265669504813,2313.63,9.03903
Mauritania,1996,0.019307262395889653,2376.95,9.565
Mauritania,1997,0.01932571513206101,2440.26,9.17813
Mauritania,1998,0.0194010851633391,2503.58,9.43307
Mauritania,1999,0.01940152019461721,2566.9,9.77956
Mauritania,2000,0.00688441167768,2630.22,9.3964
Mauritania,2001,0.0071856876497200005,2709.01,9.32128
Mauritania,2002,0.007712710464319999,2787.81,9.45005
Mauritania,2003,0.00797878316759996,2866.61,10.1048
Mauritania,2004,0.008599138917,2945.4,10.583
Mauritania,2005,0.008890589353599961,3024.1999999999994,11.489600000000001
Mauritania,2006,0.008664868987,3118.1999999999994,13.595999999999998
Mauritania,2007,0.00986539601319996,3212.1999999999994,13.3282
Mauritania,2008,0.01213335713999996,3306.1999999999994,13.2841
Mauritania,2009,0.0120417970612,3400.1999999999994,13.2971
Mauritania,2010,0.011952499670400001,3494.1999999999994,13.6455
Mauritania,2011,0.012862862826800001,3604.6200000000003,14.2149
Mauritania,2012,0.0142347023016,3715.0399999999995,14.850299999999999
Mauritania,2013,0.012882045201999981,3825.4600000000005,15.466699999999998
Mauritania,2014,0.01545749525559996,3935.8799999999997,16.1279
Mauritania,2015,0.015667766280000002,4046.3000000000006,16.995
Mauritania,2016,0.01455421744,4166.98,17.2093
Mauritania,2017,0.022009026879999997,4287.65,17.8111
Mauritania,2018,0.02349779636,4408.32,18.1879
Mauritania,2019,0.024561579559999998,4528.99,19.2667
Mauritius,1980,0.00542896830720752,966.0391,4.54599
Mauritius,1981,0.004813596411832001,978.071,4.81341
Mauritius,1982,0.00478664987308424,988.8893000000002,5.07801
Mauritius,1983,0.00496790278050252,998.6195000000001,5.09751
Mauritius,1984,0.00536267658006606,1007.5,5.33699
Mauritius,1985,0.00573165139308048,1015.765,5.70816
Mauritius,1986,0.00712124438737004,1023.277,6.26425
Mauritius,1987,0.00629391473872324,1030.173,6.82121
Mauritius,1988,0.0084104087509786,1037.252,7.28446
Mauritius,1989,0.00978201798711468,1045.588,7.60972
Mauritius,1990,0.01084393698737004,1055.868,8.15661
Mauritius,1991,0.01098406728646788,1068.432,8.51838
Mauritius,1992,0.013129822441242358,1082.948,9.07317
Mauritius,1993,0.0132278198360168,1098.605,9.53427
Mauritius,1994,0.01318316331079128,1114.145,9.92863
Mauritius,1995,0.014117512110791281,1128.675,10.35434
Mauritius,1996,0.0141441621109786,1141.95,10.93293
Mauritius,1997,0.01429136583962536,1154.143,11.55473
Mauritius,1998,0.014688919708987,1165.29,12.25632
Mauritius,1999,0.01620200636932724,1175.573,12.57633
Mauritius,2000,0.02193221353393964,1185.145,13.60794
Mauritius,2001,0.02238453036556504,1193.91,14.06347
Mauritius,2002,0.0219896807964075,1201.805,14.29058
Mauritius,2003,0.02246671123273092,1208.993,15.13736
Mauritius,2004,0.02315391772982038,1215.667,15.792809999999998
Mauritius,2005,0.02481337087790522,1222.008,16.07354
Mauritius,2006,0.025901591313615517,1228.09,16.89452
Mauritius,2007,0.026883389353768418,1233.89,17.86208
Mauritius,2008,0.027665707496951197,1239.262,18.84822
Mauritius,2009,0.02668994317528612,1243.998,19.44343
Mauritius,2010,0.028753026405444936,1247.953,20.26889
Mauritius,2011,0.02947255968145292,1251.073,21.1104
Mauritius,2012,0.02971740389176734,1253.49,21.88028
Mauritius,2013,0.030131847191837903,1255.458,22.5949
Mauritius,2014,0.031051975933491398,1257.35,23.45554
Mauritius,2015,0.0322064441664022,1259.458,24.27816
Mauritius,2016,0.03348089592731304,1261.87,25.20134
Mauritius,2017,0.036733102593624875,1264.495,26.1587
Mauritius,2018,0.03877193360331236,1266.92,27.13042
Mauritius,2019,0.04033871236120876,1269.345,27.95627
Mexico,1980,1.5204897491135096,67967.05,984.75
Mexico,1981,1.6812000789633028,69612.38,1068.837
Mexico,1982,1.7770816405566179,71264.75,1063.261
Mexico,1983,1.6730617622679937,72916.28,1026.112
Mexico,1984,1.685364725929538,74558.77,1061.061
Mexico,1985,1.7815899462289977,76185.45,1084.118
Mexico,1986,1.7606569785253554,77796.66,1050.373
Mexico,1987,1.805439215041935,79397.05,1068.613
Mexico,1988,1.8404359238883086,80987.2,1082.143
Mexico,1989,1.9409596640073783,82567.58,1126.838
Mexico,1990,1.573293888787763,84139.4,1185.03
Mexico,1991,1.6850673413978834,85705.88,1234.726
Mexico,1992,1.7020876656902388,87265.93,1278.798
Mexico,1993,1.7985580725015051,88813.72000000002,1311.174
Mexico,1994,1.9160532188482826,90343.43,1375.8499999999997
Mexico,1995,1.860714794148531,91848.92,1289.315
Mexico,1996,1.9040034370690169,93326.07,1373.4890000000003
Mexico,1997,1.9357914884952088,94779.3,1470.588
Mexico,1998,2.074998021968308,96217.02999999998,1546.9620000000002
Mexico,1999,2.0757691786246864,97648.27999999998,1589.3679999999997
Mexico,2000,2.1627662449657463,99077.14,1664.084
Mexico,2001,2.1557552756706757,100487.5,1660.8149999999998
Mexico,2002,2.159948998975141,101878.2,1660.022
Mexico,2003,2.2343780504952115,103276.5,1684.366
Mexico,2004,2.2903161046282503,104707.5,1746.617
Mexico,2005,2.3635659080785265,106199.8,1790.452
Mexico,2006,2.464085683416769,107767.5,1870.96
Mexico,2007,2.506243431564507,109391.8,1913.63
Mexico,2008,2.534939311798676,111040.5,1931.289
Mexico,2009,2.5168956059073837,112682.2,1833.253
Mexico,2010,2.510286346226889,114291.8,1927.2259999999999
Mexico,2011,2.5794936101273933,115875.8,1997.996
Mexico,2012,2.569418076292506,117451.5,2066.548
Mexico,2013,2.5955183191592957,119010.5,2099.258
Mexico,2014,2.560811230822864,120543.5,2159.231
Mexico,2015,2.601396911176399,122042.5,2230.743
Mexico,2016,2.6579677542696736,123510.2,2284.177
Mexico,2017,2.6533549257115197,124950.2,2337.576
Mexico,2018,2.6350933947380715,126362.2,2388.543
Mexico,2019,2.662164507366673,127745.8,2384.142
Micronesia,1980,0.0,,
Micronesia,1981,0.0,,
Micronesia,1982,0.0,,
Micronesia,1983,0.0,,
Micronesia,1984,0.0,,
Micronesia,1985,0.0,,
Micronesia,1986,0.0,,
Micronesia,1987,0.0,,
Micronesia,1988,0.0,,
Micronesia,1989,0.0,,
Micronesia,1990,0.0,,
Micronesia,1991,0.0,,
Micronesia,1992,0.0,,
Micronesia,1993,0.0,,
Micronesia,1994,0.0,,
Micronesia,1995,0.0,,
Micronesia,1996,0.0,,
Micronesia,1997,0.0,,
Micronesia,1998,0.0,,
Micronesia,1999,0.0,,
Micronesia,2000,0.0005982679,,
Micronesia,2001,0.0006797143000000001,,
Micronesia,2002,0.0006322456666666667,,
Micronesia,2003,0.0006818757666666666,,
Micronesia,2004,0.0006561795,,
Micronesia,2005,0.0005599698666666667,,
Micronesia,2006,0.0005767029,,
Micronesia,2007,0.0006431239333333334,,
Micronesia,2008,0.0005598612333333333,,
Micronesia,2009,0.0007730758666666666,,
Micronesia,2010,0.0005403262333333333,,
Micronesia,2011,0.0006241851,,
Micronesia,2012,0.0006950169333333334,,
Micronesia,2013,0.0007319316666666667,,
Micronesia,2014,0.0007666059666666666,,
Micronesia,2015,0.0008058561333333333,,
Micronesia,2016,0.0008524559733333333,,
Micronesia,2017,0.0008613667906666667,,
Micronesia,2018,0.00104213976,,
Micronesia,2019,0.00098391348,,
Moldova,1980,,,
Moldova,1981,,,
Moldova,1982,,,
Moldova,1983,,,
Moldova,1984,,,
Moldova,1985,,,
Moldova,1986,,,
Moldova,1987,,,
Moldova,1988,,,
Moldova,1989,,,
Moldova,1990,,,
Moldova,1991,,,
Moldova,1992,0.0849886458015179,4356.9,
Moldova,1993,0.06331962954545056,4345.6,
Moldova,1994,0.04428461564957218,4350.5,
Moldova,1995,0.04530229427285194,4345.7,15.0124
Moldova,1996,0.05179939440725856,4331.9,14.1301
Moldova,1997,0.05697114927378978,4317.5,14.3628
Moldova,1998,0.052994781340321,3655.6,13.4232
Moldova,1999,0.04328124330470642,3649.9,12.9711
Moldova,2000,0.04497232395794626,3644.1,13.2445
Moldova,2001,0.04399480303616366,3635.1,14.057899999999998
Moldova,2002,0.048450168377381496,3627.8000000000006,15.155700000000001
Moldova,2003,0.053807719601194716,3618.3000000000006,16.1595
Moldova,2004,0.0502347560142171,3607.4,17.3494
Moldova,2005,0.054991249478884216,3600.4,18.6509
Moldova,2006,0.058196145252229235,3589.9,19.5432
Moldova,2007,0.05064107755959045,3581.1,20.1292
Moldova,2008,0.05230714592197909,3572.6999999999994,21.7069
Moldova,2009,0.04713741433709756,3567.5,20.4067
Moldova,2010,0.04662614183150524,3563.6999999999994,21.8544
Moldova,2011,0.045178013382152375,3560.4,23.1259
Moldova,2012,0.06178460057945774,3559.5,22.989500000000003
Moldova,2013,0.06078483179261912,3559.5,25.068699999999996
Moldova,2014,0.05814002419979356,3557.6,26.322
Moldova,2015,0.05196645508458194,3555.1999999999994,26.233
Moldova,2016,0.05193370805935253,3553.1,27.3896
Moldova,2017,0.05280441269611692,3550.9,28.674400000000002
Moldova,2018,0.056301416586865514,3547.5,29.907799999999998
Moldova,2019,0.057246856888666854,3542.6999999999994,30.9415
Mongolia,1980,0.05950882450102404,1689.62,
Mongolia,1981,0.05033280768222046,1733.47,
Mongolia,1982,0.06286827118694208,1777.7300000000002,
Mongolia,1983,0.06387502125166959,1823.21,
Mongolia,1984,0.06318595978696831,1871.09,
Mongolia,1985,0.0742290324885185,1921.89,
Mongolia,1986,0.08079930279379513,1976.3100000000002,
Mongolia,1987,0.08448717481485953,2033.3499999999997,
Mongolia,1988,0.08885796661442454,2089.71,8.68915
Mongolia,1989,0.08426179227106372,2141.0,9.05409
Mongolia,1990,0.07793475827432163,2184.14,8.82774
Mongolia,1991,0.08087305229999844,2217.92,8.0157
Mongolia,1992,0.0722558722613363,2243.5,7.25731
Mongolia,1993,0.06630786004083736,2263.2,7.039170000000001
Mongolia,1994,0.061814664618008164,2280.48,7.20194
Mongolia,1995,0.058923749178023524,2298.02,8.37887
Mongolia,1996,0.0606653965494676,2316.57,8.57602
Mongolia,1997,0.05543166304957896,2335.74,8.91892
Mongolia,1998,0.05638766245801304,2355.67,9.23398
Mongolia,1999,0.0567230345894668,2376.23,9.53092
Mongolia,2000,0.05918279726846622,2397.42,9.63159
Mongolia,2001,0.059065681577226706,2419.59,9.73232
Mongolia,2002,0.0629948731192018,2443.26,10.1063
Mongolia,2003,0.05980120460378639,2468.76,10.7247
Mongolia,2004,0.058703972568691344,2496.39,11.864200000000002
Mongolia,2005,0.06089246088446846,2526.43,12.7248
Mongolia,2006,0.0655853242203221,2558.85,13.8136
Mongolia,2007,0.06884219202024087,2593.82,15.2292
Mongolia,2008,0.06803278363519404,2631.9,16.5846
Mongolia,2009,0.06894494216802619,2673.79,16.3742
Mongolia,2010,0.06714043699541708,2719.9,17.4165
Mongolia,2011,0.06988157269966938,2770.36,19.1224
Mongolia,2012,0.07509730965695278,2824.6999999999994,21.3603
Mongolia,2013,0.07969239856459373,2881.78,24.610699999999998
Mongolia,2014,0.07804812811834735,2940.11,28.9489
Mongolia,2015,0.07763565694526464,2998.43,32.285
Mongolia,2016,0.08142155353550093,3056.36,32.773
Mongolia,2017,0.08892441790026187,3113.7899999999995,34.5961
Mongolia,2018,0.09703564277123122,3168.6200000000003,37.2192
Mongolia,2019,0.10713306099632539,3223.4600000000005,39.254
Montenegro,1980,,,
Montenegro,1981,,,
Montenegro,1982,,,
Montenegro,1983,,,
Montenegro,1984,,,
Montenegro,1985,,,
Montenegro,1986,,,
Montenegro,1987,,,
Montenegro,1988,,,
Montenegro,1989,,,
Montenegro,1990,,,
Montenegro,1991,,,
Montenegro,1992,,,
Montenegro,1993,,,
Montenegro,1994,,,
Montenegro,1995,,,
Montenegro,1996,,,
Montenegro,1997,,,
Montenegro,1998,,,
Montenegro,1999,,,
Montenegro,2000,,,
Montenegro,2001,,,
Montenegro,2002,,,
Montenegro,2003,,,
Montenegro,2004,,,
Montenegro,2005,,,
Montenegro,2006,0.02095375013389488,617.863,8.38834
Montenegro,2007,0.01884672149916116,619.554,8.95875
Montenegro,2008,0.02129870180500086,621.312,9.60378
Montenegro,2009,0.01837123181635046,622.933,9.04676
Montenegro,2010,0.02293786583329274,624.279,9.29102
Montenegro,2011,0.01892052722551454,625.271,9.58833
Montenegro,2012,0.01837948591981502,625.931,9.32945
Montenegro,2013,0.019793249442038523,626.342,9.65598
Montenegro,2014,0.017679278141594958,626.65,9.82979
Montenegro,2015,0.018186095456259703,626.957,10.164
Montenegro,2016,0.01816016228256364,627.271,10.4588
Montenegro,2017,0.01695565306381644,627.563,10.9503
Montenegro,2018,0.0202628114468184,627.729,11.5088
Montenegro,2019,0.0194137670213386,627.896,11.9806
Montserrat,1980,8.5278e-05,,
Montserrat,1981,8.5045e-05,,
Montserrat,1982,8.5045e-05,,
Montserrat,1983,8.5045e-05,,
Montserrat,1984,8.5278e-05,,
Montserrat,1985,0.00017009,,
Montserrat,1986,6.95242875e-05,,
Montserrat,1987,8.70492369e-05,,
Montserrat,1988,8.705861196e-05,,
Montserrat,1989,8.70492369e-05,,
Montserrat,1990,0.0001025699494,,
Montserrat,1991,0.0001792637494,,
Montserrat,1992,0.00017971337856,,
Montserrat,1993,0.0001792637494,,
Montserrat,1994,0.0001792637494,,
Montserrat,1995,0.0002643087494,,
Montserrat,1996,0.00026499137856,,
Montserrat,1997,0.0002643087494,,
Montserrat,1998,0.0002643087494,,
Montserrat,1999,0.00026431543999995996,,
Montserrat,2000,0.000158751784,,
Montserrat,2001,0.00015875178399996,,
Montserrat,2002,0.00022882041999996002,,
Montserrat,2003,0.00022882041999996002,,
Montserrat,2004,0.00022882041999996002,,
Montserrat,2005,0.00022882041999996002,,
Montserrat,2006,0.00022882041999996002,,
Montserrat,2007,0.00025435097599995997,,
Montserrat,2008,0.00032654886119996,,
Montserrat,2009,0.00027611117360000004,,
Montserrat,2010,0.0003689334468,,
Montserrat,2011,0.00025503574359996,,
Montserrat,2012,0.00024742065200000004,,
Montserrat,2013,0.0003117534844,,
Montserrat,2014,0.0002911127392,,
Montserrat,2015,0.000327624,,
Montserrat,2016,0.00018689824,,
Montserrat,2017,0.00016788638438216,,
Montserrat,2018,0.00018647194434164,,
Montserrat,2019,0.00018647192,,
Morocco,1980,0.0864990840729863,19990.0,
Morocco,1981,0.08286405011370182,20479.7,
Morocco,1982,0.0836606518465875,20984.0,
Morocco,1983,0.08627225005680637,21495.1,
Morocco,1984,0.08160643920002764,22002.599999999995,
Morocco,1985,0.08797145721097081,22499.099999999995,
Morocco,1986,0.09497691846898457,22980.3,
Morocco,1987,0.09610135284166438,23447.3,
Morocco,1988,0.10212204719238109,23903.599999999995,89.551
Morocco,1989,0.1140194278080656,24355.599999999995,92.0998
Morocco,1990,0.11911137789451083,24807.5,95.2421
Morocco,1991,0.1222794843456417,25260.400000000005,102.115
Morocco,1992,0.13102276188742987,25711.400000000005,99.97269999999999
Morocco,1993,0.13408525946937538,26155.2,99.2323
Morocco,1994,0.14839792372997967,26584.5,109.73899999999999
Morocco,1995,0.1488910253233344,26994.3,103.807
Morocco,1996,0.1509363083869275,27383.5,116.651
Morocco,1997,0.15687882538696188,27754.599999999995,114.831
Morocco,1998,0.1572495185265403,28110.400000000005,123.14299999999999
Morocco,1999,0.16554333581316388,28455.5,123.794
Morocco,2000,0.1656972750064293,28793.7,125.767
Morocco,2001,0.1752632504583282,29126.3,135.264
Morocco,2002,0.17840998597983376,29454.8,139.75
Morocco,2003,0.1814868344264025,29782.900000000005,148.577
Morocco,2004,0.2085516347052864,30115.2,155.71
Morocco,2005,0.22492716079342853,30455.599999999995,160.35
Morocco,2006,0.2331460269934927,30804.7,172.792
Morocco,2007,0.24688521791088974,31163.7,177.287
Morocco,2008,0.2550926153557658,31536.8,187.788
Morocco,2009,0.26890201865289787,31929.099999999995,195.75699999999998
Morocco,2010,0.2887198914522309,32343.400000000005,203.227
Morocco,2011,0.29911642662159255,32781.9,213.88700000000003
Morocco,2012,0.304846028699744,33241.9,220.326
Morocco,2013,0.3120684369598973,33715.7,230.318
Morocco,2014,0.3198507719192955,34192.4,236.48
Morocco,2015,0.3224065957710168,34663.6,247.207
Morocco,2016,0.3177907213289588,35126.3,249.827
Morocco,2017,0.336779923467761,35581.3,260.442
Morocco,2018,0.34180207482895375,36024.4,268.642
Morocco,2019,0.358740171590022,36467.5,275.648
Mozambique,1980,0.06660705067182923,11630.200000000003,5.904700000000001
Mozambique,1981,0.02319535053174664,11913.1,6.199929999999999
Mozambique,1982,0.02287458243727732,12189.83,5.77214
Mozambique,1983,0.032171567830009316,12439.75,4.86591
Mozambique,1984,0.012065667039725201,12636.12,4.54962
Mozambique,1985,0.01167251335720932,12764.38,4.59512
Mozambique,1986,0.0061664498322,12808.58,4.48944
Mozambique,1987,0.0062268580322,12786.35,5.14939
Mozambique,1988,0.00903694352,12758.0,5.57163
Mozambique,1989,0.007303448999999999,12805.980000000001,5.933789999999999
Mozambique,1990,0.0074579862,12987.299999999997,5.99313
Mozambique,1991,0.0076532987681999995,13328.019999999999,6.288319
Mozambique,1992,0.00755335903424,13806.0,5.90317
Mozambique,1993,0.0081478002322,14370.950000000003,6.52883
Mozambique,1994,0.0078801774322,14948.08,6.955369999999999
Mozambique,1995,0.0083069318322,15483.28,7.11254
Mozambique,1996,0.00868270911424,15960.450000000003,7.90934
Mozambique,1997,0.010328170432199999,16397.18,8.80318
Mozambique,1998,0.01282270492,16813.95,9.67744
Mozambique,1999,0.031114903719999996,17244.17,10.80956
Mozambique,2000,0.04269629762799996,17711.92,10.93714
Mozambique,2001,0.054023246096,18221.88,12.259099999999998
Mozambique,2002,0.053083380087999996,18764.15,13.3981
Mozambique,2003,0.05389945810399997,19331.07,14.31969
Mozambique,2004,0.055034828096,19910.55,15.4533
Mozambique,2005,0.060399106004,20493.9,16.48031
Mozambique,2006,0.06581509610799996,21080.12,18.07797
Mozambique,2007,0.07345246366,21673.32,19.47535
Mozambique,2008,0.06832700653599998,22276.569999999996,20.90052
Mozambique,2009,0.07384985953999997,22894.7,22.22104
Mozambique,2010,0.07418316558,23531.569999999996,23.665939999999996
Mozambique,2011,0.08368950245599996,24187.5,25.42133
Mozambique,2012,0.08995408253199996,24862.680000000004,27.26651
Mozambique,2013,0.0955449050036602,25560.75,29.165270000000003
Mozambique,2014,0.10538491340609643,26286.2,31.32307
Mozambique,2015,0.11591882211270266,27042.02,33.42898
Mozambique,2016,0.11809040156694883,27829.930000000004,34.70738
Mozambique,2017,0.11872392825721234,28649.0,36.03659
Mozambique,2018,0.09784624808331048,29517.8,37.25525
Mozambique,2019,0.09853610479035033,30386.599999999995,38.10749
Namibia,1980,,,
Namibia,1981,,,
Namibia,1982,,,
Namibia,1983,,,
Namibia,1984,,,
Namibia,1985,,,
Namibia,1986,,,
Namibia,1987,,,
Namibia,1988,,,
Namibia,1989,,,
Namibia,1990,0.013864904,1432.9000000000003,8.45449
Namibia,1991,0.007366269968449279,1476.4000000000003,9.14497
Namibia,1992,0.00685365841853168,1516.95,9.8024
Namibia,1993,0.00861902280826956,1555.0999999999997,9.64749
Namibia,1994,0.00821706172599488,1591.83,9.81437
Namibia,1995,0.012919271581088479,1627.87,10.197
Namibia,1996,0.01254245701981008,1663.38,10.5226
Namibia,1997,0.01211598159246184,1698.03,10.9666
Namibia,1998,0.013311008881727721,1731.64,11.3275
Namibia,1999,0.01782418628926584,1763.86,11.7091
Namibia,2000,0.01730977344819646,1794.58,12.1181
Namibia,2001,0.02003387355905805,1823.67,12.2609
Namibia,2002,0.019262853440089867,1851.5199999999998,12.848
Namibia,2003,0.02030848361408516,1879.11,13.3927
Namibia,2004,0.02117089583012925,1907.74,15.036
Namibia,2005,0.022319516193013193,1938.32,15.4163
Namibia,2006,0.02224291405238072,1971.32,16.5066
Namibia,2007,0.0228885694754634,2006.5199999999998,17.3938
Namibia,2008,0.0241239584621295,2043.38,17.8547
Namibia,2009,0.02458867130630316,2081.04,17.9074
Namibia,2010,0.025313563909534396,2118.88,18.989
Namibia,2011,0.02642287865190814,2156.7,19.9558
Namibia,2012,0.0274937349063032,2194.78,20.9659
Namibia,2013,0.02801176912658592,2233.51,22.252400000000005
Namibia,2014,0.029805082119524873,2273.43,23.6083
Namibia,2015,0.03119900349726549,2314.9,24.615
Namibia,2016,0.031268821481696366,2358.04,24.6234
Namibia,2017,0.03190294848793746,2402.62,24.3704
Namibia,2018,0.03094979326219538,2448.72,24.628599999999995
Namibia,2019,0.029749095149843897,2494.82,24.41
Nauru,1980,0.0007987856501842,,
Nauru,1981,0.0007966031757301199,,
Nauru,1982,0.0007966031757301199,,
Nauru,1983,0.0007966031757301199,,
Nauru,1984,0.0007987856501842,,
Nauru,1985,0.0007966031757301199,,
Nauru,1986,0.0007623580895,,
Nauru,1987,0.0007623580895,,
Nauru,1988,0.0007643017692,,
Nauru,1989,0.0007623580895,,
Nauru,1990,0.0007623580895,,
Nauru,1991,0.0007623580895,,
Nauru,1992,0.0007643017692,,
Nauru,1993,0.0007623580895,,
Nauru,1994,0.0007623580895,,
Nauru,1995,0.0008541482895,,
Nauru,1996,0.0008563434492,,
Nauru,1997,0.0008541482895,,
Nauru,1998,0.0008541482895,,
Nauru,1999,0.0008541526,,
Nauru,2000,0.000624803692,,
Nauru,2001,0.000566298876,,
Nauru,2002,0.000531565068,,
Nauru,2003,0.00047654764800000003,,
Nauru,2004,0.00044724041399995997,,
Nauru,2005,0.0004382725956,,
Nauru,2006,0.00031910833759996,,
Nauru,2007,0.00031079071976,,
Nauru,2008,0.00031610875263999997,,
Nauru,2009,0.00030726461611996003,,
Nauru,2010,0.00032387929088,,
Nauru,2011,0.00031836368,,
Nauru,2012,0.000337828076,,
Nauru,2013,0.000394660084,,
Nauru,2014,0.00042614896800000004,,
Nauru,2015,0.00045378624000000004,,
Nauru,2016,0.00049801328,,
Nauru,2017,0.00038791842002576,,
Nauru,2018,0.00045632741831904,,
Nauru,2019,0.00036460987999999996,,
Nepal,1980,0.0029961777956671602,15016.4,
Nepal,1981,0.0030024588847398998,15367.200000000003,
Nepal,1982,0.0039012757598059595,15729.4,
Nepal,1983,0.00445881766111876,16100.6,
Nepal,1984,0.00451249317820086,16477.5,
Nepal,1985,0.0041324254051132,16858.3,
Nepal,1986,0.00556145457975976,17239.7,
Nepal,1987,0.00633383288194128,17623.7,
Nepal,1988,0.006266474340497321,18020.8,25.786199999999997
Nepal,1989,0.006290866438413719,18445.0,26.8636
Nepal,1990,0.0075675548194248,18905.5,28.3914
Nepal,1991,0.008629055710471201,19405.5,29.903499999999998
Nepal,1992,0.009098691163881,19938.3,30.9674
Nepal,1993,0.009296511688443119,20490.0,32.9401
Nepal,1994,0.01043586544428332,21040.9,34.8792
Nepal,1995,0.01154188575036156,21576.1,36.3288
Nepal,1996,0.013094862738823982,22090.3,38.3023
Nepal,1997,0.01413365051192004,22584.8,39.7978
Nepal,1998,0.01719213793682696,23057.900000000005,41.1841
Nepal,1999,0.01942751746765272,23510.0,43.4486
Nepal,2000,0.02008047997515048,23941.099999999995,46.013200000000005
Nepal,2001,0.02118891115615232,24347.099999999995,46.974700000000006
Nepal,2002,0.022310787120898002,24725.599999999995,47.771800000000006
Nepal,2003,0.02346835982371348,25080.900000000005,49.9861
Nepal,2004,0.02344103800526576,25419.3,52.045899999999996
Nepal,2005,0.0243405791063188,25744.5,53.788199999999996
Nepal,2006,0.0240134731731889,26066.7,55.5119
Nepal,2007,0.02384020860814574,26382.599999999995,58.2218
Nepal,2008,0.026396642767761443,26666.599999999995,61.388200000000005
Nepal,2009,0.03019922035359296,26883.5,64.261
Nepal,2010,0.03220301233783174,27013.2,66.8671
Nepal,2011,0.034317309812502014,27041.2,69.4847
Nepal,2012,0.03607918823935622,26989.2,72.1735
Nepal,2013,0.038141000087380264,26916.8,75.6851
Nepal,2014,0.04120921344076208,26906.0,79.7354
Nepal,2015,0.03689638613190196,27015.0,80.943
Nepal,2016,0.0542307762942878,27263.400000000005,84.6337
Nepal,2017,0.06194421554856396,27632.7,92.1268
Nepal,2018,0.0680695252837568,28134.099999999995,99.17969999999998
Nepal,2019,0.059728464346931166,28635.400000000005,101.266
Netherlands,1980,1.0887587249817066,14164.5,410.778
Netherlands,1981,1.0230724355575362,14256.85,408.66799999999995
Netherlands,1982,0.994595360813662,14319.4,403.425
Netherlands,1983,0.9536334205875708,14373.950000000003,410.518
Netherlands,1984,0.9586573118266357,14431.6,423.319
Netherlands,1985,0.9995906851190145,14501.049999999997,434.564
Netherlands,1986,1.04831647466219,14582.97,448.147
Netherlands,1987,1.0787046833246594,14677.53,456.43799999999993
Netherlands,1988,1.0825606242887598,14771.38,477.367
Netherlands,1989,1.0899559991326746,14859.82,498.75499999999994
Netherlands,1990,1.1335943735310983,14966.25,519.594
Netherlands,1991,1.189019036023434,15084.65,532.33
Netherlands,1992,1.177689737595543,15197.950000000003,540.79
Netherlands,1993,1.2026425158439837,15303.17,547.625
Netherlands,1994,1.212431765925764,15393.15,564.101
Netherlands,1995,1.2471793907537838,15467.75,582.452
Netherlands,1996,1.3131570794261396,15539.65,599.847
Netherlands,1997,1.2937743910191475,15621.549999999997,626.88
Netherlands,1998,1.2992710411547967,15720.450000000003,655.458
Netherlands,1999,1.2879701048358676,15825.08,687.75
Netherlands,2000,1.3128087584995944,15940.9,717.194
Netherlands,2001,1.3509557018355371,16060.950000000003,733.917
Netherlands,2002,1.3672790681837697,16159.85,735.518
Netherlands,2003,1.3910863776245899,16233.47,737.08
Netherlands,2004,1.4244415930544754,16287.72,750.0589999999999
Netherlands,2005,1.4313969288018544,16323.450000000003,765.4720000000001
Netherlands,2006,1.4286356303027181,16349.08,793.1640000000001
Netherlands,2007,1.4274504916304211,16387.62,823.06
Netherlands,2008,1.4139023786849565,16455.65,840.982
Netherlands,2009,1.3620799970933568,16541.55,810.09
Netherlands,2010,1.426926815374214,16625.5,820.6330000000002
Netherlands,2011,1.3657998010611505,16702.38,833.256
Netherlands,2012,1.3420366120821061,16761.15,824.667
Netherlands,2013,1.3173760885941546,16810.65,823.9810000000001
Netherlands,2014,1.2563088987760995,16873.95,835.776
Netherlands,2015,1.2710085296215867,16949.7,852.1349999999999
Netherlands,2016,1.290037938222001,17043.1,870.39
Netherlands,2017,1.3056373769927074,17143.75,896.625
Netherlands,2018,1.276044698383113,17244.25,917.417
Netherlands,2019,1.2726521143067775,17360.55,934.9209999999999
Netherlands Antilles,1980,0.09544415311891637,147.997,
Netherlands Antilles,1981,0.08732419884637752,148.205,
Netherlands Antilles,1982,0.08295798890481601,148.808,
Netherlands Antilles,1983,0.07771853697322936,149.587,
Netherlands Antilles,1984,0.0744289267436576,150.185,
Netherlands Antilles,1985,0.06200018118160008,150.375,
Netherlands Antilles,1986,0.060602994,150.065,
Netherlands Antilles,1987,0.060817540999999996,149.328,
Netherlands Antilles,1988,0.0574543872,148.353,2.23597
Netherlands Antilles,1989,0.0601358524,147.415,2.41037
Netherlands Antilles,1990,0.058834379199999995,146.679,2.44653
Netherlands Antilles,1991,0.056079038000000005,146.243,2.49057
Netherlands Antilles,1992,0.0554291628,146.018,2.57024
Netherlands Antilles,1993,0.05541283179999999,145.766,2.68778
Netherlands Antilles,1994,0.0573048308,145.132,2.83424
Netherlands Antilles,1995,0.0609908524,143.88,2.8789700000000003
Netherlands Antilles,1996,0.060308829919999994,141.97,2.91897
Netherlands Antilles,1997,0.06390018,139.534,2.9546499999999996
Netherlands Antilles,1998,0.0646726796,136.868,2.86265
Netherlands Antilles,1999,0.06320208819999999,134.302,2.8108799999999996
Netherlands Antilles,2000,0.07469501002580878,132.147,2.75424
Netherlands Antilles,2001,0.07671401202504564,130.405,2.79306
Netherlands Antilles,2002,0.07458627647423603,129.082,2.80423
Netherlands Antilles,2003,0.07406314025820479,128.422,2.8519
Netherlands Antilles,2004,0.07684829161917112,128.713,2.88612
Netherlands Antilles,2005,0.07965451020232725,130.136,2.91787
Netherlands Antilles,2006,0.0801962278146808,132.812,2.9656
Netherlands Antilles,2007,0.0848164671664016,136.579,3.03885
Netherlands Antilles,2008,0.08466365375695756,141.004,3.10535
Netherlands Antilles,2009,0.08137210524947121,145.364,3.0888499999999994
Netherlands Antilles,2010,0.07020165389151925,149.188,3.09139
Netherlands Antilles,2011,0.07918275551823431,152.309,3.11033
Netherlands Antilles,2012,0.07410956776008326,154.812,3.10601
Netherlands Antilles,2013,0.07428839896872565,156.79,3.0813399999999995
Netherlands Antilles,2014,0.0749969111863448,158.432,3.04625
Netherlands Antilles,2015,0.07683471334718484,159.85,3.0547400000000002
Netherlands Antilles,2016,0.077542762396,161.055,3.0246
Netherlands Antilles,2017,0.0782018778412,161.986,2.972
Netherlands Antilles,2018,0.079029962112,162.691,2.90762
Netherlands Antilles,2019,0.076487798,163.395,2.80876
New Caledonia,1980,0.010680387147036601,,
New Caledonia,1981,0.01024168585490702,,
New Caledonia,1982,0.00816882884621482,,
New Caledonia,1983,0.0071327553358872,,
New Caledonia,1984,0.0085262293380133,,
New Caledonia,1985,0.00903348790065606,,
New Caledonia,1986,0.00909189865511808,,
New Caledonia,1987,0.0089809756888932,,
New Caledonia,1988,0.0097175433615008,,
New Caledonia,1989,0.01059541141144248,,
New Caledonia,1990,0.010249565246728879,,
New Caledonia,1991,0.01034530773387268,,
New Caledonia,1992,0.010649547468460798,,
New Caledonia,1993,0.0105016975806266,,
New Caledonia,1994,0.01083044755107436,,
New Caledonia,1995,0.010857491649755361,,
New Caledonia,1996,0.0109102979349516,,
New Caledonia,1997,0.0101833452723342,,
New Caledonia,1998,0.01038743633266072,,
New Caledonia,1999,0.01060238994542504,,
New Caledonia,2000,0.013688222136218762,,
New Caledonia,2001,0.013089803425441079,,
New Caledonia,2002,0.014156589720269239,,
New Caledonia,2003,0.01531566914849664,,
New Caledonia,2004,0.014853520466731501,,
New Caledonia,2005,0.016301573224195683,,
New Caledonia,2006,0.01604409189155144,,
New Caledonia,2007,0.01721699961612206,,
New Caledonia,2008,0.01728249493988058,,
New Caledonia,2009,0.01738421383037924,,
New Caledonia,2010,0.02024351357536078,,
New Caledonia,2011,0.0200111124795569,,
New Caledonia,2012,0.02125812262354504,,
New Caledonia,2013,0.02277917783620452,,
New Caledonia,2014,0.026206831719451918,,
New Caledonia,2015,0.026823487210890517,,
New Caledonia,2016,0.028600905124959358,,
New Caledonia,2017,0.027636429852708238,,
New Caledonia,2018,0.030816521154740838,,
New Caledonia,2019,0.030335686762379282,,
New Zealand,1980,0.19252957360936832,3152.975,66.82639
New Zealand,1981,0.18774190618469527,3173.3799999999997,69.9377
New Zealand,1982,0.19263714569010143,3198.605,70.5878
New Zealand,1983,0.2026232497647041,3226.0579999999995,73.0525
New Zealand,1984,0.2139192383590923,3252.7019999999998,76.55409
New Zealand,1985,0.2198721085510061,3276.7100000000005,77.79
New Zealand,1986,0.24017008552055033,3297.9780000000005,79.8952
New Zealand,1987,0.24444330555268873,3318.7179999999994,80.8061
New Zealand,1988,0.2601734421409151,3342.7719999999995,81.9072
New Zealand,1989,0.2656216556339857,3371.4230000000002,83.15
New Zealand,1990,0.2810510581358764,3444.225,84.0265
New Zealand,1991,0.2825015671235134,3515.3249999999994,82.1365
New Zealand,1992,0.2835512778968484,3517.3170000000005,82.991
New Zealand,1993,0.2876895845662216,3557.84,86.93441
New Zealand,1994,0.304203787177198,3603.145,92.80711000000001
New Zealand,1995,0.31101652222464843,3655.1920000000005,96.608
New Zealand,1996,0.31432932305423494,3712.3180000000007,100.2147
New Zealand,1997,0.3140492607001442,3765.167,103.2633
New Zealand,1998,0.3068853284002054,3804.1730000000002,104.0566
New Zealand,1999,0.31706529707423886,3830.0049999999997,108.8763
New Zealand,2000,0.3241425377504422,3850.842,113.27299999999998
New Zealand,2001,0.3280427392537365,3876.323,115.9683
New Zealand,2002,0.3384041803644333,3924.355,121.9363
New Zealand,2003,0.32438704187749545,3998.65,127.3435
New Zealand,2004,0.3337272413065849,4067.1649999999995,133.1102
New Zealand,2005,0.32503169073803717,4119.125,136.4002
New Zealand,2006,0.32683069287833755,4166.592,140.0431
New Zealand,2007,0.3280143312870023,4211.695,145.5205
New Zealand,2008,0.33006334769353074,4248.375,145.0052
New Zealand,2009,0.3283144046863228,4288.242,145.5062
New Zealand,2010,0.33757523682451723,4335.42,148.5005
New Zealand,2011,0.3367250118387754,4374.72,151.0972
New Zealand,2012,0.3343770233404998,4401.413,155.0815
New Zealand,2013,0.34063183021721477,4431.982,158.5087
New Zealand,2014,0.3581657155995274,4489.612,163.6002
New Zealand,2015,0.3557496555054773,4577.105,170.5286
New Zealand,2016,0.3638421317319754,4677.248,177.3747
New Zealand,2017,0.36755056633302335,4778.79,184.48390000000003
New Zealand,2018,0.3641906916386669,4869.603,192.42600000000002
New Zealand,2019,0.3703296408887004,4956.083,198.6641
Nicaragua,1980,0.01319097858892368,3265.52,
Nicaragua,1981,0.01312173656551804,3360.14,
Nicaragua,1982,0.01296998286007404,3455.1299999999997,
Nicaragua,1983,0.012848487758134039,3549.7100000000005,
Nicaragua,1984,0.01270389822535824,3642.98,
Nicaragua,1985,0.014369765095680078,3734.34,
Nicaragua,1986,0.0138043624,3823.1299999999997,
Nicaragua,1987,0.0144431584,3909.67,
Nicaragua,1988,0.01465296784,3995.53,
Nicaragua,1989,0.015878668000000002,4082.9600000000005,
Nicaragua,1990,0.0147331248,4173.44,13.5571
Nicaragua,1991,0.0140943686,4267.57,13.5314
Nicaragua,1992,0.01589620216,4364.51,13.5837
Nicaragua,1993,0.0163585772,4462.5,13.5306
Nicaragua,1994,0.0166795428,4559.01,13.982
Nicaragua,1995,0.0178452756,4652.19,14.8087
Nicaragua,1996,0.0188106,4741.57,15.748399999999998
Nicaragua,1997,0.019345505399999997,4827.66,16.3731
Nicaragua,1998,0.020931349199999998,4910.64,16.9808
Nicaragua,1999,0.0224425352,4991.04,18.1756
Nicaragua,2000,0.02224218521149596,5069.31,18.921
Nicaragua,2001,0.023610015463045562,5145.37,19.4813
Nicaragua,2002,0.02406427503824316,5219.32,19.6281
Nicaragua,2003,0.0255327797881832,5292.12,20.1229
Nicaragua,2004,0.0265720735936688,5364.93,21.1919
Nicaragua,2005,0.02700651664032876,5438.69,22.0994
Nicaragua,2006,0.02713761651807996,5513.759999999999,23.017
Nicaragua,2007,0.028267260790592004,5590.07,24.1784
Nicaragua,2008,0.028608710682172002,5667.44,25.034499999999998
Nicaragua,2009,0.0286196121688856,5745.54,24.1918
Nicaragua,2010,0.02958899110172316,5824.06,25.2567
Nicaragua,2011,0.0311251575309136,5903.04,26.859400000000004
Nicaragua,2012,0.03141681774942476,5982.53,28.601199999999995
Nicaragua,2013,0.0333422426311328,6062.46,30.0183
Nicaragua,2014,0.03527349934801276,6142.73,31.4532
Nicaragua,2015,0.03870513561015998,6223.23,32.945
Nicaragua,2016,0.038735226048,6303.97,34.4577
Nicaragua,2017,0.0387146625628,6384.84,36.0536
Nicaragua,2018,0.038399512755999975,6464.75,34.8605
Nicaragua,2019,0.03905408064,6544.649999999999,33.5562
Niger,1980,0.0036022824806099204,5989.0,
Niger,1981,0.0037178569641863205,6163.71,
Niger,1982,0.0038584230462795203,6343.53,
Niger,1983,0.00372845289377888,6528.649999999999,
Niger,1984,0.00388082418093172,6719.31,
Niger,1985,0.00388211774340076,6915.990000000001,
Niger,1986,0.0032878107262502,7118.88,
Niger,1987,0.0035553168540129595,7328.93,
Niger,1988,0.00502296215928848,7548.43,9.1657
Niger,1989,0.00514729707075356,7780.240000000001,9.25342
Niger,1990,0.0050911625463454,8026.59,9.13234
Niger,1991,0.00515309008840628,8288.74,9.09221
Niger,1992,0.00503023761675612,8566.77,9.27412
Niger,1993,0.00529835796454832,8860.3,9.30395
Niger,1994,0.00535096317164684,9168.32,9.47652
Niger,1995,0.00551409150407528,9490.29,9.70938
Niger,1996,0.00554138839097096,9826.6,9.71914
Niger,1997,0.00556946256769548,10178.2,9.8676
Niger,1998,0.00578119324352328,10545.7,10.8517
Niger,1999,0.0053817715391884,10929.9,10.827800000000002
Niger,2000,0.00452784943670628,11331.6,10.696999999999997
Niger,2001,0.00443374873174206,11751.4,11.4745
Niger,2002,0.00471498312595686,12190.0,12.0388
Niger,2003,0.005184644295127281,12648.0,12.3001
Niger,2004,0.00568850012184822,13125.9,12.3449
Niger,2005,0.005361334993768,13624.5,13.25
Niger,2006,0.00539398892239942,14144.0,14.0359
Niger,2007,0.00580451882211362,14685.4,14.476999999999999
Niger,2008,0.006451384711696239,15250.9,15.596200000000001
Niger,2009,0.00759553212271674,15843.1,15.902300000000002
Niger,2010,0.00940113874730478,16464.0,17.2665
Niger,2011,0.0094368118802393,17114.8,17.6736
Niger,2012,0.01252115604582538,17795.2,19.5379
Niger,2013,0.01410072239171852,18504.3,20.5764
Niger,2014,0.01337286268727666,19240.2,21.9431
Niger,2015,0.01412059773312862,20001.7,22.907
Niger,2016,0.01318395468032968,20788.8,24.2148
Niger,2017,0.012831934561438042,21602.4,25.425300000000004
Niger,2018,0.013539779873931821,22470.5,27.2608
Niger,2019,0.01435607468537764,23338.599999999995,28.87
Nigeria,1980,0.16723209864214314,73423.62,
Nigeria,1981,0.2057317745747048,75440.5,278.4565
Nigeria,1982,0.20723685761239916,77427.55,259.5121
Nigeria,1983,0.2072924105263832,79414.83,231.1627
Nigeria,1984,0.22385185439928607,81448.75,228.5838
Nigeria,1985,0.23945969993930172,83562.77,242.1
Nigeria,1986,0.234137930591556,85766.4,242.2477
Nigeria,1987,0.24730337431728172,88048.0,249.9997
Nigeria,1988,0.2651871163924863,90395.25,268.3349
Nigeria,1989,0.28713188567465775,92788.02999999998,273.4853
Nigeria,1990,0.27886351124412306,95212.45,305.6933
Nigeria,1991,0.30656699975371,97667.62,306.7887
Nigeria,1992,0.31431915651503034,100161.8,320.9968
Nigeria,1993,0.31909602233368506,102700.7,314.464
Nigeria,1994,0.2975292972693616,105293.5,308.7567
Nigeria,1995,0.33089789641960354,107948.5,308.5325
Nigeria,1996,0.3390635195911659,110668.8,321.4782
Nigeria,1997,0.33919914413412516,113457.8,330.9204
Nigeria,1998,0.3252715514972936,116319.8,339.4622
Nigeria,1999,0.3263670142939287,119260.0,341.44519999999994
Nigeria,2000,0.30638571275409154,122284.0,358.5718
Nigeria,2001,0.34674125992266397,125394.0,379.7911
Nigeria,2002,0.36206799444007104,128596.2,438.01
Nigeria,2003,0.381667290501555,131900.5,470.191
Nigeria,2004,0.39609668974419165,135320.5,513.687
Nigeria,2005,0.4332536880898702,138865.2,546.76
Nigeria,2006,0.3862719208921845,142538.2,579.891
Nigeria,2007,0.3541018309101764,146340.2,618.113
Nigeria,2008,0.42589735999736167,150270.0,659.925
Nigeria,2009,0.2672537022496011,154325.2,712.9609999999999
Nigeria,2010,0.3326225621881416,158503.0,781.313
Nigeria,2011,0.47326788314470986,162805.3,819.87
Nigeria,2012,0.4720489286721752,167228.8,854.699
Nigeria,2013,0.6071964973465509,171766.0,900.3669999999998
Nigeria,2014,0.6629649977758854,176405.0,957.12
Nigeria,2015,0.626780728625363,181137.20000000004,982.939
Nigeria,2016,0.6409125050365857,185960.0,967.551
Nigeria,2017,0.6229732224232755,190873.20000000004,975.034
Nigeria,2018,0.6618880887867945,195962.0,993.862
Nigeria,2019,0.6805658512824367,201050.79999999996,1015.889
Niue,1980,1.70556e-05,,
Niue,1981,1.7009e-05,,
Niue,1982,1.7009e-05,,
Niue,1983,1.7009e-05,,
Niue,1984,1.70556e-05,,
Niue,1985,1.7383198e-05,,
Niue,1986,1.73746935e-05,,
Niue,1987,1.73746935e-05,,
Niue,1988,1.7379656400000002e-05,,
Niue,1989,1.73746935e-05,,
Niue,1990,1.73746935e-05,,
Niue,1991,1.73746935e-05,,
Niue,1992,1.7379656400000002e-05,,
Niue,1993,1.73746935e-05,,
Niue,1994,1.73746935e-05,,
Niue,1995,1.73746935e-05,,
Niue,1996,1.7379656400000002e-05,,
Niue,1997,1.73746935e-05,,
Niue,1998,1.73746935e-05,,
Niue,1999,1.738180000000003e-05,,
Niue,2000,3.873998520000003e-05,,
Niue,2001,3.9701472014e-05,,
Niue,2002,3.8302422999999963e-05,,
Niue,2003,3.595827989199997e-05,,
Niue,2004,3.588696084e-05,,
Niue,2005,3.710138984120404e-05,,
Niue,2006,3.673822430381203e-05,,
Niue,2007,3.390679226452003e-05,,
Niue,2008,5.3625797276280005e-05,,
Niue,2009,3.5293331557807396e-05,,
Niue,2010,3.288153242987797e-05,,
Niue,2011,3.656177851573293e-05,,
Niue,2012,3.6027529944440015e-05,,
Niue,2013,3.872966781211748e-05,,
Niue,2014,4.000764897828e-05,,
Niue,2015,4.3274904e-05,,
Niue,2016,4.164912e-05,,
Niue,2017,4.060848754656e-05,,
Niue,2018,4.2047126738799996e-05,,
Niue,2019,4.400224e-05,,
North Korea,1980,0.40470471416655285,17472.1,
North Korea,1981,0.420577951054241,17731.2,
North Korea,1982,0.43919344693941553,18008.6,
North Korea,1983,0.45907031999619063,18298.2,
North Korea,1984,0.47154563748892275,18590.1,
North Korea,1985,0.40018439098780123,18877.2,
North Korea,1986,0.40364008749748115,19156.8,
North Korea,1987,0.39711745127872466,19432.0,
North Korea,1988,0.4671868845473752,19708.3,52.41830000000001
North Korea,1989,0.3864332342956742,19993.8,53.1522
North Korea,1990,0.392505489773341,20293.1,50.8667
North Korea,1991,0.3907078277631739,20609.2,48.6198
North Korea,1992,0.32840828751888157,20937.4,45.1756
North Korea,1993,0.36134183250204577,21265.8,43.1522
North Korea,1994,0.35413661396682905,21578.0,42.2414
North Korea,1995,0.41750809442530057,21862.3,40.3936
North Korea,1996,0.40227311868966753,22113.400000000005,39.0394
North Korea,1997,0.3887107466091238,22335.3,36.5083
North Korea,1998,0.34477822297379357,22536.8,36.1782
North Korea,1999,0.44026985875166524,22731.5,38.3771
North Korea,2000,0.39187503354275754,22929.099999999995,38.5353
North Korea,2001,0.3811161085031534,23133.0,39.9827
North Korea,2002,0.37248931365350874,23339.400000000005,40.463
North Korea,2003,0.37095280602250646,23542.400000000005,41.1987
North Korea,2004,0.38674555387324305,23732.7,42.054
North Korea,2005,0.3802912872216454,23904.2,43.63559999999999
North Korea,2006,0.36045139100946544,24054.900000000005,43.18800000000001
North Korea,2007,0.33043795752405175,24188.3,42.6756
North Korea,2008,0.3558931791815113,24310.099999999995,43.997800000000005
North Korea,2009,0.30110483689888445,24428.3,43.59799999999999
North Korea,2010,0.2874727611125583,24548.8,43.3921
North Korea,2011,0.21482457000520708,24673.400000000005,43.7379
North Korea,2012,0.20535431652568997,24800.599999999995,44.3102
North Korea,2013,0.16181747351262313,24929.5,44.7851
North Korea,2014,0.15218825526467786,25057.8,45.2523
North Korea,2015,0.1347417600823559,25183.8,44.7353
North Korea,2016,0.15594581045598996,25307.7,46.4659
North Korea,2017,0.12739423033531377,25429.8,44.8478
North Korea,2018,0.13261418266248332,25546.2,42.98749999999999
North Korea,2019,0.12946268485244272,25662.5,43.1394
North Macedonia,1980,,,
North Macedonia,1981,,,
North Macedonia,1982,,,
North Macedonia,1983,,,
North Macedonia,1984,,,
North Macedonia,1985,,,
North Macedonia,1986,,,
North Macedonia,1987,,,
North Macedonia,1988,,,
North Macedonia,1989,,,
North Macedonia,1990,,,
North Macedonia,1991,,,
North Macedonia,1992,0.04160409969580072,1988.66,18.2996
North Macedonia,1993,0.0426610539315242,1984.0199999999998,16.9272
North Macedonia,1994,0.037143369570196164,1981.71,16.6225
North Macedonia,1995,0.03831670302363606,1983.26,16.4396
North Macedonia,1996,0.04214406697768202,1989.4399999999998,16.6369
North Macedonia,1997,0.03904257575538636,1999.59,16.8698
North Macedonia,1998,0.04537253699356148,2012.05,17.4434
North Macedonia,1999,0.04284183168285336,2024.39,18.1935
North Macedonia,2000,0.041273387939461205,2034.82,19.0122
North Macedonia,2001,0.038262348145537924,2042.84,18.429
North Macedonia,2002,0.03797759857355816,2048.93,18.7043
North Macedonia,2003,0.04115290504149342,2053.43,19.12
North Macedonia,2004,0.04303852227515979,2057.04,20.0137
North Macedonia,2005,0.043912754874805414,2060.28,20.9591
North Macedonia,2006,0.0438023586063435,2063.13,22.0358
North Macedonia,2007,0.04429990202492454,2065.41,23.4623
North Macedonia,2008,0.043523997494750985,2067.31,24.7462
North Macedonia,2009,0.04244697160599292,2069.03,24.6574
North Macedonia,2010,0.04601606255192436,2070.74,25.4856
North Macedonia,2011,0.0479106542898622,2072.48,26.0819
North Macedonia,2012,0.044099727223164895,2074.27,25.9629
North Macedonia,2013,0.043606524385310465,2076.06,26.722400000000004
North Macedonia,2014,0.04336099473636434,2077.78,27.6922
North Macedonia,2015,0.04448029140990226,2079.33,28.76
North Macedonia,2016,0.0439915727493303,2080.75,29.5791
North Macedonia,2017,0.04248073269384428,2082.0,29.8991
North Macedonia,2018,0.04252444660767704,2082.46,30.7604
North Macedonia,2019,0.04464602242309078,2082.92,31.7368
Northern Mariana Islands,1980,0.0,16.633,
Northern Mariana Islands,1981,0.0,18.158,
Northern Mariana Islands,1982,0.0,20.167,
Northern Mariana Islands,1983,0.0,22.622,
Northern Mariana Islands,1984,0.0,25.5,
Northern Mariana Islands,1985,0.0,28.72,
Northern Mariana Islands,1986,0.0,32.37,
Northern Mariana Islands,1987,0.0,36.377,
Northern Mariana Islands,1988,0.0,40.288,
Northern Mariana Islands,1989,0.0,43.54,
Northern Mariana Islands,1990,0.0,45.752,
Northern Mariana Islands,1991,0.0,46.666,
Northern Mariana Islands,1992,0.0,46.476,
Northern Mariana Islands,1993,0.0,45.758,
Northern Mariana Islands,1994,0.0,45.364,
Northern Mariana Islands,1995,0.0,45.87,
Northern Mariana Islands,1996,0.0,47.520999999999994,
Northern Mariana Islands,1997,0.0,50.056000000000004,
Northern Mariana Islands,1998,0.0,52.99699999999999,
Northern Mariana Islands,1999,0.0,55.636,
Northern Mariana Islands,2000,0.0,57.453,
Northern Mariana Islands,2001,0.0,58.321,
Northern Mariana Islands,2002,0.0,58.419999999999995,1.284
Northern Mariana Islands,2003,0.0,57.947,1.239
Northern Mariana Islands,2004,0.0,57.246,1.21
Northern Mariana Islands,2005,0.0,56.542,1.061
Northern Mariana Islands,2006,0.0,55.882,0.9899999999999999
Northern Mariana Islands,2007,0.0,55.219,0.9380000000000001
Northern Mariana Islands,2008,0.0,54.625,0.939
Northern Mariana Islands,2009,0.0,54.193000000000005,0.795
Northern Mariana Islands,2010,0.0,53.971,0.799
Northern Mariana Islands,2011,0.0,54.012,0.733
Northern Mariana Islands,2012,0.0,54.311,0.751
Northern Mariana Islands,2013,0.0,54.784,0.782
Northern Mariana Islands,2014,0.0,55.305,0.8450000000000001
Northern Mariana Islands,2015,0.0,55.78,0.931
Northern Mariana Islands,2016,0.0,56.18800000000001,1.25
Northern Mariana Islands,2017,0.0,56.56199999999999,1.601
Northern Mariana Islands,2018,0.0,56.882,1.323
Northern Mariana Islands,2019,0.0,57.216,
Norway,1980,0.5439158634725627,4087.3000000000006,133.0802
Norway,1981,0.5626071655597472,4101.54,135.1256
Norway,1982,0.5469547122434278,4116.717,135.4316
Norway,1983,0.5953945310018993,4129.91,140.4325
Norway,1984,0.6127425849476513,4141.538,149.2065
Norway,1985,0.619400873192923,4154.185,157.9371
Norway,1986,0.6178061125562355,4169.395,164.4852
Norway,1987,0.6291785615186235,4189.75,167.2946
Norway,1988,0.6407434464759356,4212.29,166.4435
Norway,1989,0.6688314179125067,4228.455,168.1636
Norway,1990,0.6875358597301168,4243.56,171.404
Norway,1991,0.6507939169601731,4264.705,176.708
Norway,1992,0.6888020493599825,4289.592,183.0447
Norway,1993,0.6861071446324585,4315.195,188.1799
Norway,1994,0.673911695095422,4339.56,197.5998
Norway,1995,0.7171072805716676,4361.878,205.9444
Norway,1996,0.6777880457590832,4384.178,216.342
Norway,1997,0.6998100115572203,4408.27,227.7207
Norway,1998,0.7246152973231991,4434.93,233.7555
Norway,1999,0.7538408786571432,4466.06,238.40060000000003
Norway,2000,0.7939806551336376,4494.085,246.0683
Norway,2001,0.7599633426894765,4516.33,251.0612
Norway,2002,0.7777701427834716,4541.683,254.2406
Norway,2003,0.7277071100628107,4568.005,256.7408
Norway,2004,0.7596254079398588,4595.522,266.9537
Norway,2005,0.7948894363518925,4627.522,274.2142
Norway,2006,0.7193039573876677,4665.79,280.9115
Norway,2007,0.7870141845441693,4716.155,289.1248
Norway,2008,0.7752466308927414,4775.97,289.7149
Norway,2009,0.7652514808753581,4836.095,286.0011
Norway,2010,0.7491172514857374,4897.018,287.2227
Norway,2011,0.7276626555674104,4961.285,290.5201
Norway,2012,0.7734032632106944,5026.745,297.9631
Norway,2013,0.7603552807689234,5086.71,301.1808
Norway,2014,0.7775858935350873,5144.545,307.6387
Norway,2015,0.7701090701919675,5194.135,313.2413
Norway,2016,0.7770443461817221,5240.47,314.3121
Norway,2017,0.7672822109130853,5281.63,323.0565
Norway,2018,0.7659297148153392,5315.99,327.8579
Norway,2019,0.7147780184261496,5352.817,330.2825
Oman,1980,0.025855401681236363,1154.37,
Oman,1981,0.027910797851506203,1220.58,
Oman,1982,0.03374773864849376,1290.12,
Oman,1983,0.038764585580932084,1361.08,
Oman,1984,0.040461543649443196,1431.07,
Oman,1985,0.04789940797294428,1498.41,
Oman,1986,0.0538498692,1561.18,
Oman,1987,0.0555386558,1619.87,
Oman,1988,0.052066525919999995,1678.12,44.84279999999999
Oman,1989,0.0672301562,1741.16,46.1806
Oman,1990,0.07317927584454773,1812.16,50.05089999999999
Oman,1991,0.076945735,1893.76,53.0729
Oman,1992,0.08135287397999999,1983.2699999999998,57.5815
Oman,1993,0.09088190746,2072.11,61.119400000000006
Oman,1994,0.094708815433,2148.42,63.46959999999999
Oman,1995,0.089364614,2204.27,66.5347
Oman,1996,0.09207679808136,2236.65,68.4608
Oman,1997,0.10670956240280001,2249.76,72.6899
Oman,1998,0.1380132009246,2251.86,74.6549
Oman,1999,0.12056059999999999,2254.9,74.9021
Oman,2000,0.14658976795274806,2267.97,79.8094
Oman,2001,0.15426283246436395,2294.96,83.3868
Oman,2002,0.16564266333225736,2334.86,82.4691
Oman,2003,0.16029791675883986,2386.16,80.268
Oman,2004,0.16014529296421834,2445.52,81.3052
Oman,2005,0.2058761396011947,2511.25,83.33
Oman,2006,0.23452936538256924,2580.75,87.8066
Oman,2007,0.2421583547251393,2657.16,91.7163
Oman,2008,0.3048262924990193,2750.9600000000005,99.2368
Oman,2009,0.30258511325900106,2876.19,105.303
Oman,2010,0.3548711013308319,3041.44,107.108
Oman,2011,0.36311029274636286,3251.1,109.955
Oman,2012,0.42886572971362635,3498.03,119.901
Oman,2013,0.429384570133766,3764.8000000000006,126.022
Oman,2014,0.4693652056001274,4027.25,127.86
Oman,2015,0.47025602902326513,4159.0,133.78
Oman,2016,0.461453015537389,4414.0,140.599
Oman,2017,0.48576978165114015,4560.0,141.086
Oman,2018,0.538549678450331,4602.0,142.383
Oman,2019,0.5394238669417664,4618.0,141.208
Pakistan,1980,0.20767347037746997,78054.3,
Pakistan,1981,0.22694491491117139,80680.5,
Pakistan,1982,0.25880999372523356,83431.6,
Pakistan,1983,0.26274873063266785,86285.9,
Pakistan,1984,0.2707917374190952,89213.7,
Pakistan,1985,0.29028529397549113,92191.5,
Pakistan,1986,0.30941355277930666,95215.39999999998,
Pakistan,1987,0.33409317365032326,98285.8,
Pakistan,1988,0.35669071289914167,101390.0,289.756
Pakistan,1989,0.3763683154360014,104513.0,304.128
Pakistan,1990,0.39032276293415585,107648.0,317.688
Pakistan,1991,0.4146641027737694,110779.0,335.015
Pakistan,1992,0.4345749991797842,113911.0,361.263
Pakistan,1993,0.46206620099845525,117087.0,365.807
Pakistan,1994,0.5085477344400012,120363.0,379.478
Pakistan,1995,0.5245264307154458,123777.0,398.31
Pakistan,1996,0.555453430491842,127349.0,417.615
Pakistan,1997,0.5631011328588577,131057.0,421.85099999999994
Pakistan,1998,0.5774758133686888,134843.0,432.609
Pakistan,1999,0.5925764996919716,138625.0,448.443
Pakistan,2000,0.6264582231356454,142344.0,472.181
Pakistan,2001,0.6037369074338882,145978.0,488.964
Pakistan,2002,0.6098218784776109,149550.0,501.229
Pakistan,2003,0.604064233911194,153093.0,530.185
Pakistan,2004,0.6515929893921597,156665.0,570.197
Pakistan,2005,0.715541177350712,160304.0,607.367
Pakistan,2006,0.808068432591109,164023.0,643.196
Pakistan,2007,0.8340312745227076,167808.0,674.28
Pakistan,2008,0.8292136746146738,171649.0,685.752
Pakistan,2009,0.8349991475221136,175526.0,705.17
Pakistan,2010,0.8630238717125959,179425.0,716.5
Pakistan,2011,0.8527254157730794,183340.0,736.1929999999999
Pakistan,2012,0.9063935360433987,187280.0,762.011
Pakistan,2013,0.8934891023295409,191261.0,795.513
Pakistan,2014,0.9346797655445184,195305.0,832.7000000000002
Pakistan,2015,0.9850455109398367,199427.0,872.0970000000001
Pakistan,2016,1.0700408305825304,203631.0,920.295
Pakistan,2017,1.1318267879773847,207906.0,971.411
Pakistan,2018,1.1428544910352327,212235.0,1028.11
Pakistan,2019,1.1448047341395016,216564.0,1039.88
Palestinian Territories,1980,,,
Palestinian Territories,1981,,,
Palestinian Territories,1982,,,
Palestinian Territories,1983,,,
Palestinian Territories,1984,,,
Palestinian Territories,1985,,,
Palestinian Territories,1986,,,
Palestinian Territories,1987,,,
Palestinian Territories,1988,,,
Palestinian Territories,1989,,,
Palestinian Territories,1990,,,
Palestinian Territories,1991,,,
Palestinian Territories,1992,,,
Palestinian Territories,1993,,,
Palestinian Territories,1994,,,
Palestinian Territories,1995,,,
Palestinian Territories,1996,,,
Palestinian Territories,1997,0.0037148140000000003,2860.81,5.59401
Palestinian Territories,1998,0.0058873174,2981.8700000000003,6.39586
Palestinian Territories,1999,0.0059929234,3102.94,6.92547
Palestinian Territories,2000,0.007867471544,3224.01,6.33296
Palestinian Territories,2001,0.010674685848,3294.8000000000006,5.743289999999999
Palestinian Territories,2002,0.00988415396839996,3365.59,5.02605
Palestinian Territories,2003,0.0106026792896,3436.3799999999997,5.73048
Palestinian Territories,2004,0.0161259268048,3507.17,6.98686
Palestinian Territories,2005,0.01976290172239996,3577.9600000000005,7.77572
Palestinian Territories,2006,0.01744992821839992,3673.49,7.69823
Palestinian Territories,2007,0.01797189023839996,3769.03,7.98986
Palestinian Territories,2008,0.01723752642999998,3864.56,8.58344
Palestinian Territories,2009,0.017680021934399957,3960.1,9.32106
Palestinian Territories,2010,0.0176713930784,4055.6299999999997,9.85957
Palestinian Territories,2011,0.0196491334432,4150.34,10.806199999999999
Palestinian Territories,2012,0.01965604098599996,4245.04,11.464999999999998
Palestinian Territories,2013,0.020873667140800002,4339.75,12.0037
Palestinian Territories,2014,0.02251450111879996,4434.46,11.984699999999998
Palestinian Territories,2015,0.0249741136316,4529.16,12.4307
Palestinian Territories,2016,0.026099967587200002,4643.61,13.5326
Palestinian Territories,2017,0.026193011276,4758.06,13.7247
Palestinian Territories,2018,0.026654361881600003,4872.51,13.893099999999999
Palestinian Territories,2019,0.02713633968159996,4986.96,14.0824
Panama,1980,0.07353779866446226,1978.49,
Panama,1981,0.0744476692606483,2025.96,
Panama,1982,0.07078260441329291,2073.75,
Panama,1983,0.0716386264654594,2121.86,
Panama,1984,0.07349913284299367,2170.33,
Panama,1985,0.06609082061058144,2219.2,
Panama,1986,0.0681452798,2268.5,
Panama,1987,0.0706994198,2318.26,
Panama,1988,0.06997228350804986,2368.56,20.8296
Panama,1989,0.06814683763779804,2419.42,21.1728
Panama,1990,0.07202462437192896,2470.95,22.8986
Panama,1991,0.07120619589565544,2523.11,25.0501
Panama,1992,0.07246089791550282,2575.95,27.0917
Panama,1993,0.07275550704550961,2629.58,28.566999999999997
Panama,1994,0.08104487075576144,2684.12,29.4038
Panama,1995,0.08533085616459472,2739.67,29.877799999999997
Panama,1996,0.07678810510076572,2796.2899999999995,32.0968
Panama,1997,0.07893859377471392,2853.91,34.1689
Panama,1998,0.08315628077822608,2912.32,36.6971
Panama,1999,0.05794508163187888,2971.1999999999994,38.0996
Panama,2000,0.09153793251852121,3030.33,39.1638
Panama,2001,0.09303529354100695,3089.64,39.3718
Panama,2002,0.0919145925721082,3149.1999999999994,40.2808
Panama,2003,0.09269257302491632,3209.06,41.9568
Panama,2004,0.09452168799495676,3269.36,45.1259
Panama,2005,0.09443169028899909,3330.22,48.3597
Panama,2006,0.10253861926517031,3391.67,52.4796
Panama,2007,0.09676982480454947,3453.67,58.8239
Panama,2008,0.11336012162892699,3516.1999999999994,64.6215
Panama,2009,0.10983037999593874,3579.22,65.4247
Panama,2010,0.12459106711961306,3642.69,69.2377
Panama,2011,0.12567361087373569,3706.48,77.0707
Panama,2012,0.1395078113842942,3770.64,84.6071
Panama,2013,0.13729305349672893,3835.4499999999994,90.4483
Panama,2014,0.14039909662308478,3901.31,95.0308
Panama,2015,0.15337003510242778,3968.49,100.479
Panama,2016,0.16206900656341058,4037.07,105.456
Panama,2017,0.17426646533733778,4106.76,111.35200000000002
Panama,2018,0.17724049810005277,4176.1,115.359
Panama,2019,0.16806803193293945,4245.43,118.865
Papua New Guinea,1980,0.01160976601065092,3571.2100000000005,
Papua New Guinea,1981,0.011568793388461441,3668.1,
Papua New Guinea,1982,0.01154382682417744,3768.49,
Papua New Guinea,1983,0.01188841544040544,3871.49,
Papua New Guinea,1984,0.013727689732524482,3975.9499999999994,
Papua New Guinea,1985,0.013737739576971119,4081.02,
Papua New Guinea,1986,0.0142308344,4186.5,
Papua New Guinea,1987,0.015604162913200001,4292.58,
Papua New Guinea,1988,0.01469657577056,4399.32,9.7531
Papua New Guinea,1989,0.0150714229132,4507.0,9.61386
Papua New Guinea,1990,0.015263662113199999,4615.84,9.32585
Papua New Guinea,1991,0.0150997601132,4725.54,10.2145
Papua New Guinea,1992,0.01591447473056,4836.22,11.6291
Papua New Guinea,1993,0.0161680496732,4949.05,13.745799999999997
Papua New Guinea,1994,0.015488420713199998,5065.66,14.562599999999998
Papua New Guinea,1995,0.017972692864000002,5187.06,14.0803
Papua New Guinea,1996,0.01875975655328,5314.26,15.009
Papua New Guinea,1997,0.0177799736628,5446.63,14.0568
Papua New Guinea,1998,0.0179075569052,5581.77,14.714999999999998
Papua New Guinea,1999,0.018126136753712004,5716.170000000001,14.988
Papua New Guinea,2000,0.020654636479668358,5847.59,14.6201
Papua New Guinea,2001,0.0236223217126396,5974.63,14.6139
Papua New Guinea,2002,0.02472017424460756,6098.62,14.9071
Papua New Guinea,2003,0.028066296086881843,6223.38,15.561100000000001
Papua New Guinea,2004,0.03136604478205564,6354.25,15.649300000000002
Papua New Guinea,2005,0.030309342804800438,6494.899999999999,16.2642
Papua New Guinea,2006,0.03106733343912476,6646.89,16.6372
Papua New Guinea,2007,0.03348165366578064,6808.5,17.9375
Papua New Guinea,2008,0.029781889287366442,6976.2,17.8843
Papua New Guinea,2009,0.0327333685923712,7144.77,19.1005
Papua New Guinea,2010,0.02967970541313276,7310.509999999999,21.0351
Papua New Guinea,2011,0.031085053518438384,7472.2,21.268
Papua New Guinea,2012,0.02851800176440768,7631.0,22.2585
Papua New Guinea,2013,0.029207673049677103,7788.39,23.1099
Papua New Guinea,2014,0.031014493885054055,7946.73,26.2398
Papua New Guinea,2015,0.03607937023695998,8107.77,27.965999999999998
Papua New Guinea,2016,0.0383998932496,8271.77,29.5012
Papua New Guinea,2017,0.0370643150576,8438.04,30.544
Papua New Guinea,2018,0.03864827546606572,8607.7,30.458700000000004
Papua New Guinea,2019,0.0397237346586268,8777.36,32.4518
Paraguay,1980,0.01107035522912996,3181.6299999999997,
Paraguay,1981,0.01070626423147136,3272.92,
Paraguay,1982,0.01051038104670708,3368.76,
Paraguay,1983,0.011344561367654441,3468.53,
Paraguay,1984,0.01220847555216672,3571.27,
Paraguay,1985,0.02247180824220804,3676.2100000000005,
Paraguay,1986,0.0450603762,3783.07,
Paraguay,1987,0.066999474,3891.73,
Paraguay,1988,0.069715708,4001.68,31.344399999999997
Paraguay,1989,0.0867037648,4112.4,33.3733
Paraguay,1990,0.09236149,4223.41,34.8191
Paraguay,1991,0.09790751880000001,4334.35,35.9858
Paraguay,1992,0.0923356688,4445.02,36.5314
Paraguay,1993,0.1042693818,4555.52,38.3685
Paraguay,1994,0.12044196380000001,4666.1,40.4351
Paraguay,1995,0.1388938176,4776.84,43.193900000000006
Paraguay,1996,0.14534849704320002,4887.64,43.87370000000001
Paraguay,1997,0.160045071,4998.1,45.73499999999999
Paraguay,1998,0.1630123956,5107.84,45.7661
Paraguay,1999,0.17057006092,5216.35,45.14090000000001
Paraguay,2000,0.17018832829605599,5323.2,44.09630000000001
Paraguay,2001,0.1513438639601136,5428.44,43.7285
Paraguay,2002,0.15769919733025195,5531.96,43.7191
Paraguay,2003,0.1671848141324728,5632.98,45.6081
Paraguay,2004,0.16595814100242637,5730.56,47.4587
Paraguay,2005,0.162600454035559,5824.100000000001,48.4712
Paraguay,2006,0.1702484818462244,5913.21,50.8012
Paraguay,2007,0.17097555159858582,5998.43,53.5555
Paraguay,2008,0.17634265750843264,6081.3,57.03459999999999
Paraguay,2009,0.1747639059207508,6163.97,56.88570000000001
Paraguay,2010,0.17673389482179575,6248.02,63.197300000000006
Paraguay,2011,0.1862084408112949,6333.98,65.9061
Paraguay,2012,0.19110709082878938,6421.509999999999,65.4395
Paraguay,2013,0.19225452855601283,6510.27,70.8664
Paraguay,2014,0.1818947828909186,6599.52,74.6233
Paraguay,2015,0.18657484096094773,6688.75,76.83
Paraguay,2016,0.21079406571513318,6777.88,80.1091
Paraguay,2017,0.20276629381682537,6867.06,83.9624
Paraguay,2018,0.20300939884651764,6955.55,86.6528
Paraguay,2019,0.17689073427343457,7044.04,86.3046
Peru,1980,0.16099664463100305,17547.6,
Peru,1981,0.17193831278209365,17985.4,
Peru,1982,0.17200727669978866,18426.4,
Peru,1983,0.1601064475534804,18871.0,
Peru,1984,0.16507395139247144,19319.8,
Peru,1985,0.1675839905527033,19772.9,
Peru,1986,0.180833169548248,20230.4,
Peru,1987,0.1817055059921359,20691.3,
Peru,1988,0.18072176400568274,21153.5,134.483
Peru,1989,0.16285402406637925,21614.2,117.63100000000001
Peru,1990,0.15466400206584902,22071.400000000005,112.182
Peru,1991,0.152222420248967,22522.400000000005,114.383
Peru,1992,0.1496351589944171,22966.8,113.75
Peru,1993,0.17128530828387928,23408.099999999995,119.604
Peru,1994,0.18037525038151786,23851.400000000005,134.211
Peru,1995,0.1891310519246149,24299.2,144.055
Peru,1996,0.20216708431023545,24753.8,148.021
Peru,1997,0.19352265800478533,25211.0,157.595
Peru,1998,0.19990763313965904,25658.099999999995,157.103
Peru,1999,0.21068539776211673,26078.3,159.439
Peru,2000,0.21674730659324007,26459.900000000005,163.817
Peru,2001,0.21324693792660349,26799.3,164.801
Peru,2002,0.21574357611821227,27101.0,173.80000000000004
Peru,2003,0.2161577819620777,27372.2,181.02200000000002
Peru,2004,0.23677445817810333,27624.2,189.88700000000003
Peru,2005,0.24853669969345654,27866.099999999995,201.687
Peru,2006,0.2571149135009329,28102.099999999995,216.792
Peru,2007,0.2657769975105693,28333.099999999995,235.188
Peru,2008,0.30862645158798424,28562.3,256.776
Peru,2009,0.30823197251095386,28792.7,259.745
Peru,2010,0.34576936521486573,29027.7,281.351
Peru,2011,0.3619395803485466,29264.3,299.215
Peru,2012,0.38388396076796427,29506.8,317.569
Peru,2013,0.39498516900224495,29774.0,336.09
Peru,2014,0.40251272168949903,30090.400000000005,344.292
Peru,2015,0.41864197688657406,30470.7,355.377
Peru,2016,0.4338645861498446,30926.0,369.449
Peru,2017,0.4374941250599507,31444.3,378.671
Peru,2018,0.4543614156892598,31953.5,393.702
Peru,2019,0.4742024386056614,32462.7,402.28
Philippines,1980,0.2188458237984648,47522.12,217.96
Philippines,1981,0.21088308264598968,48844.920000000006,222.42189999999997
Philippines,1982,0.21222949023542373,50203.48,230.648
Philippines,1983,0.20540920242695485,51594.28,235.0235
Philippines,1984,0.19398035941058062,53013.65,218.4792
Philippines,1985,0.18398842397744397,54459.80000000001,203.495
Philippines,1986,0.1896001611539213,55939.079999999994,210.639
Philippines,1987,0.21308708102686102,57451.85,219.8266
Philippines,1988,0.227731612498891,58988.05000000001,234.5483
Philippines,1989,0.26443946244593364,60536.94999999999,249.0527
Philippines,1990,0.2682928505792709,62089.6,256.7301
Philippines,1991,0.2705864139079882,63646.35,255.6099
Philippines,1992,0.2859582147164846,65213.1,256.6772
Philippines,1993,0.31080176649930663,66791.25,262.2776
Philippines,1994,0.3320029308930274,68381.85,273.7488
Philippines,1995,0.35611793808548636,69986.48,286.4103
Philippines,1996,0.3825971921413093,71607.62,303.195
Philippines,1997,0.4093220173793356,73244.0,318.92
Philippines,1998,0.42804044225171867,74891.05,317.2804
Philippines,1999,0.4415595996095395,76543.72,327.898
Philippines,2000,0.45298008997080164,78200.52,342.2681
Philippines,2001,0.43635831359282384,79873.02,352.7047
Philippines,2002,0.44449040909392146,81561.15,365.8125
Philippines,2003,0.45033360402661093,83245.38,384.4204
Philippines,2004,0.4699138401134272,84906.0,409.6742
Philippines,2005,0.44959663526577565,86522.6,429.922
Philippines,2006,0.44686975087488284,88080.85000000002,452.779
Philippines,2007,0.45751078304896514,89595.67,482.297
Philippines,2008,0.48506079246269557,91095.88,503.249
Philippines,2009,0.4638567567588739,92610.5,510.539
Philippines,2010,0.4855513267570096,94167.67,547.985
Philippines,2011,0.49596447992465775,95780.60000000002,569.127
Philippines,2012,0.5193120015774823,97429.3,608.38
Philippines,2013,0.5537457510957042,99085.25,649.448
Philippines,2014,0.55026135019293,100719.5,690.6749999999998
Philippines,2015,0.6427821488016943,102306.5,734.5210000000001
Philippines,2016,0.6519444645567952,103842.5,787.035
Philippines,2017,0.7452692463823936,105345.5,841.584
Philippines,2018,0.7747961452046932,106826.2,894.953
Philippines,2019,0.8343373812528265,108296.2,949.7109999999999
Poland,1980,1.9052164830148808,35614.33,
Poland,1981,1.7523098048664856,35939.52,
Poland,1982,1.7644671631765785,36272.52,
Poland,1983,1.7933151740771265,36615.1,
Poland,1984,1.8695776423683619,,
Poland,1985,1.9716695051122535,,
Poland,1986,2.064805962169401,,
Poland,1987,2.1724766434140608,,
Poland,1988,2.128044804879649,,
Poland,1989,2.0505820833020443,37980.75,474.276
Poland,1990,1.7098458873421687,38128.9,419.3419999999999
Poland,1991,1.6706545193631563,38261.95,389.9231
Poland,1992,1.6007919593806101,38377.27,399.73
Poland,1993,1.6285177807650044,38472.25,414.673
Poland,1994,1.5959407179306104,38552.12,436.62000000000006
Poland,1995,1.607886624911251,38598.6,466.878
Poland,1996,1.702900498406931,38628.12,493.358
Poland,1997,1.670731722733716,38652.25,523.973
Poland,1998,1.567552060826077,38664.35,547.765
Poland,1999,1.5236509530992035,38414.68,572.612
Poland,2000,1.4843324762020556,38257.45,599.306
Poland,2001,1.4933006428921982,38248.68,607.969
Poland,2002,1.4607898438175009,38227.4,619.751
Poland,2003,1.5120459038447702,38201.1,641.7
Poland,2004,1.539440894200972,38180.1,674.648
Poland,2005,1.5410027748849344,38163.33,697.8920000000002
Poland,2006,1.5632447131959908,38137.35,741.6730000000001
Poland,2007,1.5867537703945862,38119.33,794.0099999999999
Poland,2008,1.5968841619667682,38128.3,828.286
Poland,2009,1.5503156414771975,38065.25,850.397
Poland,2010,1.6438154515106107,38047.78,881.0369999999999
Poland,2011,1.642036885113369,38063.38,925.437
Poland,2012,1.6484372080860876,38063.02,940.433
Poland,2013,1.6496747842789354,38034.62,952.698
Poland,2014,1.6073079124478533,38010.2,983.7800000000001
Poland,2015,1.6483014201646875,37981.6,1020.697
Poland,2016,1.6889205839253087,37970.8,1051.844
Poland,2017,1.7731005902181223,37975.3,1102.617
Poland,2018,1.7548653168140156,37974.27,1161.639
Poland,2019,1.7159296826274315,37963.62,1217.987
Portugal,1980,0.17737690771942005,9779.495,177.6304
Portugal,1981,0.1521988119911914,9859.439,177.6304
Portugal,1982,0.19932654582291964,9918.795,177.6304
Portugal,1983,0.20385616753070437,9962.365,177.6304
Portugal,1984,0.21024752689239964,10001.32,177.6304
Portugal,1985,0.2124623367152505,10025.35,177.6304
Portugal,1986,0.22667243324597033,10033.25,181.7737
Portugal,1987,0.2325229118382254,10028.8,191.9121
Portugal,1988,0.2579148960840065,10018.2,196.7921
Portugal,1989,0.2761310906161869,10002.75,207.4823
Portugal,1990,0.2935125179889571,9980.025,217.38160000000002
Portugal,1991,0.2963193129051371,9957.686,222.68230000000003
Portugal,1992,0.3036390362503297,9953.11,226.90649999999997
Portugal,1993,0.3068451460572664,9967.103,223.7879
Portugal,1994,0.32309370271501736,9995.822,229.32180000000002
Portugal,1995,0.33590921651024724,10030.55,243.9734
Portugal,1996,0.3498954265483617,10069.0,252.523
Portugal,1997,0.3617586976209988,10115.2,263.6359
Portugal,1998,0.38897947052827514,10166.8,276.3115
Portugal,1999,0.40682582374265186,10225.6,287.1058
Portugal,2000,0.4254918518816238,10300.12,298.0622
Portugal,2001,0.43223575951996596,10370.72,303.8554
Portugal,2002,0.43153472445894697,10425.88,306.1981
Portugal,2003,0.44467550982838294,10462.35,303.3488
Portugal,2004,0.44248882213674834,10486.6,308.7748
Portugal,2005,0.44271115866004457,10505.5,311.189
Portugal,2006,0.43796110460203935,10524.85,316.2457
Portugal,2007,0.4427410330684486,10545.58,324.1728
Portugal,2008,0.4270212186292186,10559.4,325.2078
Portugal,2009,0.42573620955672664,10569.55,315.0545
Portugal,2010,0.44595423959313507,10573.0,320.5292
Portugal,2011,0.4265393826232522,10553.78,315.0924
Portugal,2012,0.39320848062031655,10507.95,302.3083
Portugal,2013,0.4177196415672248,10449.8,299.5188
Portugal,2014,0.4173352306768362,10394.5,301.8917
Portugal,2015,0.41575182397608523,10353.9,307.3017
Portugal,2016,0.43177343329083967,10321.5,313.5076
Portugal,2017,0.4277410723459236,10297.97,324.5002
Portugal,2018,0.4264582495377682,10282.0,333.7461
Portugal,2019,0.4186843361607696,10288.67,342.6999
Puerto Rico,1980,0.090500895363699,3090.69,
Puerto Rico,1981,0.08992674903312348,3131.51,
Puerto Rico,1982,0.08984316669577949,3168.34,
Puerto Rico,1983,0.09163185569249402,3201.86,
Puerto Rico,1984,0.0912466404217414,3233.17,
Puerto Rico,1985,0.09120264662967789,3263.17,
Puerto Rico,1986,0.09272884227109178,3291.75,
Puerto Rico,1987,0.09299055657756862,3318.84,
Puerto Rico,1988,0.09331148045545666,3345.57,44.9394
Puerto Rico,1989,0.09329744696180245,3373.3700000000003,47.157900000000005
Puerto Rico,1990,0.09116940264510794,3403.17,48.9401
Puerto Rico,1991,0.09080981333817896,3435.25,50.0641
Puerto Rico,1992,0.09129257411335544,3469.07,52.3492
Puerto Rico,1993,0.09124535499734839,3503.47,54.78209999999999
Puerto Rico,1994,0.09142227126268367,3536.81,57.0746
Puerto Rico,1995,0.09142076262413854,3567.69,59.6702
Puerto Rico,1996,0.0915799242557985,3596.1,61.0531
Puerto Rico,1997,0.09151896943377906,3621.9,64.0333
Puerto Rico,1998,0.09158607838840234,3643.67,67.5755
Puerto Rico,1999,0.09115003777680322,3659.73,71.2138
Puerto Rico,2000,0.1765922756631933,3668.9600000000005,73.5433
Puerto Rico,2001,0.1922137997692172,3670.31,78.1873
Puerto Rico,2002,0.19733437586570193,3664.32,78.9046
Puerto Rico,2003,0.20540183134478154,3653.66,78.9416
Puerto Rico,2004,0.2121579521476963,3642.0,81.3376
Puerto Rico,2005,0.20549967940128028,3631.89,79.7215
Puerto Rico,2006,0.18662345504410568,3623.78,78.5979
Puerto Rico,2007,0.18010868851325484,3616.34,77.684
Puerto Rico,2008,0.1686045664874416,3608.03,76.2513
Puerto Rico,2009,0.1578300200499695,3596.53,74.7626
Puerto Rico,2010,0.13382117844909794,3579.84,74.4536
Puerto Rico,2011,0.1449097461008136,3559.86,74.1867
Puerto Rico,2012,0.152646555390531,3536.57,74.2084
Puerto Rico,2013,0.1338805661282152,3503.86,73.9807
Puerto Rico,2014,0.12741322810241568,3453.67,73.1001
Puerto Rico,2015,0.12754751528579145,3381.51,72.3329
Puerto Rico,2016,0.11957877796163068,3283.1200000000003,71.4194
Puerto Rico,2017,0.116312697207037,3163.68,69.3582
Puerto Rico,2018,0.11864477535229681,3062.73,66.1264
Puerto Rico,2019,0.11829411324596902,2961.78,66.9118
Qatar,1980,0.09024553025001304,223.62199999999999,
Qatar,1981,0.07967544920584796,247.984,
Qatar,1982,0.09414129073835012,277.229,
Qatar,1983,0.08988923791729811,309.299,
Qatar,1984,0.10614519565113556,341.272,
Qatar,1985,0.09932947945224184,370.886,
Qatar,1986,0.10223658115880001,397.739,
Qatar,1987,0.1047948498,422.154,
Qatar,1988,0.10727746032,443.61100000000005,23.712
Qatar,1989,0.11119975205999999,461.68799999999993,25.187300000000004
Qatar,1990,0.1142397825065418,476.2749999999999,26.0476
Qatar,1991,0.13423270439999999,487.354,25.614899999999995
Qatar,1992,0.20870789064,495.403,28.516900000000003
Qatar,1993,0.22272089479999999,501.479,28.138899999999996
Qatar,1994,0.22333862720000003,507.04400000000004,28.538300000000003
Qatar,1995,0.224963386,513.447,29.223
Qatar,1996,0.23133343092,522.531,30.5014
Qatar,1997,0.24396044101248,535.32,39.6553
Qatar,1998,0.24869858398,551.566,44.1036
Qatar,1999,0.24704189250000003,570.486,45.9932
Qatar,2000,0.264347954518212,592.467,49.6858
Qatar,2001,0.20114218551764643,615.013,51.622800000000005
Qatar,2002,0.24081151672384,640.872,55.3305
Qatar,2003,0.25310177565744957,681.791,57.3884
Qatar,2004,0.28944761413269604,753.332,68.418
Qatar,2005,0.35552578068751767,865.41,73.5444
Qatar,2006,0.38702665168106243,1022.7000000000002,92.79130000000002
Qatar,2007,0.4210834321526936,1218.44,109.48
Qatar,2008,0.45659695416047275,1436.67,128.818
Qatar,2009,0.4806592724684487,1654.9399999999998,144.221
Qatar,2010,0.5018924451070729,1856.33,172.477
Qatar,2011,0.5495679429413888,2035.86,195.54599999999996
Qatar,2012,0.7652892447721752,2196.08,204.795
Qatar,2013,0.8267175868386063,2336.58,216.174
Qatar,2014,0.8371496083105552,2459.2,227.705
Qatar,2015,0.7968430366301391,2565.71,238.529
Qatar,2016,0.7688443194376801,2654.38,245.838
Qatar,2017,0.8397449326121695,2724.73,242.15600000000003
Qatar,2018,0.7838396016036,2776.84,245.146
Qatar,2019,0.8187907840124,2828.9499999999994,247.04599999999996
Reunion,1980,0.00465975226070536,509.26399999999995,
Reunion,1981,0.0049426228962156805,517.415,
Reunion,1982,0.00547608225834908,526.95,
Reunion,1983,0.00606524198705668,537.401,
Reunion,1984,0.00643810139077636,548.141,
Reunion,1985,0.00667740998160952,558.704,
Reunion,1986,0.0065825422039999994,568.913,
Reunion,1987,0.007283379604,578.938,
Reunion,1988,0.0078178946608,588.985,8.77274
Reunion,1989,0.008658919,599.447,8.55167
Reunion,1990,0.009174861452,610.584,10.681
Reunion,1991,0.010041473836,622.413,10.937400000000002
Reunion,1992,0.0104306848,634.793,12.1952
Reunion,1993,0.0127029944,647.59,11.071999999999997
Reunion,1994,0.0131163576,660.565,11.238099999999998
Reunion,1995,0.0129703292,673.543,11.9798
Reunion,1996,0.013018222239999998,686.462,12.2314
Reunion,1997,0.0131222264,699.3070000000001,12.928599999999998
Reunion,1998,0.016292706400000002,712.0,13.5233
Reunion,1999,0.016307278799999998,724.484,14.388799999999998
Reunion,2000,0.01552116745839996,736.714,15.324800000000002
Reunion,2001,0.0155853324312,748.6529999999999,15.8617
Reunion,2002,0.01584837547839996,760.25,16.6596
Reunion,2003,0.0160067903376,771.377,17.2242
Reunion,2004,0.01778355948719996,781.861,18.0394
Reunion,2005,0.01690698910119996,791.598,18.8835
Reunion,2006,0.015965730095999962,800.533,19.6294
Reunion,2007,0.0155518839128,808.728,20.7461
Reunion,2008,0.017026112710399978,816.3250000000002,21.0127
Reunion,2009,0.017388505954,823.529,20.3474
Reunion,2010,0.01892863520639996,830.507,20.3915
Reunion,2011,0.0182212529884,837.3359999999999,21.0237
Reunion,2012,0.01751066607439996,843.984,21.0347
Reunion,2013,0.0173435872884,850.506,21.1913
Reunion,2014,0.017584904844399958,856.96,21.8386
Reunion,2015,0.01876187588,863.359,22.450100000000003
Reunion,2016,0.0190796544,869.7419999999998,23.146
Reunion,2017,0.019033015747831998,876.131,23.8867
Reunion,2018,0.019026529147832,882.523,24.2928
Reunion,2019,0.01932838388,888.916,24.8272
Romania,1980,1.0876146231882533,22225.95,266.9466
Romania,1981,1.0726556125939772,22370.88,268.9594
Romania,1982,1.122399878614271,22488.599999999995,279.6991
Romania,1983,1.144417263948177,22568.8,296.7558
Romania,1984,1.1145642580913946,22652.28,314.3004
Romania,1985,1.120379213549128,22744.400000000005,313.9925
Romania,1986,1.157958923551625,22851.38,321.5297
Romania,1987,1.1932960443895935,22963.0,324.1152
Romania,1988,1.1836525422583266,23071.12,322.5307
Romania,1989,1.217307401131663,23173.95,303.8408
Romania,1990,1.1304921978466065,23199.45,286.8642
Romania,1991,0.8808408012240138,22953.38,249.8632
Romania,1992,0.825920458375285,22790.349999999995,227.8189
Romania,1993,0.7915317870912644,22759.48,231.1987
Romania,1994,0.7445266709695699,22725.75,240.218
Romania,1995,0.8015738288544509,22677.22,247.9325
Romania,1996,0.6773978102783212,22609.72,257.7952
Romania,1997,0.6704105644507902,22547.0,247.7272
Romania,1998,0.5756904332313018,22502.650000000005,242.6226
Romania,1999,0.5183692744581074,22467.900000000005,241.2967
Romania,2000,0.5159671814916552,22439.849999999995,247.5153
Romania,2001,0.5715696806476439,22057.349999999995,259.0042
Romania,2002,0.5538436820926592,21704.75,273.5153
Romania,2003,0.5440336147858885,21561.0,279.7414
Romania,2004,0.5604294070733702,21434.4,307.7796
Romania,2005,0.5529051125985277,21304.0,323.2413
Romania,2006,0.5709592951941462,21177.95,348.6899
Romania,2007,0.5634112212570539,20821.1,373.5477
Romania,2008,0.5522968418846336,20513.5,408.162
Romania,2009,0.4711348612142365,20349.3,386.5843
Romania,2010,0.4829123139437536,20234.95,372.6383
Romania,2011,0.49242960406528596,20134.65,379.1796
Romania,2012,0.4805785014099078,20048.55,386.8732
Romania,2013,0.4504058787708849,19974.6,400.5399
Romania,2014,0.45751182972413584,19899.4,415.484
Romania,2015,0.45210856713919156,19801.85,428.17800000000005
Romania,2016,0.4551920818254274,19687.68,448.162
Romania,2017,0.47144122059230203,19574.9,479.907
Romania,2018,0.47148147908118343,19459.1,501.853
Romania,2019,0.4629577621221423,19360.95,522.905
Russia,1980,,,
Russia,1981,,,
Russia,1982,,,
Russia,1983,,,
Russia,1984,,,
Russia,1985,,,
Russia,1986,,,
Russia,1987,,,
Russia,1988,,,
Russia,1989,,,
Russia,1990,,,
Russia,1991,,,
Russia,1992,12.089511421333142,148225.5,2477.335
Russia,1993,10.897029845186543,148317.8,2262.011
Russia,1994,9.89567733573114,148303.5,1972.452
Russia,1995,9.747557702519387,148206.5,1873.7840000000003
Russia,1996,9.127841986947702,148000.7,1806.68
Russia,1997,8.626152933862967,147674.2,1831.535
Russia,1998,8.530468444418295,147264.5,1734.117
Russia,1999,8.62817571481923,146812.0,1844.192
Russia,2000,8.921099359501515,146340.5,2029.615
Russia,2001,8.934484141986765,145798.2,2132.752
Russia,2002,9.063094519834747,145176.0,2233.976
Russia,2003,9.283257158509839,144554.5,2398.302
Russia,2004,9.44165929699918,144019.2,2569.673
Russia,2005,9.359544673233968,143642.5,2734.0399999999995
Russia,2006,9.784333510955562,143428.5,2957.283
Russia,2007,9.712234201378553,143327.8,3210.1380000000004
Russia,2008,10.009702882182223,143318.8,3378.578
Russia,2009,9.046087189700053,143381.0,3114.341
Russia,2010,10.095884525894645,143503.5,3254.8700000000003
Russia,2011,10.470501153165374,143719.0,3370.5680000000007
Russia,2012,10.488260473388813,144031.0,3506.2019999999998
Russia,2013,10.360283977503096,144386.5,3567.75
Russia,2014,10.447867512799514,144729.5,3594.018
Russia,2015,10.316473159866545,145017.0,3523.119
Russia,2016,10.335619334568234,145271.2,3529.9420000000005
Russia,2017,10.640473527702175,145517.8,3594.3880000000004
Russia,2018,11.015011211818363,145729.2,3695.2980000000002
Russia,2019,11.082177744732704,145876.3,3770.42
Rwanda,1980,0.00144829781149036,5153.31,
Rwanda,1981,0.00259309504817744,5329.25,
Rwanda,1982,0.0025981855001222,5504.850000000001,
Rwanda,1983,0.00290352300994536,5690.990000000001,
Rwanda,1984,0.004372224260724681,5902.850000000001,
Rwanda,1985,0.00445988505245048,6146.88,
Rwanda,1986,0.00445395717646,6443.75,
Rwanda,1987,0.00447556339946,6779.98,
Rwanda,1988,0.0044583863199999995,7088.19,6.25411
Rwanda,1989,0.0045947651994599995,7276.98,6.251830000000001
Rwanda,1990,0.0048063062,7288.88,6.10183
Rwanda,1991,0.0048939018,7083.93,5.94841
Rwanda,1992,0.0049172924,6702.240000000001,6.29774
Rwanda,1993,0.0045013462,6263.759999999999,5.78708
Rwanda,1994,0.0046015634,5936.25,2.87918
Rwanda,1995,0.0046835276,5836.490000000001,3.89335
Rwanda,1996,0.00463278,6013.11,4.38958
Rwanda,1997,0.0046963596,6419.899999999999,4.99753
Rwanda,1998,0.004766305199999999,6962.8,5.44024
Rwanda,1999,0.00461953,7501.240000000001,5.677
Rwanda,2000,0.0039611161905005595,7933.69,6.15221
Rwanda,2001,0.0038955669299736402,8231.15,6.6742
Rwanda,2002,0.00398293878709308,8427.06,7.554669999999999
Rwanda,2003,0.00396373983401836,8557.16,7.721050000000001
Rwanda,2004,0.0038197268698663598,8680.52,8.29609
Rwanda,2005,0.00370491500699836,8840.22,9.07408
Rwanda,2006,0.00359294608197556,9043.34,10.6496
Rwanda,2007,0.00367355248263156,9273.76,11.461800000000002
Rwanda,2008,0.003865434852788,9524.53,12.7406
Rwanda,2009,0.0040722188904,9782.77,13.5321
Rwanda,2010,0.00457207324799996,10039.3,14.530300000000002
Rwanda,2011,0.0050834171396,10293.3,15.685
Rwanda,2012,0.00557609217519996,10549.7,17.0406
Rwanda,2013,0.00591618443359996,10811.5,17.8439
Rwanda,2014,0.0062611037177599995,11083.6,18.9455
Rwanda,2015,0.00693185996,11369.1,20.62
Rwanda,2016,0.00720474784,11668.799999999997,21.8545
Rwanda,2017,0.00745075549576576,11981.0,22.7257
Rwanda,2018,0.0077497168185836395,12304.700000000003,24.674899999999997
Rwanda,2019,0.008609160048000001,12628.5,27.008
Saint Helena,1980,1.852752130506e-05,,
Saint Helena,1981,1.7009e-05,,
Saint Helena,1982,1.7009e-05,,
Saint Helena,1983,1.7009e-05,,
Saint Helena,1984,1.70556e-05,,
Saint Helena,1985,1.7383198e-05,,
Saint Helena,1986,1.73746935e-05,,
Saint Helena,1987,3.5354943900000005e-05,,
Saint Helena,1988,3.535936248e-05,,
Saint Helena,1989,3.5354943900000005e-05,,
Saint Helena,1990,3.5354943900000005e-05,,
Saint Helena,1991,1.73746935e-05,,
Saint Helena,1992,1.7379656400000002e-05,,
Saint Helena,1993,1.73746935e-05,,
Saint Helena,1994,1.73746935e-05,,
Saint Helena,1995,1.73746935e-05,,
Saint Helena,1996,1.7379656400000002e-05,,
Saint Helena,1997,1.73746935e-05,,
Saint Helena,1998,1.73746935e-05,,
Saint Helena,1999,1.738180000000003e-05,,
Saint Helena,2000,7.0218476e-05,,
Saint Helena,2001,7.011560315996e-05,,
Saint Helena,2002,7.311382403996e-05,,
Saint Helena,2003,7.233733663996e-05,,
Saint Helena,2004,4.721782107996e-05,,
Saint Helena,2005,5.893345527999999e-05,,
Saint Helena,2006,5.4278828279960004e-05,,
Saint Helena,2007,6.87706946e-05,,
Saint Helena,2008,5.596827903996e-05,,
Saint Helena,2009,5.262897524e-05,,
Saint Helena,2010,5.9667186279999994e-05,,
Saint Helena,2011,5.8374659240000006e-05,,
Saint Helena,2012,6.46645934e-05,,
Saint Helena,2013,6.20302516e-05,,
Saint Helena,2014,5.888528452e-05,,
Saint Helena,2015,5.36e-05,,
Saint Helena,2016,5.4e-05,,
Saint Helena,2017,5.7738945169319996e-05,,
Saint Helena,2018,5.4262585197279994e-05,,
Saint Helena,2019,7.33826e-05,,
Saint Kitts and Nevis,1980,0.00033020493270299997,,
Saint Kitts and Nevis,1981,0.00032930273343332,,
Saint Kitts and Nevis,1982,0.00032930273343332,,
Saint Kitts and Nevis,1983,0.00032930273343332,,
Saint Kitts and Nevis,1984,0.00033020493270299997,,
Saint Kitts and Nevis,1985,0.00032930273343332,,
Saint Kitts and Nevis,1986,0.000281841977,,
Saint Kitts and Nevis,1987,0.000281841977,,
Saint Kitts and Nevis,1988,0.00030005429568,40.9056,0.505503
Saint Kitts and Nevis,1989,0.0002993752046,40.5828,0.535967
Saint Kitts and Nevis,1990,0.0002993752046,40.26,0.552687
Saint Kitts and Nevis,1991,0.00040195343220000005,40.6234,0.565234
Saint Kitts and Nevis,1992,0.00040286375424,40.9868,0.582629
Saint Kitts and Nevis,1993,0.0004913046,41.3502,0.614197
Saint Kitts and Nevis,1994,0.0005763496,41.7136,0.647391
Saint Kitts and Nevis,1995,0.0004913046,42.077,0.669801
Saint Kitts and Nevis,1996,0.00057792864,42.4782,0.7093000000000002
Saint Kitts and Nevis,1997,0.0005763496,42.8794,0.761269
Saint Kitts and Nevis,1998,0.0005763496,43.2806,0.7690610000000001
Saint Kitts and Nevis,1999,0.0005763496,43.6818,0.799387
Saint Kitts and Nevis,2000,0.001052633806,44.083,0.851264
Saint Kitts and Nevis,2001,0.00108809121079996,44.6368,0.8977749999999999
Saint Kitts and Nevis,2002,0.00119037117319996,45.190599999999996,0.920957
Saint Kitts and Nevis,2003,0.00119228749319996,45.744400000000006,0.8876620000000001
Saint Kitts and Nevis,2004,0.0012895073028,46.2982,0.9196779999999999
Saint Kitts and Nevis,2005,0.0012013731535999998,46.852,1.00035
Saint Kitts and Nevis,2006,0.00124494748,47.28380000000001,1.01847
Saint Kitts and Nevis,2007,0.0013162732039999601,47.7156,1.01668
Saint Kitts and Nevis,2008,0.0013147805239999998,48.1474,1.08064
Saint Kitts and Nevis,2009,0.001345419164,48.57919999999999,1.04801
Saint Kitts and Nevis,2010,0.00137836297999996,49.011,1.02444
Saint Kitts and Nevis,2011,0.00141980150919996,49.4496,1.04901
Saint Kitts and Nevis,2012,0.0014127461756,49.888200000000005,1.04271
Saint Kitts and Nevis,2013,0.001407667536,50.3268,1.11111
Saint Kitts and Nevis,2014,0.001425220854,50.7654,1.168
Saint Kitts and Nevis,2015,0.0014590656,51.204,1.225
Saint Kitts and Nevis,2016,0.0014976336,51.6016,1.26359
Saint Kitts and Nevis,2017,0.0015079730087336001,51.9992,1.28794
Saint Kitts and Nevis,2018,0.0015202387479894002,52.396800000000006,1.32291
Saint Kitts and Nevis,2019,0.00151963072,52.7944,1.36317
Saint Lucia,1980,0.00063924112961944,117.82800000000002,
Saint Lucia,1981,0.00047812092812167994,119.435,
Saint Lucia,1982,0.0006374945691560001,120.98700000000001,
Saint Lucia,1983,0.0005578077493992799,122.57099999999998,
Saint Lucia,1984,0.0005593359898086,124.296,
Saint Lucia,1985,0.00071718139287884,126.246,
Saint Lucia,1986,0.00071954809068,128.448,
Saint Lucia,1987,0.00078454845868,130.868,
Saint Lucia,1988,0.001001491118712,133.364,1.3396099999999997
Saint Lucia,1989,0.00099904377468,135.787,1.4382600000000003
Saint Lucia,1990,0.00099904377468,138.019,1.48069
Saint Lucia,1991,0.00099904377468,140.001,1.4894
Saint Lucia,1992,0.001001491118712,141.758,1.59807
Saint Lucia,1993,0.00099904377468,143.402,1.60238
Saint Lucia,1994,0.00117994527908,145.08,1.6303
Saint Lucia,1995,0.00117994527908,146.871,1.64875
Saint Lucia,1996,0.001182839873112,148.837,1.76473
Saint Lucia,1997,0.00117994527908,150.92,1.75861
Saint Lucia,1998,0.00117994527908,153.023,1.8705299999999998
Saint Lucia,1999,0.0011799596080000001,154.988,1.91321
Saint Lucia,2000,0.00199951280781956,156.737,1.90628
Saint Lucia,2001,0.00216834696330376,158.184,1.83571
Saint Lucia,2002,0.00195925448182456,159.392,1.83547
Saint Lucia,2003,0.0021680231613406,160.53,1.92368
Saint Lucia,2004,0.00217572414218516,161.821,2.07993
Saint Lucia,2005,0.00224430623516796,163.408,2.04499
Saint Lucia,2006,0.002263942959344,165.378,2.2155
Saint Lucia,2007,0.0023406605166296,167.644,2.25803
Saint Lucia,2008,0.00240567796639996,170.011,2.36919
Saint Lucia,2009,0.0023466759163456,172.22300000000004,2.3324
Saint Lucia,2010,0.0024527244264188003,174.092,2.34299
Saint Lucia,2011,0.00248946973050316,175.538,2.44437
Saint Lucia,2012,0.0024781309856056,176.654,2.44171
Saint Lucia,2013,0.00247174433227996,177.505,2.39275
Saint Lucia,2014,0.00249602308692,178.307,2.42453
Saint Lucia,2015,0.0025130256556,179.131,2.427
Saint Lucia,2016,0.0025402036544,180.028,2.51019
Saint Lucia,2017,0.0027535764979752402,180.955,2.59777
Saint Lucia,2018,0.00253119417982468,181.846,2.66633
Saint Lucia,2019,0.0037196732992,182.73799999999997,2.7124399999999995
Saint Pierre and Miquelon,1980,0.0008516122660573199,,
Saint Pierre and Miquelon,1981,0.0008492854565872,,
Saint Pierre and Miquelon,1982,0.00076435691097384,,
Saint Pierre and Miquelon,1983,0.0008492854565872,,
Saint Pierre and Miquelon,1984,0.0008516122660573199,,
Saint Pierre and Miquelon,1985,0.00076435691097384,,
Saint Pierre and Miquelon,1986,0.0009409318502,,
Saint Pierre and Miquelon,1987,0.0012096270528,,
Saint Pierre and Miquelon,1988,0.00121486514688,,
Saint Pierre and Miquelon,1989,0.0014667036192,,
Saint Pierre and Miquelon,1990,0.0013802021232,,
Saint Pierre and Miquelon,1991,0.0012965972964,,
Saint Pierre and Miquelon,1992,0.001193892,,
Saint Pierre and Miquelon,1993,0.00068036,,
Saint Pierre and Miquelon,1994,0.00069441688,,
Saint Pierre and Miquelon,1995,0.00043928188,,
Saint Pierre and Miquelon,1996,0.000440442936,,
Saint Pierre and Miquelon,1997,0.000255135,,
Saint Pierre and Miquelon,1998,0.00034018,,
Saint Pierre and Miquelon,1999,0.00034018,,
Saint Pierre and Miquelon,2000,0.000384023908,,
Saint Pierre and Miquelon,2001,0.000384023908,,
Saint Pierre and Miquelon,2002,0.00041878750800000003,,
Saint Pierre and Miquelon,2003,0.00047147434400000003,,
Saint Pierre and Miquelon,2004,0.00045409254399995995,,
Saint Pierre and Miquelon,2005,0.00047147434400000003,,
Saint Pierre and Miquelon,2006,0.00047147434400000003,,
Saint Pierre and Miquelon,2007,0.0004888561439999599,,
Saint Pierre and Miquelon,2008,0.0004888561439999599,,
Saint Pierre and Miquelon,2009,0.0004888561439999599,,
Saint Pierre and Miquelon,2010,0.00051404274399998,,
Saint Pierre and Miquelon,2011,0.000517487104,,
Saint Pierre and Miquelon,2012,0.00051037438399996,,
Saint Pierre and Miquelon,2013,0.000522561644,,
Saint Pierre and Miquelon,2014,0.00054458619119996,,
Saint Pierre and Miquelon,2015,0.00054458619119996,,
Saint Pierre and Miquelon,2016,0.00055446072,,
Saint Pierre and Miquelon,2017,0.0005445861911999199,,
Saint Pierre and Miquelon,2018,0.0005925208000000001,,
Saint Pierre and Miquelon,2019,0.0005095032,,
Saint Vincent/Grenadines,1980,0.00030661796929476,100.56599999999999,
Saint Vincent/Grenadines,1981,0.00030641521187832,101.43900000000001,
Saint Vincent/Grenadines,1982,0.00031060362739832,102.255,
Saint Vincent/Grenadines,1983,0.00031107892510232,103.03500000000001,
Saint Vincent/Grenadines,1984,0.00032785154692276,103.776,
Saint Vincent/Grenadines,1985,0.00034398359406232,104.503,
Saint Vincent/Grenadines,1986,0.0003154216538,105.217,
Saint Vincent/Grenadines,1987,0.0003276220538,105.90500000000002,
Saint Vincent/Grenadines,1988,0.0003815837324,106.533,0.631229
Saint Vincent/Grenadines,1989,0.0005295487582,107.07099999999998,0.640098
Saint Vincent/Grenadines,1990,0.0004998321422,107.48899999999999,0.666662
Saint Vincent/Grenadines,1991,0.0004335951582,107.772,0.674233
Saint Vincent/Grenadines,1992,0.00054823087472,107.94099999999999,0.7172300000000001
Saint Vincent/Grenadines,1993,0.00047417075819999996,108.036,0.733437
Saint Vincent/Grenadines,1994,0.0007872757106,108.05900000000001,0.718495
Saint Vincent/Grenadines,1995,0.0008639359106,108.043,0.77204
Saint Vincent/Grenadines,1996,0.00078905376192,107.983,0.784491
Saint Vincent/Grenadines,1997,0.0009096692294,107.895,0.813132
Saint Vincent/Grenadines,1998,0.0009963040435999999,107.807,0.854224
Saint Vincent/Grenadines,1999,0.00099656804,107.76299999999999,0.890336
Saint Vincent/Grenadines,2000,0.00095686115719996,107.78699999999999,0.906524
Saint Vincent/Grenadines,2001,0.0011073890964,107.89299999999999,0.922562
Saint Vincent/Grenadines,2002,0.0011972589691999999,108.09499999999998,0.9803289999999999
Saint Vincent/Grenadines,2003,0.00125462366919996,108.322,1.05567
Saint Vincent/Grenadines,2004,0.001385836562,108.52,1.09949
Saint Vincent/Grenadines,2005,0.0013911501119999998,108.617,1.12698
Saint Vincent/Grenadines,2006,0.0013799987556,108.60200000000002,1.21379
Saint Vincent/Grenadines,2007,0.0014062145319039998,108.516,1.25407
Saint Vincent/Grenadines,2008,0.00140769711139198,108.401,1.27394
Saint Vincent/Grenadines,2009,0.00189292653193196,108.293,1.24716
Saint Vincent/Grenadines,2010,0.0013990833547436001,108.26,1.20543
Saint Vincent/Grenadines,2011,0.0012969317639724,108.315,1.20031
Saint Vincent/Grenadines,2012,0.0015723030653179999,108.435,1.21699
Saint Vincent/Grenadines,2013,0.0012864465101852,108.62399999999998,1.23927
Saint Vincent/Grenadines,2014,0.00132531210319998,108.868,1.25431
Saint Vincent/Grenadines,2015,0.00135860408519996,109.135,1.271
Saint Vincent/Grenadines,2016,0.0013558620696,109.467,1.29512
Saint Vincent/Grenadines,2017,0.00156135877424972,109.82599999999998,1.30807
Saint Vincent/Grenadines,2018,0.00143695310994728,110.2,1.3363699999999998
Saint Vincent/Grenadines,2019,0.0012307395199999999,110.573,1.34094
Samoa,1980,0.000598640969212,155.522,0.47651
Samoa,1981,0.000597266807336,156.417,0.433336
Samoa,1982,0.00069932025078996,157.311,0.42907199999999995
Samoa,1983,0.0006996371159259599,158.206,0.431204
Samoa,1984,0.0008804653722421999,159.1,0.439732
Samoa,1985,0.00072018062856596,159.995,0.465317
Samoa,1986,0.0006515664,160.555,0.48717000000000005
Samoa,1987,0.0006430152,161.116,0.489835
Samoa,1988,0.00064388736,161.676,0.503693
Samoa,1989,0.0008131932,162.237,0.533009
Samoa,1990,0.0008129532,162.797,0.498896
Samoa,1991,0.0008132252,164.248,0.486637
Samoa,1992,0.00075825256,165.698,0.506891
Samoa,1993,0.0008328271999999999,167.149,0.515419
Samoa,1994,0.0008328972,168.599,0.548466
Samoa,1995,0.000836982,170.05,0.584177
Samoa,1996,0.00085581648,170.931,0.626818
Samoa,1997,0.0008645488,171.812,0.631615
Samoa,1998,0.0008847315999999999,172.692,0.638544
Samoa,1999,0.0009056244,173.573,0.634813
Samoa,2000,0.001268622164,174.45400000000004,0.666794
Samoa,2001,0.001355507188,175.508,0.716363
Samoa,2002,0.001431275356,176.561,0.756872
Samoa,2003,0.0014438717079999599,177.615,0.796315
Samoa,2004,0.001443927924,178.668,0.820833
Samoa,2005,0.0014620004799999601,179.722,0.8752
Samoa,2006,0.001510692008,180.966,0.893856
Samoa,2007,0.0016122552040000002,182.211,0.898119
Samoa,2008,0.001653873912,183.455,0.9301
Samoa,2009,0.0017308279919999998,184.69999999999996,0.925303
Samoa,2010,0.00172726292999998,185.944,0.9487549999999999
Samoa,2011,0.0017478718939999797,187.457,0.988198
Samoa,2012,0.0016918191179999798,188.97,0.947689
Samoa,2013,0.00164197724872,190.484,0.943958
Samoa,2014,0.0016617928559999801,191.99699999999999,0.9444909999999999
Samoa,2015,0.001907332708,193.51,0.985
Samoa,2016,0.0020049641152,194.49,1.06442
Samoa,2017,0.00200495828402948,195.47,1.07561
Samoa,2018,0.0019858207704283202,196.44999999999996,1.05322
Samoa,2019,0.002141004288,197.42999999999998,1.09107
Sao Tome and Principe,1980,0.00019163547288232,95.788,
Sao Tome and Principe,1981,0.00019137334788155998,97.767,
Sao Tome and Principe,1982,0.00019555775536156,99.478,
Sao Tome and Principe,1983,0.00018735298422556,101.06400000000001,
Sao Tome and Principe,1984,0.00019595706367032001,102.82599999999998,
Sao Tome and Principe,1985,0.00019553534054556,104.926,
Sao Tome and Principe,1986,0.0002085125494,107.42900000000002,
Sao Tome and Principe,1987,0.00021260454940000002,110.259,
Sao Tome and Principe,1988,0.00021275017856,113.288,0.386515
Sao Tome and Principe,1989,0.00021264614939999998,116.313,0.398634
Sao Tome and Principe,1990,0.0003826401494,119.211,0.390052
Sao Tome and Principe,1991,0.00040339393339999997,121.949,0.39473699999999995
Sao Tome and Principe,1992,0.00040400588576,124.574,0.3975
Sao Tome and Principe,1993,0.0004029875334,127.06599999999999,0.401873
Sao Tome and Principe,1994,0.0004880549334,129.426,0.410714
Sao Tome and Principe,1995,0.0004880421334,131.679,0.418928
Sao Tome and Principe,1996,0.0004892774857599999,133.799,0.425212
Sao Tome and Principe,1997,0.00048772533340000004,135.831,0.429449
Sao Tome and Principe,1998,0.0004835953334,137.855,0.440185
Sao Tome and Principe,1999,0.00049186703999996,139.964,0.45119
Sao Tome and Principe,2000,0.00039863107440000004,142.264,0.45321300000000003
Sao Tome and Principe,2001,0.00037249998560000004,144.76,0.467101
Sao Tome and Principe,2002,0.00042158535519996,147.45,0.4764570000000001
Sao Tome and Principe,2003,0.00046967387519996,150.405,0.509638
Sao Tome and Principe,2004,0.00053131712399996,153.736,0.529169
Sao Tome and Principe,2005,0.0005616271719999799,157.472,0.566707
Sao Tome and Principe,2006,0.00059731505,161.676,0.618365
Sao Tome and Principe,2007,0.000621533202,166.297,0.638485
Sao Tome and Principe,2008,0.00067063301199996,171.12199999999999,0.6907520000000001
Sao Tome and Principe,2009,0.0007130043519999599,175.87700000000004,0.707513
Sao Tome and Principe,2010,0.0007682613348,180.37199999999999,0.754718
Sao Tome and Principe,2011,0.0007950996659999999,184.521,0.78791
Sao Tome and Principe,2012,0.0008400980479999801,188.394,0.8126669999999999
Sao Tome and Principe,2013,0.000840158048,192.076,0.851795
Sao Tome and Principe,2014,0.0008400836479999999,195.727,0.907587
Sao Tome and Principe,2015,0.00087851871999998,199.439,0.943086
Sao Tome and Principe,2016,0.00090757584,203.221,0.982363
Sao Tome and Principe,2017,0.00092299931606064,207.086,1.02017
Sao Tome and Principe,2018,0.00090860764406136,211.111,1.05022
Sao Tome and Principe,2019,0.00100132312,215.136,1.06389
Saudi Arabia,1980,0.6615309119268638,9691.47,
Saudi Arabia,1981,0.8075994472072608,10311.8,
Saudi Arabia,1982,0.7941217581931255,10988.799999999997,
Saudi Arabia,1983,0.848794273573594,11701.1,
Saudi Arabia,1984,0.9865477297337595,12418.799999999997,
Saudi Arabia,1985,1.1006683763091545,13119.0,
Saudi Arabia,1986,1.203388634,13794.200000000003,
Saudi Arabia,1987,1.22650286,14445.700000000003,
Saudi Arabia,1988,1.2731106648000001,15070.1,645.48
Saudi Arabia,1989,1.2480367319999999,15666.299999999997,642.233
Saudi Arabia,1990,1.3371415322964249,16233.799999999997,739.81
Saudi Arabia,1991,1.3969305559593292,16772.7,850.84
Saudi Arabia,1992,1.473222579390802,17282.7,884.768
Saudi Arabia,1993,1.510676817338089,17763.3,872.7019999999999
Saudi Arabia,1994,1.5504860060797845,18214.5,877.578
Saudi Arabia,1995,1.527312514737467,18638.8,879.439
Saudi Arabia,1996,1.642255289673367,19033.8,902.634
Saudi Arabia,1997,1.7422387851332655,19407.1,912.596
Saudi Arabia,1998,1.813594535553164,19783.3,939.0009999999999
Saudi Arabia,1999,1.9433412338809728,20194.5,903.6640000000001
Saudi Arabia,2000,2.0403169997461457,20476.0,954.4990000000001
Saudi Arabia,2001,2.118567409541331,20979.0,942.942
Saudi Arabia,2002,2.203931134132342,21495.0,916.359
Saudi Arabia,2003,2.3042139453212993,22023.0,1019.38
Saudi Arabia,2004,2.517289893384075,22564.0,1100.5
Saudi Arabia,2005,2.6669600971942615,23330.0,1161.84
Saudi Arabia,2006,2.776432470791622,24122.0,1194.24
Saudi Arabia,2007,2.8643484354369066,24941.0,1216.3
Saudi Arabia,2008,3.0814576049475706,25787.0,1292.32
Saudi Arabia,2009,3.2098369933189206,26661.0,1265.7
Saudi Arabia,2010,3.523268105708845,27563.0,1329.49
Saudi Arabia,2011,3.6841247501129937,28376.0,1462.4000000000003
Saudi Arabia,2012,3.9176128175870497,29196.0,1541.53
Saudi Arabia,2013,3.916792003026019,29994.0,1583.14
Saudi Arabia,2014,4.143741166606221,30770.0,1640.97
Saudi Arabia,2015,4.259932962953568,31016.0,1708.3499999999997
Saudi Arabia,2016,4.185904470057968,31742.0,1736.89
Saudi Arabia,2017,4.378597768472541,32613.0,1724.01
Saudi Arabia,2018,4.06999487197425,33414.0,1765.1899999999998
Saudi Arabia,2019,4.064405898340806,34218.0,1771.04
Senegal,1980,0.01398368654771768,5583.16,
Senegal,1981,0.01394547975387144,5740.44,
Senegal,1982,0.01394547975387144,5909.73,
Senegal,1983,0.013125157413779278,6089.57,
Senegal,1984,0.01645139593847952,6277.420000000001,
Senegal,1985,0.01558612443075128,6471.329999999999,
Senegal,1986,0.0159962856,6670.670000000001,
Senegal,1987,0.0161893414,6875.75,
Senegal,1988,0.01387735848,7086.62,17.7456
Senegal,1989,0.0143460622,7303.509999999999,18.4507
Senegal,1990,0.0145207278,7526.31,18.313
Senegal,1991,0.0134076966,7755.5,18.8002
Senegal,1992,0.016241030479999998,7990.09,19.0484
Senegal,1993,0.01693404348,8226.75,19.3075
Senegal,1994,0.020425631399999998,8461.07,19.2983
Senegal,1995,0.0221074848,8690.16,20.3536
Senegal,1996,0.02229663724,8912.87,20.7648
Senegal,1997,0.02036520896,9130.88,21.3972
Senegal,1998,0.02166816156,9347.78,22.6593
Senegal,1999,0.02386044056,9568.72,24.0831
Senegal,2000,0.02717079222193916,9797.73,25.0192
Senegal,2001,0.0296103156822976,10036.1,26.097799999999996
Senegal,2002,0.030726017833696738,10283.7,26.1157
Senegal,2003,0.030976769985832035,10541.5,27.5766
Senegal,2004,0.03277176465597126,10810.1,28.857
Senegal,2005,0.0340039880929986,11090.1,30.1009
Senegal,2006,0.033392867339544344,11382.299999999997,30.802399999999995
Senegal,2007,0.03600715143440526,11687.1,31.6733
Senegal,2008,0.036906761918512096,12004.700000000003,32.8462
Senegal,2009,0.03533236302122938,12335.1,33.6361
Senegal,2010,0.03665906257662594,12678.1,34.8343
Senegal,2011,0.038445830657612576,13033.799999999997,35.203
Senegal,2012,0.03771166797649604,13402.0,36.992
Senegal,2013,0.03930751571267278,13782.4,38.1681
Senegal,2014,0.04366092069002162,14174.700000000003,40.7249
Senegal,2015,0.05060373115913136,14578.5,43.318000000000005
Senegal,2016,0.04890743438431232,14993.5,46.07149999999999
Senegal,2017,0.0518932821355938,15419.299999999997,49.4844
Senegal,2018,0.054119894924483235,15860.9,52.6324
Senegal,2019,0.06013174674465412,16302.4,54.8701
Serbia,1980,,,
Serbia,1981,,,
Serbia,1982,,,
Serbia,1983,,,
Serbia,1984,,,
Serbia,1985,,,
Serbia,1986,,,
Serbia,1987,,,
Serbia,1988,,,
Serbia,1989,,,
Serbia,1990,,,
Serbia,1991,,,
Serbia,1992,,,
Serbia,1993,,,
Serbia,1994,,,
Serbia,1995,,,
Serbia,1996,,,
Serbia,1997,,,
Serbia,1998,,,
Serbia,1999,,,
Serbia,2000,,,
Serbia,2001,,,
Serbia,2002,,,
Serbia,2003,,,
Serbia,2004,,,
Serbia,2005,,,
Serbia,2006,0.28011014779739496,7411.57,92.0378
Serbia,2007,0.2789993941422649,7381.579999999999,97.9646
Serbia,2008,0.27796939122702247,7350.22,103.505
Serbia,2009,0.26537530652081603,7320.81,100.678
Serbia,2010,0.27381907038030023,7291.44,101.414
Serbia,2011,0.2767575128155618,7236.52,103.479
Serbia,2012,0.260643866067607,7201.5,102.77299999999998
Serbia,2013,0.2597851878106061,7166.55,105.746
Serbia,2014,0.231410106633246,7131.79,104.065
Serbia,2015,0.2562148657093767,7095.38,105.95099999999998
Serbia,2016,0.2624839671353544,7058.32,109.473
Serbia,2017,0.26972850000549314,7020.86,111.754
Serbia,2018,0.2698528183133333,6982.600000000001,116.791
Serbia,2019,0.27279400807627496,6945.23,121.68599999999999
Seychelles,1980,0.00128184146285952,66.237,
Seychelles,1981,0.0010226713325189201,67.242,
Seychelles,1982,0.00093744871986748,68.12003,
Seychelles,1983,0.00161922961021892,68.83703,
Seychelles,1984,0.00170912195078908,69.40197,
Seychelles,1985,0.0017896748295925201,69.772,
Seychelles,1986,0.0017001143885999998,69.94098,
Seychelles,1987,0.0017954734125999999,69.946,
Seychelles,1988,0.0026507848070399997,69.925,0.791804
Seychelles,1989,0.0027583662762,70.08897,0.8732629
Seychelles,1990,0.002463528956,70.57198,0.938362
Seychelles,1991,0.0027932707881999997,71.446,0.964101
Seychelles,1992,0.00276958747008,72.66103,1.033667
Seychelles,1993,0.0028472483606,74.07102,1.097594
Seychelles,1994,0.0028472483606,75.444,1.088717
Seychelles,1995,0.0029475635882000003,76.65302,1.081962
Seychelles,1996,0.00295540572864,77.597,1.102285
Seychelles,1997,0.003130310956,78.35699,1.268496
Seychelles,1998,0.003130310956,79.06397,1.41092
Seychelles,1999,0.0031303178,79.904,1.438223
Seychelles,2000,0.00513316527852,80.99802,1.436437
Seychelles,2001,0.00552175901747996,82.41302,1.404363
Seychelles,2002,0.0048082639708400005,84.077,1.4221010000000003
Seychelles,2003,0.004796434227,85.80702000000001,1.332084
Seychelles,2004,0.006694536896,87.38798000000001,1.305172
Seychelles,2005,0.00609800255104,88.652,1.422725
Seychelles,2006,0.00647867496467996,89.52797,1.562301
Seychelles,2007,0.00532627750776,90.082,1.7203410000000001
Seychelles,2008,0.005806129100204,90.45,1.687
Seychelles,2009,0.00632880377932796,90.788,1.6823749999999997
Seychelles,2010,0.00572339000295996,91.27299999999998,1.792425
Seychelles,2011,0.00491432792731996,91.882,1.863869
Seychelles,2012,0.00565465848816,92.60802,1.9316640000000003
Seychelles,2013,0.00510769786336,93.397,2.049011
Seychelles,2014,0.005973189424,94.214,2.141596
Seychelles,2015,0.0061905884000000005,94.98102999999999,2.247662
Seychelles,2016,0.00686711888,95.71103,2.349187
Seychelles,2017,0.00716234216412104,96.41797000000001,2.460741
Seychelles,2018,0.0063512872799999995,97.05865,2.503831
Seychelles,2019,0.00637234848,97.69932999999999,2.532797
Sierra Leone,1980,0.0042841026721454,3388.49,
Sierra Leone,1981,0.00427239747358764,3464.11,
Sierra Leone,1982,0.0046141892713098395,3540.16,
Sierra Leone,1983,0.00427239747358764,3619.85,
Sierra Leone,1984,0.0042841026721454,3707.51,
Sierra Leone,1985,0.00469963722157368,3805.3000000000006,
Sierra Leone,1986,0.0049616975362,3916.69,
Sierra Leone,1987,0.005436838009,4038.15,
Sierra Leone,1988,0.0059153678937599995,4156.64,6.24631
Sierra Leone,1989,0.005752476942,4254.43,6.291909999999999
Sierra Leone,1990,0.0058375400314,4319.76,6.50269
Sierra Leone,1991,0.0061839100956,4348.66,6.6556299999999995
Sierra Leone,1992,0.004469857716,4347.73,5.3902
Sierra Leone,1993,0.0044625458158000005,4328.96,5.46428
Sierra Leone,1994,0.0042361023999999995,4309.78,5.357870000000001
Sierra Leone,1995,0.0048718031608,4303.95,4.92926
Sierra Leone,1996,0.00480022647408,4312.66,5.01571
Sierra Leone,1997,0.0050464416886,4335.29,4.72094
Sierra Leone,1998,0.0050464658078,4381.48,4.8052
Sierra Leone,1999,0.005046466121680001,4462.37,4.7101
Sierra Leone,2000,0.00256062352722396,4584.57,5.02345
Sierra Leone,2001,0.00321316831856396,4754.07,4.70469
Sierra Leone,2002,0.0032329653975199995,4965.77,5.94753
Sierra Leone,2003,0.00332129454527998,5201.07,6.50144
Sierra Leone,2004,0.0033141440995199598,5434.0,6.9304
Sierra Leone,2005,0.00300156421403996,5645.63,7.24262
Sierra Leone,2006,0.00363169882735996,5829.240000000001,7.54854
Sierra Leone,2007,0.00342996339964,5989.64,8.15681
Sierra Leone,2008,0.00367813315104,6133.600000000001,8.59714
Sierra Leone,2009,0.00365757691887996,6272.73,8.87123
Sierra Leone,2010,0.00402601095124,6415.64,9.34552
Sierra Leone,2011,0.0050960597954,6563.240000000001,9.9357
Sierra Leone,2012,0.00565864111979996,6712.59,11.4441
Sierra Leone,2013,0.006584795137799961,6863.98,13.8148
Sierra Leone,2014,0.00724130152079996,7017.149999999999,14.4444
Sierra Leone,2015,0.00591657727999996,7171.91,11.469
Sierra Leone,2016,0.006050111679999999,7328.850000000001,12.1635
Sierra Leone,2017,0.0060117148159569605,7488.43,12.6757
Sierra Leone,2018,0.0060961520623087195,7651.28,13.1126
Sierra Leone,2019,0.0056341332272,7814.13,13.8469
Singapore,1980,0.17945984358498893,2434.335,52.6156
Singapore,1981,0.18965294494125148,2546.708,58.3065
Singapore,1982,0.1967291540827045,2645.85,62.4476
Singapore,1983,0.19500613013057738,2688.49,67.78959
Singapore,1984,0.2088503265829363,2729.725,73.7501
Singapore,1985,0.2012199428919871,2735.24,73.2906
Singapore,1986,0.22826799232622527,2741.3000000000006,74.27491
Singapore,1987,0.2526967676964437,2785.5749999999994,82.2948
Singapore,1988,0.2692294539876598,2857.5500000000006,91.5643
Singapore,1989,0.2923981961656114,2947.395,100.866
Singapore,1990,0.3207802395347585,3056.358,110.77209999999998
Singapore,1991,0.3330026856850636,3147.512,118.1811
Singapore,1992,0.3832964482954035,3240.24,126.0281
Singapore,1993,0.4157429487163117,3328.0929999999994,140.4743
Singapore,1994,0.4752928866853995,3432.223,156.0636
Singapore,1995,0.4579287748670097,3545.3249999999994,167.3017
Singapore,1996,0.5418529951770541,3685.0680000000007,179.80139999999997
Singapore,1997,0.5812848446593877,3812.8000000000006,194.7608
Singapore,1998,0.6148082560854242,3924.922,190.485
Singapore,1999,0.6530965687534834,3969.7179999999994,201.38839999999996
Singapore,2000,0.6615121471902732,4044.215,219.59219999999996
Singapore,2001,0.6991191075725985,4138.243,217.24480000000003
Singapore,2002,0.6908790106696373,4162.118,225.74889999999996
Singapore,2003,0.766555253080487,4128.37,235.98840000000004
Singapore,2004,0.8271640433884025,4182.005,259.1616
Singapore,2005,0.8562249062549954,4284.993,278.2333
Singapore,2006,0.9266302080505403,4427.995,303.2885
Singapore,2007,1.0063341877201692,4623.923,330.6517
Singapore,2008,1.0385749406297102,4851.505,336.829
Singapore,2009,1.0387281888690674,4995.027,337.2366
Singapore,2010,1.1716692268368427,5091.213,386.2223000000001
Singapore,2011,1.2550751743447188,5201.145,410.701
Singapore,2012,1.263405182223385,5320.652,429.02400000000006
Singapore,2013,1.279664515525418,5406.97,449.778
Singapore,2014,1.2913230182206095,5477.55,467.49
Singapore,2015,1.316456883895418,5544.473000000001,481.461
Singapore,2016,1.3968794675600704,5603.695,497.489
Singapore,2017,1.4647176853527755,5616.895,519.977
Singapore,2018,1.496577634671268,5649.192,538.164
Singapore,2019,1.458111080284352,5696.185,545.403
Slovakia,1980,,,
Slovakia,1981,,,
Slovakia,1982,,,
Slovakia,1983,,,
Slovakia,1984,,,
Slovakia,1985,,,
Slovakia,1986,,,
Slovakia,1987,,,
Slovakia,1988,,,
Slovakia,1989,,,
Slovakia,1990,,,
Slovakia,1991,,,
Slovakia,1992,,,
Slovakia,1993,0.2886210249521411,5328.095,65.0208
Slovakia,1994,0.2704356218912551,5348.8,69.0556
Slovakia,1995,0.2887514115984107,5363.445,74.1498
Slovakia,1996,0.2799283546754038,5374.755,79.0583
Slovakia,1997,0.27169969928535215,5384.38,83.74341
Slovakia,1998,0.2674659140871038,5391.232,87.1565
Slovakia,1999,0.26450727696300125,5396.68,87.06440000000002
Slovakia,2000,0.26693585901360267,5386.235,88.08030000000001
Slovakia,2001,0.28050302888779427,5378.89,90.9461
Slovakia,2002,0.28173106949452403,5376.4,95.04720000000002
Slovakia,2003,0.27639252115869434,5372.998,100.2738
Slovakia,2004,0.27137004389082114,5372.382,105.5672
Slovakia,2005,0.2788537435936057,5372.84,112.5594
Slovakia,2006,0.2768436786016745,5373.085,122.1194
Slovakia,2007,0.2687666951247962,5374.98,135.3475
Slovakia,2008,0.2721330023803918,5380.025,142.8927
Slovakia,2009,0.24444854790092407,5387.405,135.0971
Slovakia,2010,0.2585970200418746,5391.685,143.0292
Slovakia,2011,0.25137353241743493,5399.868,147.1015
Slovakia,2012,0.241679018303274,5408.395,149.8918
Slovakia,2013,0.24149443885495472,5414.03,150.8905
Slovakia,2014,0.22921212114902145,5419.325,154.8765
Slovakia,2015,0.23631242894458404,5424.415,162.3339
Slovakia,2016,0.23732885130393966,5431.933,165.7961
Slovakia,2017,0.2450949356237835,5440.205,170.84129999999996
Slovakia,2018,0.2429825712851729,5447.683,177.2798
Slovakia,2019,0.23577806170521173,5455.077,181.38749999999996
Slovenia,1980,,,
Slovenia,1981,,,
Slovenia,1982,,,
Slovenia,1983,,,
Slovenia,1984,,,
Slovenia,1985,,,
Slovenia,1986,,,
Slovenia,1987,,,
Slovenia,1988,,,
Slovenia,1989,,,
Slovenia,1990,,,
Slovenia,1991,,,
Slovenia,1992,0.0753541286114052,1994.08,33.3454
Slovenia,1993,0.07980266789608408,1989.41,34.2936
Slovenia,1994,0.08335810057432395,1989.4800000000002,36.1201
Slovenia,1995,0.08957593102586463,1990.2699999999998,40.1631
Slovenia,1996,0.09880610275903451,1986.99,41.3636
Slovenia,1997,0.09386230837860454,1984.92,43.4718
Slovenia,1998,0.09389022545414344,1978.33,44.8217
Slovenia,1999,0.09306502263984755,1987.76,47.15709999999999
Slovenia,2000,0.0922783499338875,1990.09,49.0239
Slovenia,2001,0.09592139213386591,1994.03,50.7331
Slovenia,2002,0.09596233392833621,1995.03,52.4624
Slovenia,2003,0.09473596166161936,1996.43,53.9526
Slovenia,2004,0.10040359387816818,1997.59,56.019
Slovenia,2005,0.10070261636082574,2003.36,58.3931
Slovenia,2006,0.10134731021084348,2010.38,61.9159
Slovenia,2007,0.10115600187720052,2010.2699999999998,66.2879
Slovenia,2008,0.10934620401983754,2032.36,68.3526
Slovenia,2009,0.09936862797918448,2046.9800000000002,63.1301
Slovenia,2010,0.10041753122235875,2050.19,63.9038
Slovenia,2011,0.0984925216458245,2055.5,64.6293
Slovenia,2012,0.09667623560372422,2058.82,62.9895
Slovenia,2013,0.09407976654259952,2061.08,62.3872
Slovenia,2014,0.09515309719955989,2062.87,64.0153
Slovenia,2015,0.08882434948555762,2064.19,65.283
Slovenia,2016,0.09371247627409361,2065.9,67.4206
Slovenia,2017,0.09582034136607714,2066.88,70.8707
Slovenia,2018,0.09804215789029504,2080.91,74.0858
Slovenia,2019,0.09419946924062865,2095.86,76.4882
Solomon Islands,1980,0.00058939807598732,230.55000000000004,
Solomon Islands,1981,0.0008396967124863601,238.423,
Solomon Islands,1982,0.00075572704043964,246.451,
Solomon Islands,1983,0.0008396967124863601,254.566,
Solomon Islands,1984,0.0008419972514246799,262.691,
Solomon Islands,1985,0.00075572704043964,270.787,
Solomon Islands,1986,0.0006895337494,278.834,
Solomon Islands,1987,0.00080373438,286.871,
Solomon Islands,1988,0.00096310903104,294.976,0.503759
Solomon Islands,1989,0.0009608238684000001,303.272,0.538308
Solomon Islands,1990,0.0009608238684000001,311.869,0.574491
Solomon Islands,1991,0.0009608238684000001,320.781,0.589145
Solomon Islands,1992,0.00096310903104,330.004,0.656091
Solomon Islands,1993,0.0009608238684000001,339.501,0.667201
Solomon Islands,1994,0.0009608238684000001,349.27299999999997,0.72111
Solomon Islands,1995,0.0009608238684000001,359.276,0.793164
Solomon Islands,1996,0.00096310903104,369.517,0.805924
Solomon Islands,1997,0.0009608238684000001,379.998,0.7920089999999999
Solomon Islands,1998,0.0009608238684000001,390.702,0.8173020000000001
Solomon Islands,1999,0.0009608325599999599,401.5919999999999,0.804624
Solomon Islands,2000,0.001441652124,412.665,0.69026
Solomon Islands,2001,0.00150789539999996,423.949,0.635275
Solomon Islands,2002,0.00155825091999996,435.434,0.617768
Solomon Islands,2003,0.001628596316,447.016,0.657828
Solomon Islands,2004,0.0017321564719999598,458.549,0.711092
Solomon Islands,2005,0.001775314112,469.91799999999995,0.802461
Solomon Islands,2006,0.0018417027879999999,481.086,0.834555
Solomon Islands,2007,0.001963239144,492.133,0.9728119999999999
Solomon Islands,2008,0.00199232265548,503.366,1.00885
Solomon Islands,2009,0.00206189423915998,515.182,1.0112
Solomon Islands,2010,0.0021243895660399597,527.861,1.1188
Solomon Islands,2011,0.0022056285447999797,541.522,1.19049
Solomon Islands,2012,0.00221191132,556.066,1.22191
Solomon Islands,2013,0.002203138076,571.329,1.28706
Solomon Islands,2014,0.002074208316,587.079,1.30057
Solomon Islands,2015,0.0018950130644000002,603.133,1.319
Solomon Islands,2016,0.0018214337616000002,619.438,1.39647
Solomon Islands,2017,0.0018109392853988399,636.03,1.4711299999999998
Solomon Islands,2018,0.0018918838016204,652.979,1.52913
Solomon Islands,2019,0.0018633435216,669.929,1.5473799999999998
Somalia,1980,0.00658584153052352,6281.14,
Somalia,1981,0.00764863244622256,6354.64,
Somalia,1982,0.0075654951393436,6428.13,
Somalia,1983,0.00739922052019244,6501.63,
Somalia,1984,0.00766958760360948,6575.13,
Somalia,1985,0.0075654951393436,6648.63,
Somalia,1986,0.008073214686,6763.920000000001,
Somalia,1987,0.0059646124892,6879.21,
Somalia,1988,0.00598288732488,6994.5,8.87559
Somalia,1989,0.0061283397362,7109.8,8.85998
Somalia,1990,0.0055529172508,7225.09,8.71824
Somalia,1991,0.0033090863062,7278.399999999999,8.63104
Somalia,1992,0.00307522727712,7331.71,7.5953100000000004
Somalia,1993,0.0032365681062,7385.02,7.5953100000000004
Somalia,1994,0.0032365681062,7438.329999999999,6.000330000000001
Somalia,1995,0.0032365681062,7491.649999999999,6.000330000000001
Somalia,1996,0.0032454354160800004,7767.77,6.23433
Somalia,1997,0.0032365681062,8043.89,6.06586
Somalia,1998,0.0032365681062,8320.01,6.21728
Somalia,1999,0.00323656931216,8596.13,6.416239999999999
Somalia,2000,0.0040484226743088,8872.25,6.608720000000001
Somalia,2001,0.00411561411187996,9187.17,6.80699
Somalia,2002,0.004449167645652,9502.09,7.04523
Somalia,2003,0.004489667645652,9817.01,7.291810000000001
Somalia,2004,0.00445231243638,10131.9,7.51057
Somalia,2005,0.004495392336379999,10446.9,7.73589
Somalia,2006,0.00452970011445928,10766.3,7.92155
Somalia,2007,0.004594770616,11085.700000000003,8.12751
Somalia,2008,0.00454612492799996,11405.1,8.33882
Somalia,2009,0.004534045976,11724.5,8.55563
Somalia,2010,0.004647365536,12043.9,8.77808
Somalia,2011,0.004647365536,12394.5,9.00631
Somalia,2012,0.00466259113599996,12745.200000000003,9.11364
Somalia,2013,0.004662631136,13095.9,9.28298
Somalia,2014,0.004662961936,13446.5,9.50242
Somalia,2015,0.00483818352,13797.200000000003,9.83157
Somalia,2016,0.004950313600000001,14216.4,10.1154
Somalia,2017,0.00495116177857496,14635.6,10.2561
Somalia,2018,0.0049699788560554,15054.799999999997,10.5423
Somalia,2019,0.00496385704,15474.0,10.8476
South Africa,1980,1.0496973415662703,28653.3,350.1582
South Africa,1981,1.133910575557461,29434.569999999996,368.9294
South Africa,1982,1.2125167682432778,30256.23,367.5148
South Africa,1983,1.249955922615442,31099.95,360.7285
South Africa,1984,1.124486542666505,31947.22,379.1226
South Africa,1985,1.1453389348535046,32781.0,374.5294999999999
South Africa,1986,1.1619336697374232,33596.02,374.5963
South Africa,1987,1.2045616807682646,34404.23,382.4656
South Africa,1988,1.231131354228738,35218.1,398.5293
South Africa,1989,1.2362697128349587,36049.65,408.07300000000004
South Africa,1990,1.2719709395547436,36914.08,406.776
South Africa,1991,1.2717546774460227,37832.27,402.635
South Africa,1992,1.2777534848644556,38791.93,394.03030000000007
South Africa,1993,1.294586293383542,39754.48,397.4599
South Africa,1994,1.3266729404742776,40680.35,410.17699999999996
South Africa,1995,1.4019329954199147,41534.88,422.893
South Africa,1996,1.4509883154965812,42315.38,441.078
South Africa,1997,1.5055119420054457,43045.12,452.547
South Africa,1998,1.5372916372706777,43736.12,454.809
South Africa,1999,1.495662736262102,44400.55000000001,465.7250000000001
South Africa,2000,1.5351736865414418,45045.38,485.285
South Africa,2001,1.5233252236160946,45655.07,498.387
South Africa,2002,1.5825591182652146,46226.80000000001,516.83
South Africa,2003,1.6571145336433337,46785.07,532.072
South Africa,2004,1.6868272535345366,47355.69999999999,556.305
South Africa,2005,1.7195861196683655,47959.03,585.661
South Africa,2006,1.7435258070144206,48586.75,618.481
South Africa,2007,1.8439160289946426,49226.53,651.635
South Africa,2008,1.8667175437971177,49887.6,672.429
South Africa,2009,1.8338258492333859,50579.72,662.087
South Africa,2010,1.8744403659055784,51314.55000000001,682.211
South Africa,2011,1.8480582788392024,52105.77,703.8290000000001
South Africa,2012,1.8737693204163623,52944.27,720.6929999999999
South Africa,2013,1.8849283694394732,53804.32,738.6060000000001
South Africa,2014,1.8676107074684134,54659.30000000001,749.0480000000001
South Africa,2015,1.8647022841922214,55487.48,758.949
South Africa,2016,1.8514604050438128,56294.0,763.993
South Africa,2017,1.9083759795312758,57092.65,772.84
South Africa,2018,1.830508660057064,57879.6,784.337
South Africa,2019,1.8818470133654712,58650.23,785.223
South Korea,1980,0.626850547670276,38115.15,203.97619999999998
South Korea,1981,0.6565925163806379,38673.48,218.7568
South Korea,1982,0.6689019603586214,39245.07,236.9968
South Korea,1983,0.7176190625200723,39812.32,268.6981
South Korea,1984,0.750051484300139,40357.35,297.0501
South Korea,1985,0.7998267697276416,40862.5,320.3354
South Korea,1986,0.8909522088412424,41317.12,356.6206
South Korea,1987,1.0116985183845697,41734.15,401.99590000000006
South Korea,1988,1.124045604217471,42135.3,450.185
South Korea,1989,1.2091553426796915,42542.62,482.028
South Korea,1990,1.3546835317478358,42976.22,529.639
South Korea,1991,1.510111982727491,43441.48,586.725
South Korea,1992,1.6812984123395853,43924.38,623.094
South Korea,1993,1.8252650037874856,44411.65,665.947
South Korea,1994,1.957203067008477,44889.72,727.67
South Korea,1995,2.134393606686665,45348.69999999999,797.6330000000002
South Korea,1996,2.306804790483819,45796.52,860.572
South Korea,1997,2.4850595068856967,46238.77,913.6730000000001
South Korea,1998,2.290005637397372,46664.43,866.808
South Korea,1999,2.5132235816735444,47061.670000000006,966.203
South Korea,2000,2.698568324989699,47419.98,1053.75
South Korea,2001,2.7716117910265954,47736.5,1104.882
South Korea,2002,2.807402414176845,48018.6,1190.236
South Korea,2003,2.9177130423610436,48273.30000000001,1227.696
South Korea,2004,2.975813048833349,48507.93,1291.505
South Korea,2005,3.075467805526209,48725.75,1347.15
South Korea,2006,3.1302844715528653,48913.65,1418.0690000000002
South Korea,2007,3.2490814654749514,49070.88,1500.309
South Korea,2008,3.2997924645938697,49218.88,1545.514
South Korea,2009,3.3337011628505144,49379.65,1557.765
South Korea,2010,3.6230733759818032,49575.55000000001,1663.769
South Korea,2011,3.768465244920024,49821.68,1725.089
South Korea,2012,3.837438540228527,50101.63,1766.5340000000003
South Korea,2013,3.8290136364784395,50385.02,1822.4399999999998
South Korea,2014,3.864016818337951,50641.0,1880.804
South Korea,2015,3.9725555843312073,50842.27,1933.6359999999997
South Korea,2016,4.097358290714987,50985.69999999999,1990.619
South Korea,2017,4.1178395890763975,51089.670000000006,2053.515
South Korea,2018,4.146046137374538,51165.44999999999,2113.219
South Korea,2019,4.13799946774212,51224.18,2160.64
South Sudan,1980,,,
South Sudan,1981,,,
South Sudan,1982,,,
South Sudan,1983,,,
South Sudan,1984,,,
South Sudan,1985,,,
South Sudan,1986,,,
South Sudan,1987,,,
South Sudan,1988,,,
South Sudan,1989,,,
South Sudan,1990,,,
South Sudan,1991,,,
South Sudan,1992,,,
South Sudan,1993,,,
South Sudan,1994,,,
South Sudan,1995,,,
South Sudan,1996,,,
South Sudan,1997,,,
South Sudan,1998,,,
South Sudan,1999,,,
South Sudan,2000,,,
South Sudan,2001,,,
South Sudan,2002,,,
South Sudan,2003,,,
South Sudan,2004,,,
South Sudan,2005,,,
South Sudan,2006,,,
South Sudan,2007,,,
South Sudan,2008,,,
South Sudan,2009,,,
South Sudan,2010,,,
South Sudan,2011,,,
South Sudan,2012,0.00814639964,10113.7,16.1748
South Sudan,2013,0.008616546612,10355.0,20.9178
South Sudan,2014,0.00891430216399996,10554.9,21.5287
South Sudan,2015,0.01092407956,10715.7,21.4911
South Sudan,2016,0.010548176519999999,10832.5,18.5955
South Sudan,2017,0.009243756039999999,10910.8,17.5232
South Sudan,2018,0.00950913868,10975.9,17.1853
South Sudan,2019,0.010637463279999999,11062.1,17.3349
Spain,1980,1.060171571567033,37527.25,746.067
Spain,1981,1.0757573254094197,37789.42,745.0679999999999
Spain,1982,1.1610130273350434,38012.02,754.359
Spain,1983,1.1908735366410654,38191.85,767.708
Spain,1984,1.1154889895497107,38349.73,781.407
Spain,1985,1.1421055570678214,38484.95,799.5499999999998
Spain,1986,1.1572245603610953,38597.98,825.562
Spain,1987,1.1875911489930093,38696.5,871.369
Spain,1988,1.2651878371804697,38775.78,915.747
Spain,1989,1.3097490808838117,38834.13,959.945
Spain,1990,1.3353306931219218,38870.85,996.274
Spain,1991,1.4012740129960355,38987.62,1021.612
Spain,1992,1.4025644111087485,39184.27,1031.119
Spain,1993,1.3678807446107024,39385.58,1020.489
Spain,1994,1.4234364054733406,39571.75,1044.793
Spain,1995,1.4845227460622388,39745.15,1077.557
Spain,1996,1.5209395412725726,39910.23,1106.254
Spain,1997,1.6070904344903136,40078.9,1147.199
Spain,1998,1.6841069498000873,40243.52,1197.543
Spain,1999,1.734986551858005,40407.7,1251.332
Spain,2000,1.8365616286530615,40592.3,1317.001
Spain,2001,1.9185025765082828,40896.62,1368.845
Spain,2002,1.954320242159599,41530.62,1406.179
Spain,2003,2.037725327542941,42277.57,1448.134
Spain,2004,2.1339995784110735,43015.5,1493.289
Spain,2005,2.1814505267403286,43742.4,1547.89
Spain,2006,2.188088948473396,44494.15,1611.41
Spain,2007,2.246476234941419,45337.329999999994,1669.4579999999999
Spain,2008,2.1600043984495305,46025.4,1684.293
Spain,2009,2.01568807100092,46393.85,1620.813
Spain,2010,2.074922444799079,46599.48,1623.5289999999998
Spain,2011,1.9737145739739395,46761.57,1610.3149999999998
Spain,2012,1.9299755668631244,46761.77,1562.688
Spain,2013,1.892933314268262,46593.07,1540.229
Spain,2014,1.8712949090868545,46473.05000000001,1561.509
Spain,2015,1.8703236650559518,46443.65,1621.4219999999998
Spain,2016,1.9176236638061672,46495.05000000001,1670.513
Spain,2017,1.9271610558095584,46609.5,1720.2480000000003
Spain,2018,1.9596614278575368,46832.6,1759.6490000000001
Spain,2019,1.9298218928353281,47184.25,1796.293
Sri Lanka,1980,0.035337259042848,15035.799999999997,
Sri Lanka,1981,0.0356800640640808,15272.799999999997,
Sri Lanka,1982,0.03668510599275944,15501.200000000003,
Sri Lanka,1983,0.0359566804230204,15724.6,
Sri Lanka,1984,0.04219625365673248,15948.5,
Sri Lanka,1985,0.03821980902055448,16176.299999999997,
Sri Lanka,1986,0.0377467256004,16408.9,
Sri Lanka,1987,0.040039036,16644.0,
Sri Lanka,1988,0.0396127892,16878.2,56.2109
Sri Lanka,1989,0.038363882599999996,17106.8,57.2312
Sri Lanka,1990,0.042542881583514804,17325.8,60.9958
Sri Lanka,1991,0.04182811090518973,17535.7,67.4945
Sri Lanka,1992,0.04253784802435225,17736.8,65.3128
Sri Lanka,1993,0.050246977727026174,17924.8,70.219
Sri Lanka,1994,0.05484322950970009,18094.5,75.9268
Sri Lanka,1995,0.05809259591621872,18242.9,80.5508
Sri Lanka,1996,0.05903618120363942,18367.3,90.3564
Sri Lanka,1997,0.06489564421106012,18470.9,99.77119999999998
Sri Lanka,1998,0.06719092545848081,18564.6,97.8806
Sri Lanka,1999,0.07133570872482713,18663.3,100.789
Sri Lanka,2000,0.07918325959857749,18777.6,109.211
Sri Lanka,2001,0.07719150498517627,18911.7,107.079
Sri Lanka,2002,0.07802670105198456,19062.5,111.175
Sri Lanka,2003,0.0800705316662154,19224.0,117.851
Sri Lanka,2004,0.0831283702403004,19387.2,124.18900000000001
Sri Lanka,2005,0.08745335772937832,19545.0,131.998
Sri Lanka,2006,0.08784069106284824,19696.0,141.952
Sri Lanka,2007,0.08994906326601766,19842.0,151.629
Sri Lanka,2008,0.08934492290281686,19984.0,160.76
Sri Lanka,2009,0.08485737497375034,20123.5,166.404
Sri Lanka,2010,0.09812024020055696,20261.7,179.74699999999999
Sri Lanka,2011,0.10821735557123095,20398.5,194.854
Sri Lanka,2012,0.1127634121629009,20532.6,212.673
Sri Lanka,2013,0.11470590539595553,20663.1,219.895
Sri Lanka,2014,0.12305509873234888,20788.5,230.803
Sri Lanka,2015,0.13591100306756607,20908.0,242.361
Sri Lanka,2016,0.14329540112032632,21021.2,253.235
Sri Lanka,2017,0.14271318494882793,21128.0,262.296
Sri Lanka,2018,0.14738163717232097,21223.1,270.878
Sri Lanka,2019,0.14728549792592202,21318.2,276.987
Sudan,1980,0.020744377012585722,14507.5,
Sudan,1981,0.02257303618574808,15027.200000000003,
Sudan,1982,0.02437108135463936,15562.1,
Sudan,1983,0.02353342470483112,16107.6,
Sudan,1984,0.0218083264285432,16658.0,
Sudan,1985,0.02498453480708884,17210.2,
Sudan,1986,0.027523982600000003,17757.5,
Sudan,1987,0.0265076882,18303.4,
Sudan,1988,0.028678152959999998,18867.6,41.7895
Sudan,1989,0.0278535064,19476.7,45.521899999999995
Sudan,1990,0.0254250242,20147.6,43.0318
Sudan,1991,0.0353476732,20891.4,46.2639
Sudan,1992,0.0326341504,21696.2,49.3071
Sudan,1993,0.0309498746,22527.8,51.5598
Sudan,1994,0.0284492454,23338.5,52.0786
Sudan,1995,0.0262454238,24094.7,55.2018
Sudan,1996,0.026680741520000002,24782.400000000005,58.4693
Sudan,1997,0.027217597,25413.900000000005,64.6476
Sudan,1998,0.0272551788,26015.5,67.4329
Sudan,1999,0.029472946,26626.5,69.5261
Sudan,2000,0.04244628675354156,27275.0,73.9381
Sudan,2001,0.0456033199060328,27971.099999999995,78.7443
Sudan,2002,0.05398943198792801,28704.8,83.8055
Sudan,2003,0.055985600961329596,29460.5,90.28749999999998
Sudan,2004,0.061392640068858396,30214.2,93.79360000000001
Sudan,2005,0.07126865572792804,30949.5,100.819
Sudan,2006,0.08497152928944321,31661.8,110.96499999999999
Sudan,2007,0.09019312746080163,32360.599999999995,123.75
Sudan,2008,0.09830236181759516,33060.8,133.406
Sudan,2009,0.10590163306219355,33783.8,137.73
Sudan,2010,0.11993147054716487,34545.0,142.509
Sudan,2011,0.11568949871940004,35349.7,142.485
Sudan,2012,0.11162640219861039,36193.8,143.465
Sudan,2013,0.1171571597504528,37072.6,153.216
Sudan,2014,0.12014125234663679,37977.7,164.007
Sudan,2015,0.12418862817119998,38902.9,170.584
Sudan,2016,0.1442172788,39847.4,176.682
Sudan,2017,0.1473379632,40813.4,184.93999999999997
Sudan,2018,0.146430864976,41825.4,190.15099999999998
Sudan,2019,0.13788503904,42837.3,187.629
Suriname,1980,0.01560810224986836,359.531,
Suriname,1981,0.01365501009881156,360.144,
Suriname,1982,0.013749922845218,360.92699999999996,
Suriname,1983,0.00980819668895076,362.282,
Suriname,1984,0.00924658875524316,364.722,
Suriname,1985,0.01133396105015376,368.636,
Suriname,1986,0.0104273857774,374.133,
Suriname,1987,0.0075603815494,381.0330000000001,
Suriname,1988,0.008872700888,388.877,4.71014
Suriname,1989,0.011955286419999999,397.08200000000005,4.92329
Suriname,1990,0.01372567548,405.16900000000004,4.73022
Suriname,1991,0.0140874182046,413.009,4.86
Suriname,1992,0.01374823613568,420.6580000000001,4.87827
Suriname,1993,0.014094925577000001,428.028,4.55132
Suriname,1994,0.014117077777000001,435.099,4.70561
Suriname,1995,0.013553063576999999,441.85099999999994,4.70601
Suriname,1996,0.013391090880000001,448.20700000000005,4.75483
Suriname,1997,0.013690728272,454.165,5.02773
Suriname,1998,0.0136824503526,459.838,5.1449
Suriname,1999,0.0137669988,465.37999999999994,5.07268
Suriname,2000,0.0114142566070784,470.944,5.17742
Suriname,2001,0.01126880413795432,476.574,5.39421
Suriname,2002,0.012500017712588801,482.228,5.54402
Suriname,2003,0.011074025542079199,487.93799999999993,5.89235
Suriname,2004,0.01255109392759644,493.68,6.36368
Suriname,2005,0.012772486838481919,499.461,6.61336
Suriname,2006,0.013920463964311,505.292,6.99457
Suriname,2007,0.01301360728243552,511.181,7.3521
Suriname,2008,0.015396487455268759,517.122,7.65673
Suriname,2009,0.015658764406315202,523.113,7.88748
Suriname,2010,0.018808071741816278,529.126,8.29499
Suriname,2011,0.015302625400290041,535.177,8.78
Suriname,2012,0.016663959497633,541.247,9.01679
Suriname,2013,0.0160412250753868,547.295,9.28107
Suriname,2014,0.015629584047440602,553.278,9.30464
Suriname,2015,0.014368608679488002,559.136,8.987
Suriname,2016,0.014931952428799999,564.883,8.54559
Suriname,2017,0.017397423471407998,570.501,8.67942
Suriname,2018,0.01756828618102464,575.879,9.1089
Suriname,2019,0.019151567943903998,581.256,9.20889
Sweden,1980,0.6935481161612551,8312.39,223.4587
Sweden,1981,0.6820314457803339,8321.135,225.03560000000002
Sweden,1982,0.6290705438881252,8325.82,227.84029999999998
Sweden,1983,0.649023691722156,8329.418,232.4601
Sweden,1984,0.6750404187448589,8338.112,242.8482
Sweden,1985,0.7219462554444673,8352.324,248.7237
Sweden,1986,0.7318854955735161,8372.75,256.329
Sweden,1987,0.7533335975590362,8401.875,264.6495
Sweden,1988,0.7405774562582045,8442.091,270.499
Sweden,1989,0.7346719973740466,8501.482,277.8164
Sweden,1990,0.7384491149672167,8566.782,280.1663
Sweden,1991,0.7396099608348495,8624.062,277.4752
Sweden,1992,0.7562651606281626,8674.053,274.7917
Sweden,1993,0.7483209650561089,8725.197,269.5512
Sweden,1994,0.7562565568458051,8789.654,279.7934
Sweden,1995,0.771188604694522,8829.58,291.3829
Sweden,1996,0.7607600748052357,8841.875,296.0203
Sweden,1997,0.7755987160475989,8846.45,305.6521
Sweden,1998,0.8029533889808462,8851.811,318.5749
Sweden,1999,0.7889394667311959,8858.762,331.3774
Sweden,2000,0.7578309160979421,8874.779,347.65170000000006
Sweden,2001,0.8039194302914434,8899.252,353.11550000000005
Sweden,2002,0.7632665848117285,8928.915,360.942
Sweden,2003,0.7271899320357756,8962.59,369.7229
Sweden,2004,0.778273571327718,8997.995,383.98510000000005
Sweden,2005,0.7868764711803883,9034.115,394.9386
Sweden,2006,0.7548248639525137,9088.691,414.24
Sweden,2007,0.7606620583489253,9156.8,428.972
Sweden,2008,0.753403478156455,9228.814,426.383
Sweden,2009,0.692885844709061,9309.055,408.2749999999999
Sweden,2010,0.7440932227927796,9387.488,431.482
Sweden,2011,0.7254794455775343,9457.622,445.508
Sweden,2012,0.7476965336102298,9528.5,444.212
Sweden,2013,0.7140437620039558,9611.5,449.335
Sweden,2014,0.7063287883533879,9708.923,461.704
Sweden,2015,0.7184682756796842,9812.145,481.327
Sweden,2016,0.7195133721666576,9941.1,490.239
Sweden,2017,0.743069437436861,10073.33,503.99399999999997
Sweden,2018,0.7116002522790539,10188.95,514.223
Sweden,2019,0.7233984710467288,10291.05,524.62
Switzerland,1980,0.37946614487021185,6335.242000000001,294.8215
Switzerland,1981,0.35155020068362064,6372.905,299.5639
Switzerland,1982,0.34417037654661325,6409.715,295.255
Switzerland,1983,0.36184402016786515,6427.835,296.9279
Switzerland,1984,0.3523114215917232,6455.897,306.4688
Switzerland,1985,0.3831236186114262,6484.833,318.0084
Switzerland,1986,0.38665568305234427,6523.412,323.7132
Switzerland,1987,0.38763796353428015,6566.8,328.7473
Switzerland,1988,0.3941426678416972,6619.973000000001,339.1597
Switzerland,1989,0.38230990584135155,6673.853,354.30840000000006
Switzerland,1990,0.3872316150259613,6750.695,367.3985
Switzerland,1991,0.403241818713934,6842.768,364.297
Switzerland,1992,0.4078442558395472,6907.96,363.4862
Switzerland,1993,0.40517463456373576,6968.572,362.7809
Switzerland,1994,0.4122465399859137,7019.018,367.411
Switzerland,1995,0.409788574741291,7062.353,369.50690000000003
Switzerland,1996,0.4014158983702185,7081.348000000001,371.5773
Switzerland,1997,0.40949361061794504,7096.468,379.8758
Switzerland,1998,0.41772982535192926,7123.535,391.3952
Switzerland,1999,0.4386970227529201,7164.445,397.9704
Switzerland,2000,0.42910152879575514,7204.055,414.1789999999999
Switzerland,2001,0.449209976991552,7255.655,420.98499999999996
Switzerland,2002,0.42470191203521535,7313.855,421.115
Switzerland,2003,0.4293953148853427,7364.147,420.78399999999993
Switzerland,2004,0.42676702042322834,7415.101,431.85200000000003
Switzerland,2005,0.4170695841877419,7459.127,444.16799999999995
Switzerland,2006,0.42498379444174494,7508.737,462.57199999999995
Switzerland,2007,0.4248427034039813,7593.4929999999995,481.355
Switzerland,2008,0.4360452160166237,7701.855,494.12000000000006
Switzerland,2009,0.4259056096590174,7785.808,483.9750000000001
Switzerland,2010,0.4353379336296941,7870.1320000000005,499.464
Switzerland,2011,0.40924845964412065,7954.663,509.04400000000004
Switzerland,2012,0.42505259488372643,8039.058,515.852
Switzerland,2013,0.4328361910387349,8139.63,525.408
Switzerland,2014,0.41436049881251225,8237.665,538.138
Switzerland,2015,0.40367611837760214,8327.128,546.934
Switzerland,2016,0.39529756027442176,8419.55,557.802
Switzerland,2017,0.39171027537007586,8484.129,567.034
Switzerland,2018,0.3981301614805626,8544.525,583.707
Switzerland,2019,0.40307048314719635,8606.035,590.958
Syria,1980,0.11012914299932686,8930.78,
Syria,1981,0.11565727171047255,9252.85,
Syria,1982,0.11773895471031767,9590.23,
Syria,1983,0.13232630507404128,9938.85,
Syria,1984,0.14760670713039778,10293.0,
Syria,1985,0.15412269113806473,10648.6,
Syria,1986,0.15425801673262252,11004.299999999997,
Syria,1987,0.17243645673262253,11360.799999999997,
Syria,1988,0.18083591029610943,11719.1,46.4797
Syria,1989,0.1932757846595964,12080.4,38.5678
Syria,1990,0.22386548377613594,12446.200000000003,40.337
Syria,1991,0.2076083023944065,12815.4,43.5241
Syria,1992,0.21392261268437346,13187.700000000003,49.3869
Syria,1993,0.23735118415714923,13565.1,51.94469999999999
Syria,1994,0.25228309361387474,13950.5,55.6915
Syria,1995,0.24272840260649123,14345.5,59.6046
Syria,1996,0.2617293201403876,14754.200000000003,65.4612
Syria,1997,0.2781409676844718,15175.299999999997,68.7499
Syria,1998,0.2994013796254843,15599.6,73.4148
Syria,1999,0.3081923613238947,16014.0,70.8059
Syria,2000,0.29723378645984555,16410.8,71.2842
Syria,2001,0.2937254496041936,16766.6,73.9883
Syria,2002,0.317911401192604,17084.6,79.8027
Syria,2003,0.30872589286665125,17415.2,80.2742
Syria,2004,0.3434565369709396,17827.8,85.8153
Syria,2005,0.3880334932815571,18361.2,91.149
Syria,2006,0.40438977279434196,19059.3,95.7484
Syria,2007,0.4172088658016084,19878.3,101.182
Syria,2008,0.4234772702357586,20664.0,105.711
Syria,2009,0.3962882825988086,21205.9,111.962
Syria,2010,0.41011582085922554,21362.5,115.813
Syria,2011,0.3712475645120911,21081.8,121.13100000000001
Syria,2012,0.2868886877741627,20438.9,89.22610000000002
Syria,2013,0.21057332391523803,19578.5,65.7595
Syria,2014,0.18703008531286802,18710.7,56.0973
Syria,2015,0.1665172196510772,17997.4,52.6568
Syria,2016,0.1622254350905532,17465.6,50.56120000000001
Syria,2017,0.16322743032552767,17095.7,49.8028
Syria,2018,0.19104289740214336,17230.7,51.1475
Syria,2019,0.17065269136806024,17365.7,53.6025
Taiwan,1980,0.3648903841347513,17682.93,150.4669
Taiwan,1981,0.35217978395027866,18048.12,161.1501
Taiwan,1982,0.35373032622539885,18395.1,168.9016
Taiwan,1983,0.4020135891000782,18687.48,184.1421
Taiwan,1984,0.46565284995578793,18964.7,202.6464
Taiwan,1985,0.4838433919428879,19222.07,212.3882
Taiwan,1986,0.5116476623692195,19435.85,236.8384
Taiwan,1987,0.5497957838845752,19644.05,267.0372
Taiwan,1988,0.596236207664992,19868.4,288.4638
Taiwan,1989,0.6303581175594198,20080.75,313.6234
Taiwan,1990,0.6729301152276018,20309.53,331.0015
Taiwan,1991,0.6903372960294053,20529.12,358.7122
Taiwan,1992,0.7294990486751628,20728.8,388.5222999999999
Taiwan,1993,0.7768314232777472,20923.1,414.9956
Taiwan,1994,0.834077409588042,21109.45,446.132
Taiwan,1995,0.9005000152895507,21290.1,475.124
Taiwan,1996,0.9722940510178985,21462.4,504.471
Taiwan,1997,1.0081525070690662,21661.3,534.999
Taiwan,1998,1.0697480791496272,21858.95,557.495
Taiwan,1999,1.11727483375591,22030.95,595.025
Taiwan,2000,1.1951865250670193,22207.569999999996,632.598
Taiwan,2001,1.231114363986741,22357.22,623.73
Taiwan,2002,1.2868627920322901,22477.599999999995,657.919
Taiwan,2003,1.3507580443299998,22573.400000000005,685.715
Taiwan,2004,1.4031904177492784,22657.58,733.3830000000002
Taiwan,2005,1.4281166601095803,22739.680000000004,772.864
Taiwan,2006,1.4581012957035389,22836.88,817.4630000000001
Taiwan,2007,1.526875784069478,22928.88,873.462
Taiwan,2008,1.4705555318344092,23010.0,880.4429999999999
Taiwan,2009,1.447812339475014,23090.0,866.2419999999998
Taiwan,2010,1.5480117284969157,23146.25,954.993
Taiwan,2011,1.535899410551041,23201.38,990.0790000000001
Taiwan,2012,1.513445436139434,23281.88,1012.073
Taiwan,2013,1.521598866477995,23352.25,1037.21
Taiwan,2014,1.5654534583719093,23411.5,1086.159
Taiwan,2015,1.56218548988922,23470.25,1102.079
Taiwan,2016,1.596108242744885,23522.0,1125.939
Taiwan,2017,1.4915135006535927,23559.38,1163.225
Taiwan,2018,1.5748514621764873,23582.25,1195.64
Taiwan,2019,1.263771647233007,23597.12,1232.274
Tajikistan,1980,,,
Tajikistan,1981,,,
Tajikistan,1982,,,
Tajikistan,1983,,,
Tajikistan,1984,,,
Tajikistan,1985,,,
Tajikistan,1986,,,
Tajikistan,1987,,,
Tajikistan,1988,,,
Tajikistan,1989,,,
Tajikistan,1990,,,
Tajikistan,1991,,,
Tajikistan,1992,0.11301384773149441,5502.490000000001,15.076299999999998
Tajikistan,1993,0.10438652898258349,5593.32,12.6038
Tajikistan,1994,0.10120938028301014,5679.170000000001,9.91918
Tajikistan,1995,0.08357063920387256,5764.81,8.6892
Tajikistan,1996,0.0920212969455707,5851.350000000001,7.2327
Tajikistan,1997,0.08748816225172384,5938.399999999999,7.35461
Tajikistan,1998,0.09031739005827144,6027.399999999999,7.74334
Tajikistan,1999,0.10199637538803683,6119.66,8.0296
Tajikistan,2000,0.08026680988615889,6216.329999999999,8.69585
Tajikistan,2001,0.0840192019727225,6318.509999999999,9.52553
Tajikistan,2002,0.08644299509912064,6426.86,10.5557
Tajikistan,2003,0.09091065520732255,6541.55,11.7291
Tajikistan,2004,0.09259480055376709,6662.39,12.935700000000002
Tajikistan,2005,0.09466515686372282,6789.32,13.804700000000002
Tajikistan,2006,0.09259229039292463,6922.59,14.714999999999998
Tajikistan,2007,0.0873155165343672,7062.670000000001,15.8564
Tajikistan,2008,0.08415731989153649,7209.920000000001,17.0589
Tajikistan,2009,0.07554960631082377,7364.75,17.7445
Tajikistan,2010,0.07806562498280437,7527.399999999999,18.9045
Tajikistan,2011,0.0770961728196738,7697.509999999999,19.3605
Tajikistan,2012,0.08145349446926498,7874.84,20.8214
Tajikistan,2013,0.0843901588759441,8059.78,22.3681
Tajikistan,2014,0.08620952223298087,8252.83,23.8636
Tajikistan,2015,0.08632206313290784,8454.02,25.288
Tajikistan,2016,0.08886170719986466,8663.58,27.0453
Tajikistan,2017,0.0919623612206702,8880.27,30.485
Tajikistan,2018,0.09730469924684522,9099.39,32.6605
Tajikistan,2019,0.10306838324404252,9318.52,35.11
Tanzania,1980,0.01506990992019892,18538.27,
Tanzania,1981,0.01772372943591272,19120.7,
Tanzania,1982,0.01692032942477768,19723.32,
Tanzania,1983,0.015416076769900918,20344.55,
Tanzania,1984,0.01722476656399272,20981.77,
Tanzania,1985,0.01727682592092168,21633.8,
Tanzania,1986,0.019630233362800002,22296.28,
Tanzania,1987,0.0181422708,22971.22,
Tanzania,1988,0.01933006851943404,23670.819999999996,30.90012
Tanzania,1989,0.01980991310187535,24411.75,32.06333
Tanzania,1990,0.021790299697238162,25203.849999999995,34.32223
Tanzania,1991,0.01997395216500094,26056.62,35.03338
Tanzania,1992,0.0209798288117727,26961.22,35.23808
Tanzania,1993,0.021869145241063582,27887.23,35.66298
Tanzania,1994,0.01964159300897712,28792.62,36.22206
Tanzania,1995,0.01947432209121114,29649.12,37.51515
Tanzania,1996,0.0206195907856875,30444.53,39.21997
Tanzania,1997,0.0191846528495916,31192.849999999995,40.6025
Tanzania,1998,0.02216853367083746,31924.180000000004,42.1083
Tanzania,1999,0.02330301868952592,32682.22,44.1564
Tanzania,2000,0.02386707197464874,33499.18,46.1526
Tanzania,2001,0.02749174477419558,34385.85,48.9545
Tanzania,2002,0.030249002947286302,35334.8,52.42690000000001
Tanzania,2003,0.030572183889769976,36337.77,55.9253
Tanzania,2004,0.03727068392428098,37379.75,60.1218
Tanzania,2005,0.03935637897954644,38450.32,64.6166
Tanzania,2006,0.04049015697869562,39548.7,68.8376
Tanzania,2007,0.04384264262962664,40681.43,73.4968
Tanzania,2008,0.04572120727140362,41853.95,77.6762
Tanzania,2009,0.04505652889031964,43073.82,81.76909
Tanzania,2010,0.05210219165656178,44346.52,87.133
Tanzania,2011,0.05292245956207098,45673.5,94.52449
Tanzania,2012,0.06359424753826828,47053.05000000001,97.0526
Tanzania,2013,0.06641871580344794,48483.12,103.6432
Tanzania,2014,0.06943355146842774,49960.57,110.62489999999998
Tanzania,2015,0.07156989310591208,51482.65,117.45030000000001
Tanzania,2016,0.0786109364297536,53049.23,125.5784
Tanzania,2017,0.07162196434978332,54660.30000000001,133.9731
Tanzania,2018,0.07669615616313889,56351.65,143.2946
Tanzania,2019,0.0773994696774586,58042.93,153.3535
Thailand,1980,0.19823000139643124,47494.65,183.30959999999996
Thailand,1981,0.2134107065646389,48449.73,194.1344
Thailand,1982,0.2099023419865948,49385.5,204.5276
Thailand,1983,0.22492845123666322,50308.4,215.9494
Thailand,1984,0.250163570504697,51224.73,228.3643
Thailand,1985,0.2710687397064196,52144.4,238.9856
Thailand,1986,0.2853556365344152,53087.4,252.2363
Thailand,1987,0.3185073630921148,54044.80000000001,276.265
Thailand,1988,0.36113109674023935,54981.02,312.955
Thailand,1989,0.42523608355539555,55859.88,351.09919999999994
Thailand,1990,0.4984246258590163,56644.15,390.28219999999993
Thailand,1991,0.5446990058995367,57307.4,423.68799999999993
Thailand,1992,0.585611981777445,57877.19999999999,457.94
Thailand,1993,0.670598376758677,58406.1,495.73499999999996
Thailand,1994,0.746609528440488,58947.65,535.379
Thailand,1995,0.8442891927796878,59551.62,578.854
Thailand,1996,0.9532067988410894,60234.5,611.571
Thailand,1997,1.0194629587451947,60961.52,594.731
Thailand,1998,0.9583301553257838,61694.05000000001,549.328
Thailand,1999,0.9796188844658712,62392.94999999999,574.445
Thailand,2000,1.0284339756736185,63024.5,600.037
Thailand,2001,1.088545281999018,63587.94999999999,620.705
Thailand,2002,1.2148063379877385,64105.75,658.872
Thailand,2003,1.3258240666951238,64586.48,706.2400000000001
Thailand,2004,1.4325315974456025,65038.44999999999,750.657
Thailand,2005,1.4735937636153673,65467.4,782.093
Thailand,2006,1.5029837944648072,65866.59,820.946
Thailand,2007,1.5529403729510847,66233.1,865.5660000000001
Thailand,2008,1.5653651745218131,66576.77,880.502
Thailand,2009,1.6263057316385034,66908.12,874.422
Thailand,2010,1.7659402501101173,67236.34,940.12
Thailand,2011,1.8119115517282527,67562.85,948.018
Thailand,2012,1.9272723009186383,67881.3,1016.681
Thailand,2013,2.036568081253235,68187.45,1044.006
Thailand,2014,2.0465363602289526,68476.98,1054.283
Thailand,2015,2.0579636209523784,68746.7,1087.325
Thailand,2016,2.1106212272468734,68998.65,1124.676
Thailand,2017,2.162326454037875,69234.73,1171.662
Thailand,2018,2.204968780442849,69452.12,1220.748
Thailand,2019,2.1371808273552664,69647.88,1248.417
The Bahamas,1980,0.02412531223236268,210.58900000000003,
The Bahamas,1981,0.02491866022591008,215.321,
The Bahamas,1982,0.02148160364228584,220.182,
The Bahamas,1983,0.01632601876832332,225.095,
The Bahamas,1984,0.014647510998579921,229.913,
The Bahamas,1985,0.01288896218469908,234.57900000000004,
The Bahamas,1986,0.012974888600000001,239.02,
The Bahamas,1987,0.014477725,243.265,
The Bahamas,1988,0.013475814023999999,247.451,8.77591
The Bahamas,1989,0.0154100025688,251.73799999999997,9.3663
The Bahamas,1990,0.01639457798,256.227,9.21678
The Bahamas,1991,0.0145418044,261.007,8.83136
The Bahamas,1992,0.012303163844160001,266.028,8.49351
The Bahamas,1993,0.012991229387200001,271.065,8.51965
The Bahamas,1994,0.0144323482,275.849,8.78793
The Bahamas,1995,0.0172477976,280.179,9.17273
The Bahamas,1996,0.019444116,283.98,9.56015
The Bahamas,1997,0.018951559200000002,287.363,10.2175
The Bahamas,1998,0.0215217578,290.6,9.75732
The Bahamas,1999,0.0189297906,294.063,10.9475
The Bahamas,2000,0.022469612,298.045,11.4017
The Bahamas,2001,0.02290020519999992,302.618,11.701
The Bahamas,2002,0.02375093719999996,307.657,12.0175
The Bahamas,2003,0.016589938000000002,313.123,11.865500000000003
The Bahamas,2004,0.0183881012,318.893,11.9703
The Bahamas,2005,0.017680686399999958,324.848,12.3767
The Bahamas,2006,0.02053595,331.032,12.6882
The Bahamas,2007,0.02364955199999996,337.387,12.8718
The Bahamas,2008,0.02311016559999996,343.68,12.5727
The Bahamas,2009,0.01737391199999996,349.6000000000001,12.0477
The Bahamas,2010,0.018101994,354.936,12.232999999999999
The Bahamas,2011,0.01598249424,359.583,12.308100000000001
The Bahamas,2012,0.01847197135999992,363.58099999999996,12.688
The Bahamas,2013,0.01718526155999996,367.162,12.3481
The Bahamas,2014,0.0168746596,370.625,12.4782
The Bahamas,2015,0.0161313752,374.2,12.507
The Bahamas,2016,0.016887932799999998,377.923,12.687599999999998
The Bahamas,2017,0.020138368214075032,381.749,13.0829
The Bahamas,2018,0.02187964154658954,385.58200000000005,13.4788
The Bahamas,2019,0.02188586491039396,389.415,13.643
Timor-Leste,1980,,,
Timor-Leste,1981,,,
Timor-Leste,1982,,,
Timor-Leste,1983,,,
Timor-Leste,1984,,,
Timor-Leste,1985,,,
Timor-Leste,1986,,,
Timor-Leste,1987,,,
Timor-Leste,1988,,,
Timor-Leste,1989,,,
Timor-Leste,1990,,,
Timor-Leste,1991,,,
Timor-Leste,1992,,,
Timor-Leste,1993,,,
Timor-Leste,1994,,,
Timor-Leste,1995,,,
Timor-Leste,1996,,,
Timor-Leste,1997,,,
Timor-Leste,1998,,,
Timor-Leste,1999,,,
Timor-Leste,2000,,,
Timor-Leste,2001,,,
Timor-Leste,2002,,,
Timor-Leste,2003,0.000954200058,947.11,1.9307299999999998
Timor-Leste,2004,0.00103323031199996,971.889,1.93846
Timor-Leste,2005,0.00103682736,995.13,1.99698
Timor-Leste,2006,0.0010578062080000001,1016.44,1.91491
Timor-Leste,2007,0.0010949097679999599,1036.39,2.11076
Timor-Leste,2008,0.00120333905199996,1055.43,2.35011
Timor-Leste,2009,0.00134653193599996,1074.29,2.58484
Timor-Leste,2010,0.00140155873199996,1093.52,2.82935
Timor-Leste,2011,0.0014542455679999598,1113.15,2.9936400000000005
Timor-Leste,2012,0.0017196524879999598,1133.0,3.17376
Timor-Leste,2013,0.0025903667959999597,1153.29,3.2412000000000005
Timor-Leste,2014,0.0029727663959999598,1174.33,3.38545
Timor-Leste,2015,0.0029148,1196.29,3.484
Timor-Leste,2016,0.0028492,1219.29,3.6012299999999997
Timor-Leste,2017,0.00290615049806252,1243.26,3.45345
Timor-Leste,2018,0.0029460458515858,1268.32,3.4170600000000007
Timor-Leste,2019,0.00296893036,1293.38,4.05685
Togo,1980,0.0038252012508066,2720.83,
Togo,1981,0.00359834443980412,2812.31,
Togo,1982,0.0036013411063964803,2915.6200000000003,
Togo,1983,0.00370919853752356,3026.98,
Togo,1984,0.00435714439998008,3140.84,
Togo,1985,0.00427591279916748,3253.0,
Togo,1986,0.0036300104,3363.0399999999995,
Togo,1987,0.0034713495746200003,3471.74,
Togo,1988,0.003586035288,3577.47,6.37885
Togo,1989,0.00419751393076,3678.57,6.63783
Togo,1990,0.0040626596840000005,3774.31,6.62165
Togo,1991,0.00672656484,3863.0,6.575309999999999
Togo,1992,0.00499289616,3945.9,6.31356
Togo,1993,0.004290490423,4029.0399999999995,5.36048
Togo,1994,0.0044482738,4120.62,6.163610000000001
Togo,1995,0.0048806686000000005,4226.29,6.647189999999999
Togo,1996,0.00467860744,4348.81,7.23455
Togo,1997,0.004425099,4485.94,8.27469
Togo,1998,0.0048504538,4632.45,8.08438
Togo,1999,0.006849577599999999,4780.46,8.28502
Togo,2000,0.0064736813520000006,4924.41,8.2201
Togo,2001,0.00558303290399996,5062.57,8.28779
Togo,2002,0.006323711016,5197.04,8.60494
Togo,2003,0.007597518411999999,5330.63,9.1832
Togo,2004,0.00758890974799996,5467.77,9.09333
Togo,2005,0.007389401808,5611.64,8.66901
Togo,2006,0.00650820151199996,5762.88,8.89875
Togo,2007,0.00784602676892858,5920.36,8.79417
Togo,2008,0.00937115238958812,6083.420000000001,9.15142
Togo,2009,0.0165691495711294,6250.84,9.65822
Togo,2010,0.0157869803046707,6421.670000000001,10.2473
Togo,2011,0.014725760326084239,6595.94,10.9029
Togo,2012,0.013263971234251298,6773.81,11.6164
Togo,2013,0.01295143795347026,6954.72,12.3264
Togo,2014,0.01220248528211172,7138.0,13.056199999999999
Togo,2015,0.00846272817428452,7323.16,13.806
Togo,2016,0.01227314648284504,7509.95,14.573500000000001
Togo,2017,0.011377402661931959,7698.48,15.207100000000002
Togo,2018,0.013482626467141202,7891.899999999999,15.9638
Togo,2019,0.013296916997179081,8085.32,16.8355
Tonga,1980,0.00016845314792668001,92.966,
Tonga,1981,0.00025198934013624,93.415,
Tonga,1982,0.00025198934013624,93.63600000000001,
Tonga,1983,0.00025198934013624,93.736,
Tonga,1984,0.00025267972189004,93.793,
Tonga,1985,0.00025198934013624,93.896,
Tonga,1986,0.0001565189788,94.081,
Tonga,1987,0.0003470907494,94.318,
Tonga,1988,0.00043402458431999997,94.592,0.368471
Tonga,1989,0.000536163319,94.848,0.36990799999999996
Tonga,1990,0.000536163319,95.069,0.362347
Tonga,1991,0.0005446092,95.243,0.385591
Tonga,1992,0.0005178212652,95.39799999999998,0.386563
Tonga,1993,0.0005166925108,95.556,0.401013
Tonga,1994,0.0007021880512,95.73899999999999,0.420873
Tonga,1995,0.0006346762788,95.972,0.433054
Tonga,1996,0.0007212958908,96.267,0.433444
Tonga,1997,0.000754787734,96.621,0.43068899999999993
Tonga,1998,0.0007674451017999999,97.036,0.440621
Tonga,1999,0.00076745832,97.47499999999998,0.450737
Tonga,2000,0.00059803583359996,97.962,0.467711
Tonga,2001,0.00053864821271996,98.48200000000001,0.47454
Tonga,2002,0.00058405693655996,99.02299999999998,0.49587200000000003
Tonga,2003,0.00071961562136,99.591,0.496149
Tonga,2004,0.00066645284018396,100.214,0.486796
Tonga,2005,0.00070970302727996,100.908,0.48477
Tonga,2006,0.000798306518,101.714,0.474135
Tonga,2007,0.0006834441556,102.577,0.462282
Tonga,2008,0.0007380483424,103.384,0.484241
Tonga,2009,0.0008010737908,103.897,0.459065
Tonga,2010,0.00072911549239996,103.981,0.46275400000000005
Tonga,2011,0.0006899651690399999,103.558,0.4943060000000001
Tonga,2012,0.0006993621348839999,102.736,0.49837399999999993
Tonga,2013,0.000678703250356,101.76799999999999,0.49993099999999996
Tonga,2014,0.000733610690896,101.02299999999998,0.510023
Tonga,2015,0.0007642720000000001,100.78000000000002,0.516
Tonga,2016,0.0008095648000000001,101.14299999999999,0.549906
Tonga,2017,0.000960882512765,102.002,0.568176
Tonga,2018,0.00083281350705572,103.234,0.569893
Tonga,2019,0.0009547430399999999,104.46499999999999,0.574064
Trinidad and Tobago,1980,0.06779856672389853,1084.74,
Trinidad and Tobago,1981,0.06526719572290315,1101.98,
Trinidad and Tobago,1982,0.06681011346695072,1120.02,
Trinidad and Tobago,1983,0.07403840951105328,1138.07,
Trinidad and Tobago,1984,0.10044699693427776,1155.08,
Trinidad and Tobago,1985,0.10963728178710137,1170.3,
Trinidad and Tobago,1986,0.0821997902,1183.38,
Trinidad and Tobago,1987,0.0764295502,1194.53,
Trinidad and Tobago,1988,0.07918939272,1204.15,13.0355
Trinidad and Tobago,1989,0.0847837826,1212.86,12.9281
Trinidad and Tobago,1990,0.0903864804,1221.12,13.1225
Trinidad and Tobago,1991,0.10128313568874332,1229.11,13.4747
Trinidad and Tobago,1992,0.09916671184651572,1236.69,13.2526
Trinidad and Tobago,1993,0.10861631655441648,1243.6,13.060700000000002
Trinidad and Tobago,1994,0.12452667126243525,1249.53,13.5259
Trinidad and Tobago,1995,0.13012140404803235,1254.2,14.061100000000001
Trinidad and Tobago,1996,0.14352118394876964,1257.55,15.0514
Trinidad and Tobago,1997,0.15554850059880557,1259.84,16.2092
Trinidad and Tobago,1998,0.15491562008602455,1261.7,17.5313
Trinidad and Tobago,1999,0.15951038395380995,1263.93,18.9301
Trinidad and Tobago,2000,0.17603421499477973,1267.16,20.2368
Trinidad and Tobago,2001,0.19297071290631213,1271.63,21.0814
Trinidad and Tobago,2002,0.20684801847581022,1277.21,22.753200000000003
Trinidad and Tobago,2003,0.2497811268221796,1283.56,26.0391
Trinidad and Tobago,2004,0.2329227643012844,1290.11,28.1092
Trinidad and Tobago,2005,0.2652310092794317,1296.5,29.854699999999998
Trinidad and Tobago,2006,0.3390423785859636,1302.55,33.8894
Trinidad and Tobago,2007,0.34202562288139127,1308.45,35.4046
Trinidad and Tobago,2008,0.36581166344412014,1314.45,36.6054
Trinidad and Tobago,2009,0.34974952598600206,1320.92,34.9978
Trinidad and Tobago,2010,0.38254913339615004,1328.14,36.1607
Trinidad and Tobago,2011,0.3887385358250923,1336.18,36.0545
Trinidad and Tobago,2012,0.3724414815139761,1344.81,36.5208
Trinidad and Tobago,2013,0.41300384922348937,1353.71,37.3349
Trinidad and Tobago,2014,0.4045934160086787,1362.34,36.9941
Trinidad and Tobago,2015,0.39346084371093815,1370.33,37.543
Trinidad and Tobago,2016,0.3531074746596686,1377.5600000000002,35.4399
Trinidad and Tobago,2017,0.29512912093492033,1384.0600000000002,34.3813
Trinidad and Tobago,2018,0.29424593416730016,1389.2,34.404
Trinidad and Tobago,2019,0.29236428157840366,1394.3499999999997,33.9752
Tunisia,1980,0.051443369967257735,6374.04,
Tunisia,1981,0.05611012096517036,6551.23,
Tunisia,1982,0.0536893574778093,6740.52,
Tunisia,1983,0.06055396860285778,6937.329999999999,
Tunisia,1984,0.06675041990746242,7135.27,
Tunisia,1985,0.06865957375260981,7329.59,
Tunisia,1986,0.07227202094134216,7517.850000000001,
Tunisia,1987,0.067312409165227,7700.73,
Tunisia,1988,0.07214121580301883,7880.329999999999,39.4994
Tunisia,1989,0.0806918656673887,8060.21,40.1893
Tunisia,1990,0.08020095355507634,8242.51,43.3843
Tunisia,1991,0.06630530449875892,8427.85,45.0782
Tunisia,1992,0.07653454036565081,8613.86,48.5969
Tunisia,1993,0.08736338146973106,8795.93,49.6611
Tunisia,1994,0.09462533609904636,8967.92,51.2395
Tunisia,1995,0.08545509262062405,9125.4,52.4445
Tunisia,1996,0.09181540992325463,9267.33,56.19219999999999
Tunisia,1997,0.10667143100160059,9395.12,59.24960000000001
Tunisia,1998,0.11466766039741952,9509.86,62.084
Tunisia,1999,0.11552820073381091,9613.59,65.843
Tunisia,2000,0.12157833628533862,9708.35,69.5004
Tunisia,2001,0.13495586474495117,9793.92,72.1388
Tunisia,2002,0.1335810534570075,9871.26,73.0929
Tunisia,2003,0.13167368471942745,9945.28,76.5301
Tunisia,2004,0.13425139340068676,10022.3,81.3023
Tunisia,2005,0.14570865363164068,10106.8,84.137
Tunisia,2006,0.1374189379756066,10201.2,88.5492
Tunisia,2007,0.12244898267810296,10304.7,94.49039999999998
Tunisia,2008,0.14162057383531412,10414.4,98.49470000000001
Tunisia,2009,0.11812082905784807,10525.7,101.492
Tunisia,2010,0.12120247420409047,10635.2,104.948
Tunisia,2011,0.11562664130186055,10741.9,102.796
Tunisia,2012,0.12705715234135195,10847.0,107.16000000000001
Tunisia,2013,0.1345733084739265,10953.0,109.62399999999998
Tunisia,2014,0.1483038999867786,11063.200000000003,113.032
Tunisia,2015,0.15316706191941126,11180.0,114.133
Tunisia,2016,0.1528859859529204,11303.9,115.421
Tunisia,2017,0.1618490928335606,11433.4,117.97700000000002
Tunisia,2018,0.16626497658184625,11561.799999999997,120.919
Tunisia,2019,0.16656096905353307,11690.200000000003,122.68
Turkey,1980,0.4000550367664987,44101.73,416.0833
Turkey,1981,0.3768890118375034,45114.12,436.2853
Turkey,1982,0.4352645708184574,46155.6,451.829
Turkey,1983,0.45341762228394183,47206.38,474.2806
Turkey,1984,0.47586403543681594,48246.12,506.1135
Turkey,1985,0.5238056700109969,49257.35,527.58
Turkey,1986,0.5806592095781238,50240.15,564.592
Turkey,1987,0.6588659213526331,51206.0,618.141
Turkey,1988,0.6796954983427438,52158.73,632.485
Turkey,1989,0.7156599973934366,53102.0,634.321
Turkey,1990,0.7748389344316635,54037.670000000006,693.099
Turkey,1991,0.7905862976306016,54959.69999999999,698.09
Turkey,1992,0.8360477282518092,55867.6,733.243
Turkey,1993,0.9171083988160544,56771.07,789.346
Turkey,1994,0.9034535632726662,57680.1,752.498
Turkey,1995,1.0115430800020697,58604.0,811.783
Turkey,1996,1.109818802527708,59545.65,871.689
Turkey,1997,1.161811434171939,60498.57,937.7419999999998
Turkey,1998,1.19967950492911,61455.98,937.726
Turkey,1999,1.173731908508254,62410.94999999999,907.127
Turkey,2000,1.2698453788322648,63358.19999999999,970.018
Turkey,2001,1.1612880087015798,64300.420000000006,914.243
Turkey,2002,1.261578397514496,65240.88,973.1910000000001
Turkey,2003,1.3294637878636246,66176.15,1029.278
Turkey,2004,1.399996785849656,67103.16,1130.106
Turkey,2005,1.4900081353586399,68013.08,1231.728
Turkey,2006,1.6294681039712597,68878.57,1317.308
Turkey,2007,1.752007865233265,69708.62,1383.746
Turkey,2008,1.7102177832993646,70551.0,1395.0240000000001
Turkey,2009,1.729861308879057,71454.75,1327.74
Turkey,2010,1.8024622244933237,72467.58,1439.631
Turkey,2011,1.9273161796444582,73614.25,1600.871
Turkey,2012,2.0252934236550075,74860.52,1677.5289999999998
Turkey,2013,2.036608513066871,76154.12,1819.881
Turkey,2014,2.0896505075176006,77440.75,1909.777
Turkey,2015,2.30668588868141,78684.5,2025.977
Turkey,2016,2.4216394591934307,79932.5,2093.303
Turkey,2017,2.588978601091518,81203.25,2250.342
Turkey,2018,2.559619154257981,82425.38,2317.399
Turkey,2019,2.6436000160497835,83524.67,2338.015
Turkmenistan,1980,,,
Turkmenistan,1981,,,
Turkmenistan,1982,,,
Turkmenistan,1983,,,
Turkmenistan,1984,,,
Turkmenistan,1985,,,
Turkmenistan,1986,,,
Turkmenistan,1987,,,
Turkmenistan,1988,,,
Turkmenistan,1989,,,
Turkmenistan,1990,,,
Turkmenistan,1991,,,
Turkmenistan,1992,0.1195754774000343,3899.84,26.737
Turkmenistan,1993,0.11306711544930972,4010.7899999999995,27.138
Turkmenistan,1994,0.11083565821478665,4115.1,22.4432
Turkmenistan,1995,0.11912974958026361,4207.84,20.8273
Turkmenistan,1996,0.11818055400000001,4287.34,22.2227
Turkmenistan,1997,0.12122538320000001,4355.12,19.6893
Turkmenistan,1998,0.11196460859999999,4413.48,21.0873
Turkmenistan,1999,0.1270930722,4466.13,24.5667
Turkmenistan,2000,0.18244372122168803,4516.13,25.9102
Turkmenistan,2001,0.213929380085008,4564.09,27.035700000000002
Turkmenistan,2002,0.2528032155955271,4610.02,27.1052
Turkmenistan,2003,0.3180248040375096,4655.75,27.9918
Turkmenistan,2004,0.3337691555841632,4703.4,29.391000000000002
Turkmenistan,2005,0.3533675990449808,4754.65,33.2236
Turkmenistan,2006,0.2741331998573696,4810.11,36.8673
Turkmenistan,2007,0.2623961329138145,4870.14,40.9438
Turkmenistan,2008,0.2141934240457553,4935.77,46.9819
Turkmenistan,2009,0.35010977879163196,5007.95,49.8633
Turkmenistan,2010,0.41094683526539677,5087.21,54.4306
Turkmenistan,2011,0.47750945426874064,5174.08,62.4427
Turkmenistan,2012,0.5490289278892488,5267.91,69.3432
Turkmenistan,2013,0.563191728585276,5366.38,76.3904
Turkmenistan,2014,0.5762056835591391,5466.32,84.2939
Turkmenistan,2015,0.7033415287639999,5565.28,89.733
Turkmenistan,2016,0.701889589164,5662.37,95.2965
Turkmenistan,2017,0.6951154615466,5757.670000000001,101.462
Turkmenistan,2018,0.6960159130444128,5848.84,107.705
Turkmenistan,2019,0.7855605423968147,5940.009999999999,110.93599999999999
Turks and Caicos Islands,1980,0.0,,
Turks and Caicos Islands,1981,0.0,,
Turks and Caicos Islands,1982,0.0,,
Turks and Caicos Islands,1983,0.0,,
Turks and Caicos Islands,1984,0.0,,
Turks and Caicos Islands,1985,0.0,,
Turks and Caicos Islands,1986,0.0,,
Turks and Caicos Islands,1987,0.0,,
Turks and Caicos Islands,1988,0.0,,
Turks and Caicos Islands,1989,0.0,,
Turks and Caicos Islands,1990,0.0,,
Turks and Caicos Islands,1991,0.0,,
Turks and Caicos Islands,1992,0.0,,
Turks and Caicos Islands,1993,0.0,,
Turks and Caicos Islands,1994,0.0,,
Turks and Caicos Islands,1995,7.563881469796e-05,,
Turks and Caicos Islands,1996,7.584604432728e-05,,
Turks and Caicos Islands,1997,7.563864088e-05,,
Turks and Caicos Islands,1998,8.320320024e-05,,
Turks and Caicos Islands,1999,8.320320024e-05,,
Turks and Caicos Islands,2000,0.00039456686,,
Turks and Caicos Islands,2001,0.00041890138000000006,,
Turks and Caicos Islands,2002,0.00055781672559996,,
Turks and Caicos Islands,2003,0.0005735994000000001,,
Turks and Caicos Islands,2004,0.0005909811999999599,,
Turks and Caicos Islands,2005,0.00069527199999996,,
Turks and Caicos Islands,2006,0.0007995627999999999,,
Turks and Caicos Islands,2007,0.0009386171999999599,,
Turks and Caicos Islands,2008,0.0009994535000000001,,
Turks and Caicos Islands,2009,0.0010081444,,
Turks and Caicos Islands,2010,0.00104290799999996,,
Turks and Caicos Islands,2011,0.00104290799999996,,
Turks and Caicos Islands,2012,0.00104290799999996,,
Turks and Caicos Islands,2013,0.0010515989,,
Turks and Caicos Islands,2014,0.00112981699999996,,
Turks and Caicos Islands,2015,0.0011644,,
Turks and Caicos Islands,2016,0.0012044,,
Turks and Caicos Islands,2017,0.00130363499997552,,
Turks and Caicos Islands,2018,0.00130363499997552,,
Turks and Caicos Islands,2019,0.00134361316,,
Tuvalu,1980,0.0,,
Tuvalu,1981,0.0,,
Tuvalu,1982,0.0,,
Tuvalu,1983,0.0,,
Tuvalu,1984,0.0,,
Tuvalu,1985,0.0,,
Tuvalu,1986,0.0,,
Tuvalu,1987,0.0,,
Tuvalu,1988,0.0,,
Tuvalu,1989,0.0,,
Tuvalu,1990,0.0,,
Tuvalu,1991,0.0,,
Tuvalu,1992,0.0,,
Tuvalu,1993,0.0,,
Tuvalu,1994,0.0,,
Tuvalu,1995,0.0,,
Tuvalu,1996,0.0,,
Tuvalu,1997,0.0,,
Tuvalu,1998,0.0,,
Tuvalu,1999,0.0,,
Tuvalu,2000,0.0,,
Tuvalu,2001,0.0,,
Tuvalu,2002,0.0,,
Tuvalu,2003,0.0,,
Tuvalu,2004,0.0,,
Tuvalu,2005,0.0,,
Tuvalu,2006,0.0,,
Tuvalu,2007,0.0,,
Tuvalu,2008,0.0,,
Tuvalu,2009,0.0,,
Tuvalu,2010,0.0,,
Tuvalu,2011,0.0,,
Tuvalu,2012,0.0,,
Tuvalu,2013,0.0,,
Tuvalu,2014,0.0,,
Tuvalu,2015,0.0,,
Tuvalu,2016,0.0,,
Tuvalu,2017,0.0,,
Tuvalu,2018,0.0,,
Tuvalu,2019,0.0,,
U.S. Pacific Islands,1980,0.0008972746199999999,,
U.S. Pacific Islands,1981,0.0008948230499999999,,
U.S. Pacific Islands,1982,0.0008948230499999999,,
U.S. Pacific Islands,1983,0.0008948230499999999,,
U.S. Pacific Islands,1984,0.0008157042,,
U.S. Pacific Islands,1985,0.0007989887500000001,,
U.S. Pacific Islands,1986,0.0007761324,,
U.S. Pacific Islands,1987,0.0007758084,,
U.S. Pacific Islands,1988,0.0010485205344,,
U.S. Pacific Islands,1989,0.0016793937849999998,,
U.S. Pacific Islands,1990,0.001764078785,,
U.S. Pacific Islands,1991,0.001764486785,,
U.S. Pacific Islands,1992,0.0016435526899200002,,
U.S. Pacific Islands,1993,0.001554209785,,
U.S. Pacific Islands,1994,0.001554209785,,
U.S. Pacific Islands,1995,0.001639254785,,
U.S. Pacific Islands,1996,0.0016435526899200002,,
U.S. Pacific Islands,1997,0.001639254785,,
U.S. Pacific Islands,1998,0.001639254785,,
U.S. Pacific Islands,1999,0.0016392612799999598,,
U.S. Pacific Islands,2000,0.0016577559039999599,,
U.S. Pacific Islands,2001,0.0016577559039999998,,
U.S. Pacific Islands,2002,0.0016577559039999998,,
U.S. Pacific Islands,2003,0.0016577559039999998,,
U.S. Pacific Islands,2004,0.0016577559039999599,,
U.S. Pacific Islands,2005,0.0016577559039999998,,
U.S. Pacific Islands,2006,0.00169538704,,
U.S. Pacific Islands,2007,0.00169538704,,
U.S. Pacific Islands,2008,0.0017000319359999998,,
U.S. Pacific Islands,2009,0.00169538704,,
U.S. Pacific Islands,2010,0.0019827968,,
U.S. Pacific Islands,2011,0.00169538704,,
U.S. Pacific Islands,2012,0.0017000319359999998,,
U.S. Pacific Islands,2013,0.00169538704,,
U.S. Pacific Islands,2014,0.00169538704,,
U.S. Pacific Islands,2015,0.0016947400000000001,,
U.S. Pacific Islands,2016,0.00169400688,,
U.S. Pacific Islands,2017,0.0016989888599999998,,
U.S. Pacific Islands,2018,0.0016989888599999998,,
U.S. Pacific Islands,2019,0.00169734952,,
U.S. Territories,1980,0.0,,
U.S. Territories,1981,0.0,,
U.S. Territories,1982,0.0,,
U.S. Territories,1983,0.0,,
U.S. Territories,1984,0.0,,
U.S. Territories,1985,0.0,,
U.S. Territories,1986,0.0,,
U.S. Territories,1987,0.0,,
U.S. Territories,1988,0.0,,
U.S. Territories,1989,0.0,,
U.S. Territories,1990,0.0,,
U.S. Territories,1991,0.0,,
U.S. Territories,1992,0.0,,
U.S. Territories,1993,0.0,,
U.S. Territories,1994,0.0,,
U.S. Territories,1995,0.0,,
U.S. Territories,1996,0.0,,
U.S. Territories,1997,0.0,,
U.S. Territories,1998,0.0,,
U.S. Territories,1999,0.0,,
U.S. Territories,2000,0.0,,
U.S. Territories,2001,0.0,,
U.S. Territories,2002,0.0,,
U.S. Territories,2003,0.0,,
U.S. Territories,2004,0.0,,
U.S. Territories,2005,0.0,,
U.S. Territories,2006,0.0,,
U.S. Territories,2007,0.0,,
U.S. Territories,2008,0.0,,
U.S. Territories,2009,0.0,,
U.S. Territories,2010,0.0,,
U.S. Territories,2011,0.0,,
U.S. Territories,2012,0.0,,
U.S. Territories,2013,0.0,,
U.S. Territories,2014,0.0,,
U.S. Territories,2015,0.0,,
U.S. Territories,2016,0.0,,
U.S. Territories,2017,0.0,,
U.S. Territories,2018,0.0,,
U.S. Territories,2019,0.0,,
U.S. Virgin Islands,1980,0.01705718859583152,97.1521,
U.S. Virgin Islands,1981,0.01701058425540572,98.368,
U.S. Virgin Islands,1982,0.01701058425540572,99.58390000000001,
U.S. Virgin Islands,1983,0.01701058425540572,100.8,
U.S. Virgin Islands,1984,0.01705718859583152,102.016,
U.S. Virgin Islands,1985,0.01701058425540572,103.231,
U.S. Virgin Islands,1986,0.01701058425531912,102.933,
U.S. Virgin Islands,1987,0.01708034721694516,102.634,
U.S. Virgin Islands,1988,0.01669940470229004,102.335,1.27246
U.S. Virgin Islands,1989,0.01663376053333332,100.866,1.26586
U.S. Virgin Islands,1990,0.016618075757238802,101.80900000000001,1.2593
U.S. Virgin Islands,1991,0.0167041505626902,102.48,1.25278
U.S. Virgin Islands,1992,0.016940846393964003,103.152,1.24521
U.S. Virgin Islands,1993,0.01720173982753604,103.824,1.3797
U.S. Virgin Islands,1994,0.01673180383906378,104.495,1.25309
U.S. Virgin Islands,1995,0.016504267666631482,105.166,1.21931
U.S. Virgin Islands,1996,0.0163124751216812,105.83800000000001,1.23153
U.S. Virgin Islands,1997,0.0162786462791076,106.52500000000002,1.16419
U.S. Virgin Islands,1998,0.01632321473083466,107.216,1.22283
U.S. Virgin Islands,1999,0.01679165461503462,107.91199999999999,1.2046
U.S. Virgin Islands,2000,0.05312428169292256,108.61200000000001,1.40622
U.S. Virgin Islands,2001,0.07689704058011651,109.403,1.45109
U.S. Virgin Islands,2002,0.07608782008400003,110.026,2.41893
U.S. Virgin Islands,2003,0.089595072508,110.74,2.34195
U.S. Virgin Islands,2004,0.09185684171240004,111.459,2.35801
U.S. Virgin Islands,2005,0.0898526992,111.46999999999998,2.36464
U.S. Virgin Islands,2006,0.09560589713719993,113.68900000000001,2.45908
U.S. Virgin Islands,2007,0.08925066776240001,114.743,2.56571
U.S. Virgin Islands,2008,0.051724701705200035,115.85200000000002,2.58988
U.S. Virgin Islands,2009,0.04514956961719996,107.343,2.41787
U.S. Virgin Islands,2010,0.0408517365864,106.40500000000002,2.43973
U.S. Virgin Islands,2011,0.027047308826399958,105.784,2.24069
U.S. Virgin Islands,2012,0.015498105933199979,105.08,1.9041500000000002
U.S. Virgin Islands,2013,0.00812206551239996,104.76100000000001,1.7937
U.S. Virgin Islands,2014,0.016599520116,102.008,1.77644
U.S. Virgin Islands,2015,0.0164540183624,100.76799999999999,1.77989
U.S. Virgin Islands,2016,0.01362180423702144,97.373,1.79715
U.S. Virgin Islands,2017,0.01356217651125908,96.815,1.78618
U.S. Virgin Islands,2018,0.01356186084725908,96.211,1.81315
U.S. Virgin Islands,2019,0.01356128164725908,95.668,1.883
Uganda,1980,0.00638693887853216,12442.35,
Uganda,1981,0.00455011727391808,12825.08,
Uganda,1982,0.00517632077818632,13222.0,
Uganda,1983,0.00492461984945912,13638.75,
Uganda,1984,0.00541576916991628,14082.88,
Uganda,1985,0.0057254754569154,14559.38,
Uganda,1986,0.0059936356,15070.33,
Uganda,1987,0.0055007,15612.72,
Uganda,1988,0.00710556504,16180.12,14.25739
Uganda,1989,0.0071038272748,16763.05,15.16444
Uganda,1990,0.007793339104400001,17354.4,16.1462
Uganda,1991,0.0082455937044,17953.55,17.04298
Uganda,1992,0.009330228148079999,18561.65,17.62557
Uganda,1993,0.0094064267044,19175.98,19.09312
Uganda,1994,0.009729514504399999,19793.55,20.31577
Uganda,1995,0.0098085011044,20413.15,22.65682
Uganda,1996,0.01021871494808,21032.82,24.71227
Uganda,1997,0.0108578531044,21655.38,25.97259
Uganda,1998,0.011619129039999999,22290.77,27.24661
Uganda,1999,0.0116459652,22952.400000000005,29.44104
Uganda,2000,0.01412847042146242,23650.180000000004,30.36605
Uganda,2001,0.014403208017197841,24388.97,31.940119999999997
Uganda,2002,0.01476115517151648,25167.27,34.72935
Uganda,2003,0.015565931000667322,25980.55,36.97748
Uganda,2004,0.016583280868869822,26821.3,39.49466
Uganda,2005,0.01885104836683596,27684.599999999995,41.9957
Uganda,2006,0.018286037118166402,28571.48,46.5247
Uganda,2007,0.02206188656273364,29486.319999999996,50.438700000000004
Uganda,2008,0.023203584965133,30431.72,55.845
Uganda,2009,0.02369923105443108,31411.099999999995,60.267
Uganda,2010,0.027290277374162196,32428.150000000005,64.7736
Uganda,2011,0.0284005866851962,33476.8,69.7772
Uganda,2012,0.027632409741899962,34558.67,71.3518
Uganda,2013,0.03209399790658448,35694.55,74.1556
Uganda,2014,0.03737661230041236,36911.52,78.5002
Uganda,2015,0.03672602188185444,38225.45,84.7661
Uganda,2016,0.040876299232,39649.17,84.8912
Uganda,2017,0.04452295505553176,41166.6,90.6264
Uganda,2018,0.047908179792,42691.4,95.6597
Uganda,2019,0.052107779480000005,44216.19999999999,103.1059
Ukraine,1980,,,
Ukraine,1981,,,
Ukraine,1982,,,
Ukraine,1983,,,
Ukraine,1984,,,
Ukraine,1985,,,
Ukraine,1986,,,
Ukraine,1987,,,
Ukraine,1988,,,
Ukraine,1989,,,
Ukraine,1990,,,
Ukraine,1991,,,
Ukraine,1992,3.0580148153255142,52056.6,613.297
Ukraine,1993,2.9337784880421136,52244.1,526.209
Ukraine,1994,2.4921052167290845,52114.4,405.70700000000005
Ukraine,1995,2.3245555778077254,51728.4,356.211
Ukraine,1996,2.1016272444695923,51297.1,320.59
Ukraine,1997,2.056827800794738,50818.4,310.972
Ukraine,1998,1.9846015849790228,50370.80000000001,305.064
Ukraine,1999,2.04777732235768,49918.1,304.454
Ukraine,2000,1.987268851795861,49429.80000000001,322.416
Ukraine,2001,1.9452121937391034,48923.19999999999,350.789
Ukraine,2002,2.0048284044015,48457.1,369.203
Ukraine,2003,2.1627015009081405,48003.5,404.336
Ukraine,2004,1.9700142661091444,47622.4,453.296
Ukraine,2005,1.9693043653202764,47280.80000000001,466.883
Ukraine,2006,2.0476449306919777,46929.5,501.61899999999997
Ukraine,2007,2.1480356957383857,46646.0,539.709
Ukraine,2008,2.104275203781692,46372.69999999999,552.145
Ukraine,2009,1.560374521168448,46143.69999999999,470.656
Ukraine,2010,1.720617494038023,45962.9,488.703
Ukraine,2011,1.884672215285595,45778.5,515.413
Ukraine,2012,1.7236489908528787,45633.6,516.643
Ukraine,2013,1.6347263607288003,45553.0,516.505
Ukraine,2014,1.4608924018874856,45426.19999999999,482.66
Ukraine,2015,1.2816869553836634,42929.3,435.49
Ukraine,2016,1.2644784573984438,42760.5,446.12000000000006
Ukraine,2017,1.2268830259023236,42584.5,456.64900000000006
Ukraine,2018,1.2478508765218692,42386.4,472.578
Ukraine,2019,1.1602148089477309,42153.2,487.69800000000004
United Arab Emirates,1980,0.11002089388537964,1019.5099999999999,195.73300000000003
United Arab Emirates,1981,0.17643522654865723,1088.84,201.37700000000004
United Arab Emirates,1982,0.16808723743850784,1158.17,184.625
United Arab Emirates,1983,0.20707625661052664,1227.5,179.814
United Arab Emirates,1984,0.23566646352627935,1296.83,187.833
United Arab Emirates,1985,0.3203581467975075,1366.17,183.19999999999996
United Arab Emirates,1986,0.362908922,1458.62,144.35
United Arab Emirates,1987,0.427554872,1551.07,149.518
United Arab Emirates,1988,0.46837711200000004,1643.53,149.161
United Arab Emirates,1989,0.507249434,1735.9800000000002,171.972
United Arab Emirates,1990,0.4909343523665979,1828.4399999999998,202.09
United Arab Emirates,1991,0.595130396,1945.7699999999998,203.694
United Arab Emirates,1992,0.6453422496,2063.1,209.217
United Arab Emirates,1993,0.6038727288,2180.43,213.82000000000002
United Arab Emirates,1994,0.59555684,2297.77,228.566
United Arab Emirates,1995,0.6418900240000001,2415.1,243.852
United Arab Emirates,1996,0.6678573519000001,2558.89,257.991
United Arab Emirates,1997,0.70718987,2702.69,279.122
United Arab Emirates,1998,0.73513589958,2846.48,279.937
United Arab Emirates,1999,0.7454238603400001,2990.27,288.061
United Arab Emirates,2000,0.8361048232360779,3134.07,319.324
United Arab Emirates,2001,0.9076423165353195,3424.9,323.791
United Arab Emirates,2002,0.9488147105618214,3715.73,331.671
United Arab Emirates,2003,0.977130055691289,4006.56,360.859
United Arab Emirates,2004,1.0337493459081277,4297.39,395.38100000000003
United Arab Emirates,2005,1.0669045545846125,4588.22,414.577
United Arab Emirates,2006,1.127386717426853,5380.58,455.35999999999996
United Arab Emirates,2007,1.240238695028595,6172.93,469.86100000000005
United Arab Emirates,2008,1.4326387047136322,6965.29,484.858
United Arab Emirates,2009,1.4050340324524895,7757.64,459.43700000000007
United Arab Emirates,2010,1.455716910556221,8550.0,466.951
United Arab Emirates,2011,1.6171957991752297,8692.58,499.3039999999999
United Arab Emirates,2012,1.5996215061974208,8835.16,521.692
United Arab Emirates,2013,1.6706857209687875,8977.74,548.053
United Arab Emirates,2014,1.6615249320468155,9120.32,572.223
United Arab Emirates,2015,1.8808799221350043,9262.9,601.179
United Arab Emirates,2016,1.8891370807815409,9388.4,619.12
United Arab Emirates,2017,1.8610991555653658,9513.9,633.815
United Arab Emirates,2018,1.8389918864124777,9639.4,641.408
United Arab Emirates,2019,1.842786963983509,9764.9,663.292
United Kingdom,1980,2.9982319554186265,56329.63,1275.974
United Kingdom,1981,2.852153847418483,56343.68,1267.13
United Kingdom,1982,2.8209813599032514,56299.88,1292.103
United Kingdom,1983,2.829173192124456,56331.88,1346.347
United Kingdom,1984,2.7916233399281363,56430.38,1376.515
United Kingdom,1985,2.909220736858622,56569.32,1433.298
United Kingdom,1986,2.9972254905217137,56698.38,1478.513
United Kingdom,1987,3.014902525817,56817.5,1558.289
United Kingdom,1988,3.038552588325832,56939.18,1645.58
United Kingdom,1989,3.046728608836977,57097.12,1685.805
United Kingdom,1990,3.096952903313667,57265.62,1696.49
United Kingdom,1991,3.197652254552452,57453.82,1676.363
United Kingdom,1992,3.1726977928549966,57600.05000000001,1681.6140000000003
United Kingdom,1993,3.219683674587804,57733.69999999999,1721.983
United Kingdom,1994,3.227321150595767,57883.32,1786.871
United Kingdom,1995,3.2364213399636768,58040.88,1830.5379999999998
United Kingdom,1996,3.411154418721346,58183.43,1874.988
United Kingdom,1997,3.2737460817114834,58334.80000000001,1967.0340000000003
United Kingdom,1998,3.2880902688980096,58504.12,2029.073
United Kingdom,1999,3.2991728295527967,58708.82,2089.745
United Kingdom,2000,3.3013822011766263,58915.94999999999,2166.489
United Kingdom,2001,3.325903234228385,59146.23,2211.392
United Kingdom,2002,3.2812876654630574,59401.02,2258.346
United Kingdom,2003,3.300072007147792,59678.73,2326.771
United Kingdom,2004,3.313232373839226,60017.27,2381.581
United Kingdom,2005,3.3034333238970732,60461.68,2443.342
United Kingdom,2006,3.268797360423202,60893.38,2506.48
United Kingdom,2007,3.152979585475535,61382.93,2563.365
United Kingdom,2008,3.117741445411839,61874.38,2557.222
United Kingdom,2009,2.939511656334853,62327.27,2448.608
United Kingdom,2010,3.0623412141222968,62827.23,2500.799
United Kingdom,2011,2.8720718596901786,63330.94999999999,2537.248
United Kingdom,2012,2.918119734848622,63753.93,2574.544
United Kingdom,2013,2.9098054724361693,64173.02,2623.203
United Kingdom,2014,2.757746895281692,64662.48,2701.667
United Kingdom,2015,2.786895450280726,65178.82,2772.521
United Kingdom,2016,2.7650661280350466,65687.88,2835.276
United Kingdom,2017,2.7574502115396506,66089.75,2895.794
United Kingdom,2018,2.7569189059449744,66478.92,2943.601
United Kingdom,2019,2.698483804745333,66827.7,2992.8170000000005
United States,1980,26.000976320666666,227119.0,7080.75
United States,1981,25.337327677166666,229416.20000000004,7260.45
United States,1982,24.338856879333335,231608.5,7129.56
United States,1983,24.293520863166666,233731.0,7456.38
United States,1984,25.510143612333334,235784.79999999996,7995.96
United States,1985,25.432412223833335,237880.79999999996,8329.37
United States,1986,25.525412185833332,240072.0,8617.77
United States,1987,26.319860287166666,242235.0,8915.9
United States,1988,27.540147122000004,244446.20000000004,9288.34
United States,1989,28.247272305833334,246765.20000000004,9629.41
United States,1990,28.15275001883333,249516.79999999996,9811.07
United States,1991,28.12624364983333,252831.20000000004,9800.43
United States,1992,28.568666420333333,256391.20000000004,10145.66
United States,1993,29.08457112416667,259809.5,10424.87
United States,1994,29.64409630433333,263017.8,10844.82
United States,1995,30.297302404833335,266179.2,11135.92
United States,1996,31.298870096166667,269310.5,11556.019999999999
United States,1997,31.49298598616667,272559.2,12069.94
United States,1998,31.633801360999996,275762.2,12610.85
United States,1999,32.175809368833335,278941.5,13215.49
United States,2000,32.894031657,282054.2,13754.31
United States,2001,32.02867866,284871.2,13885.56
United States,2002,32.51940585333333,287542.8,14121.049999999997
United States,2003,32.639776287,290065.2,14515.9
United States,2004,33.35553848366667,292731.8,15075.12
United States,2005,33.40506831366667,295433.5,15600.22
United States,2006,33.19297635833333,298287.8,16034.36
United States,2007,33.71405572483334,301157.0,16356.75
United States,2008,33.035849616166665,304010.5,16376.74
United States,2009,31.461608728666665,306705.5,15950.96
United States,2010,32.677869475,309274.2,16383.04
United States,2011,32.4680460995,311695.5,16636.94
United States,2012,31.634636334833335,314178.5,17016.41
United States,2013,32.562120075833334,316569.0,17329.82
United States,2014,32.956013828,319083.2,17726.25
United States,2015,32.65776840516667,321618.0,18206.03
United States,2016,32.666865508,324117.8,18509.63
United States,2017,32.7639412565,326379.8,18927.11
United States,2018,33.95726544033334,328317.2,19479.58
United States,2019,33.703173839,330043.8,19925.43
Uruguay,1980,0.04319573075025894,2915.39,
Uruguay,1981,0.04091147970546164,2934.6200000000003,
Uruguay,1982,0.03878489087359059,2953.85,
Uruguay,1983,0.047762076505679915,2973.0500000000006,
Uruguay,1984,0.046901311999218,2992.25,
Uruguay,1985,0.043228116183873476,3011.52,
Uruguay,1986,0.0455554796,3030.65,
Uruguay,1987,0.0485800938,3049.58,
Uruguay,1988,0.04795756392,3068.7100000000005,34.3393
Uruguay,1989,0.0417889453092,3088.6,34.7184
Uruguay,1990,0.0538178328,3109.6,34.8216
Uruguay,1991,0.047764429600000005,3131.66,36.0539
Uruguay,1992,0.055127622720000005,3154.4600000000005,38.9135
Uruguay,1993,0.056375527999999994,3177.73,39.9477
Uruguay,1994,0.0557017248,3201.15,42.8564
Uruguay,1995,0.049414849999999996,3224.27,42.236
Uruguay,1996,0.051659441679999994,3247.3799999999997,44.5919
Uruguay,1997,0.056492084863199996,3270.16,46.84279999999999
Uruguay,1998,0.070720851,3291.0500000000006,48.96869999999999
Uruguay,1999,0.06342686304,3308.0,48.02009999999999
Uruguay,2000,0.0656105033619456,3319.73,47.079
Uruguay,2001,0.07184437205349754,3325.47,45.275
Uruguay,2002,0.06380142714022832,3326.0500000000006,41.7813
Uruguay,2003,0.06406976519274371,3323.66,42.1128
Uruguay,2004,0.06163548890967756,3321.49,44.2063
Uruguay,2005,0.06654728873952413,3321.8000000000006,47.520999999999994
Uruguay,2006,0.0606586037462058,3325.4,49.4812
Uruguay,2007,0.07179707928454789,3331.75,52.71009999999999
Uruguay,2008,0.07626876781831542,3340.22,56.501
Uruguay,2009,0.080013157767483,3349.68,58.8764
Uruguay,2010,0.08366913213196694,3359.27,63.475
Uruguay,2011,0.08195065268263292,3368.93,66.7516
Uruguay,2012,0.08207148168283127,3378.98,69.1194
Uruguay,2013,0.08581768573507867,3389.44,72.3254
Uruguay,2014,0.08828727527083703,3400.44,74.6647
Uruguay,2015,0.09096059040768904,3412.01,74.939
Uruguay,2016,0.09239082444490947,3424.14,76.1981
Uruguay,2017,0.08917960978316018,3436.65,77.4384
Uruguay,2018,0.09148186637006314,3449.01,77.8085
Uruguay,2019,0.09263935009036427,3461.3700000000003,78.0812
Uzbekistan,1980,,,
Uzbekistan,1981,,,
Uzbekistan,1982,,,
Uzbekistan,1983,,,
Uzbekistan,1984,,,
Uzbekistan,1985,,,
Uzbekistan,1986,,,
Uzbekistan,1987,,,
Uzbekistan,1988,,,
Uzbekistan,1989,,,
Uzbekistan,1990,,,
Uzbekistan,1991,,,
Uzbekistan,1992,0.6702469654663041,21375.1,68.6572
Uzbekistan,1993,0.8367575105787148,21862.0,67.0072
Uzbekistan,1994,0.7047831947595015,22336.2,63.7258
Uzbekistan,1995,0.7477554838348941,22791.0,63.1582
Uzbekistan,1996,0.7496967295464885,23225.3,64.2306
Uzbekistan,1997,0.7512454802650146,23640.5,67.5694
Uzbekistan,1998,0.7383281335807245,24036.0,70.4753
Uzbekistan,1999,0.7408648520054987,24412.099999999995,73.5047
Uzbekistan,2000,0.7801548203548776,24770.0,76.3242
Uzbekistan,2001,0.8121588271910941,25108.599999999995,79.502
Uzbekistan,2002,0.8296485905111226,25431.099999999995,82.6611
Uzbekistan,2003,0.8454172156664621,25749.099999999995,86.1599
Uzbekistan,2004,0.8875047554101307,26077.599999999995,92.5779
Uzbekistan,2005,0.8349689709216458,26427.8,99.01190000000001
Uzbekistan,2006,0.8443169222506814,26804.099999999995,106.39
Uzbekistan,2007,0.8436425491482469,27204.7,116.468
Uzbekistan,2008,0.8684738793686904,27627.0,126.984
Uzbekistan,2009,0.7869146602168305,28065.5,137.207
Uzbekistan,2010,0.7762241777520342,28515.900000000005,147.631
Uzbekistan,2011,0.8440666005368989,28977.0,158.776
Uzbekistan,2012,0.8404715897846116,29449.400000000005,169.961
Uzbekistan,2013,0.7653409713829087,29932.599999999995,182.399
Uzbekistan,2014,0.8349437209285847,30426.400000000005,194.98799999999997
Uzbekistan,2015,0.8015169721237786,30929.599999999995,209.082
Uzbekistan,2016,0.7053488256954246,31441.8,221.467
Uzbekistan,2017,0.7395132211543471,31959.8,231.126
Uzbekistan,2018,0.7278959064165834,32462.900000000005,243.516
Uzbekistan,2019,0.7609726320811492,32966.1,257.435
Vanuatu,1980,0.0007089153826113201,115.598,
Vanuatu,1981,0.00061860614681636,118.546,
Vanuatu,1982,0.00061860614681636,121.39799999999998,
Vanuatu,1983,0.00061860614681636,124.21300000000001,
Vanuatu,1984,0.00062030095817752,127.058,
Vanuatu,1985,0.00070697845533644,129.989,
Vanuatu,1986,0.0006588597334,132.988,
Vanuatu,1987,0.0005821659334,136.075,
Vanuatu,1988,0.00075421596576,139.319,0.291444
Vanuatu,1989,0.0006604657334000001,142.801,0.301436
Vanuatu,1990,0.0006604657334000001,146.575,0.315833
Vanuatu,1991,0.00055221288,150.718,0.354137
Vanuatu,1992,0.00028960063296,155.176,0.351559
Vanuatu,1993,0.0002888931054,159.743,0.36738
Vanuatu,1994,0.0002888931054,164.128,0.376728
Vanuatu,1995,0.0002888931054,168.161,0.394348
Vanuatu,1996,0.00028960063296,171.721,0.404448
Vanuatu,1997,0.0002888931054,174.917,0.41403799999999996
Vanuatu,1998,0.0002888931054,177.987,0.42287500000000006
Vanuatu,1999,0.00028890663999996,181.259,0.42621899999999996
Vanuatu,2000,0.000521269524,184.96400000000003,0.448429
Vanuatu,2001,0.0005805892229764,189.20899999999997,0.439232
Vanuatu,2002,0.0005540480305215999,193.927,0.43185499999999993
Vanuatu,2003,0.00065014365842076,198.96,0.44324
Vanuatu,2004,0.000523260108528,204.12299999999996,0.46091299999999996
Vanuatu,2005,0.0005232667705512,209.282,0.485354
Vanuatu,2006,0.00048534880454752005,214.379,0.526441
Vanuatu,2007,0.0007868738070844,219.46400000000003,0.553665
Vanuatu,2008,0.00077588648671464,224.69999999999996,0.58938
Vanuatu,2009,0.00089670298581076,230.244,0.608894
Vanuatu,2010,0.0009268462166515201,236.216,0.618814
Vanuatu,2011,0.0010721778780520001,242.658,0.626394
Vanuatu,2012,0.0008995241540759799,249.505,0.637386
Vanuatu,2013,0.00087142783,256.637,0.649937
Vanuatu,2014,0.0009951494496800001,263.888,0.664918
Vanuatu,2015,0.0009372756312,271.128,0.666
Vanuatu,2016,0.0009455253824,278.326,0.6890810000000002
Vanuatu,2017,0.00105428166111788,285.499,0.719528
Vanuatu,2018,0.00135485338597924,292.716,0.740393
Vanuatu,2019,0.0013048107936,299.933,0.7611019999999998
Venezuela,1980,0.6336646219152721,15182.6,279.3891
Venezuela,1981,0.6879088859361145,15597.88,278.3755
Venezuela,1982,0.6991090208416033,16017.58,272.6103
Venezuela,1983,0.6774265018394823,16443.12,266.7439
Venezuela,1984,0.6817491571516082,16876.7,273.5561
Venezuela,1985,0.6987929664250151,17319.55,274.0849
Venezuela,1986,0.7532499413159194,17772.0,291.9289
Venezuela,1987,0.7678704689206347,18232.72,302.3847
Venezuela,1988,0.7724457290099528,18698.85,319.9874
Venezuela,1989,0.822143121214783,19166.47,292.565
Venezuela,1990,0.8324519841900526,19632.68,311.488
Venezuela,1991,0.8850436571013702,20096.3,341.7954
Venezuela,1992,0.8885281242925631,20557.72,362.5097
Venezuela,1993,0.91840138341094,21016.93,363.5081
Venezuela,1994,0.9736469940186712,21474.53,354.9675
Venezuela,1995,0.9892575237523088,21931.069999999996,368.9946
Venezuela,1996,1.029078022002121,22385.650000000005,368.2646
Venezuela,1997,1.0654175688069745,22837.72,381.7965
Venezuela,1998,1.1256389844661538,23288.569999999996,382.9192
Venezuela,1999,1.057883294520941,23739.819999999996,360.0574
Venezuela,2000,1.0928673327419411,24192.45,373.3324
Venezuela,2001,1.1986113820807756,24646.45,386.0038
Venezuela,2002,1.142025222567091,25100.400000000005,351.8209
Venezuela,2003,1.0518818627575741,25551.62,324.5362
Venezuela,2004,1.1848464023881344,25996.599999999995,383.8826000000001
Venezuela,2005,1.2018466026271457,26432.45,423.49129999999997
Venezuela,2006,1.2672578750405061,26850.150000000005,465.3
Venezuela,2007,1.1965962165226578,27247.599999999995,506.029
Venezuela,2008,1.2695647921695936,27635.819999999996,532.738
Venezuela,2009,1.2446379633642661,28031.0,515.677
Venezuela,2010,1.2436450180404157,28439.930000000004,507.999
Venezuela,2011,1.2542244119625114,28887.849999999995,529.216
Venezuela,2012,1.359699879054737,29360.819999999996,558.989
Venezuela,2013,1.2871213199327274,29781.08,566.497
Venezuela,2014,1.2229311385580623,30043.0,544.436
Venezuela,2015,1.2240373974465617,30081.819999999996,510.564
Venezuela,2016,1.1736009647337062,29851.25,423.564
Venezuela,2017,1.148204624861412,29402.48,357.1842
Venezuela,2018,1.0856180932718629,28887.13,287.0995
Venezuela,2019,0.9789898913773577,28515.849999999995,190.1472
Vietnam,1980,0.048885810023177365,54281.80000000001,
Vietnam,1981,0.054755243221861837,55522.80000000001,
Vietnam,1982,0.057011062248686364,56814.30000000001,
Vietnam,1983,0.05819191963879622,58148.4,
Vietnam,1984,0.05255728959378044,59512.6,
Vietnam,1985,0.055955852630552895,60896.69999999999,
Vietnam,1986,0.05907708745354532,62293.9,
Vietnam,1987,0.06551144997815221,63702.0,
Vietnam,1988,0.06958063845616264,65120.4,117.589
Vietnam,1989,0.07813177611038943,66550.2,123.089
Vietnam,1990,0.08847580622664206,67988.9,129.359
Vietnam,1991,0.09770641092026304,69437.0,136.874
Vietnam,1992,0.10774119441754744,70883.5,148.781
Vietnam,1993,0.12570346002929147,72300.3,160.8
Vietnam,1994,0.1406293030127457,73651.2,175.005
Vietnam,1995,0.1711483053292766,74910.5,191.701
Vietnam,1996,0.20338679889437777,76068.7,209.606
Vietnam,1997,0.20797113871985823,77133.2,226.692
Vietnam,1998,0.22075702299589803,78115.7,239.76
Vietnam,1999,0.24652006334455057,79035.9,251.206
Vietnam,2000,0.26633234641786846,79910.4,268.256
Vietnam,2001,0.3063492631828434,80742.5,286.752
Vietnam,2002,0.352875351074153,81534.4,307.054
Vietnam,2003,0.3869293818910006,82301.6,329.595
Vietnam,2004,0.48468282827289555,83062.8,355.27
Vietnam,2005,0.5148032279003625,83832.7,382.093
Vietnam,2006,0.5446029776159491,84617.5,408.75499999999994
Vietnam,2007,0.5930813809250638,85419.6,437.897
Vietnam,2008,0.6475297058713059,86243.4,462.69
Vietnam,2009,0.6953274253893211,87092.2,487.666
Vietnam,2010,0.7554655055224451,87967.7,518.989
Vietnam,2011,0.8610962826863986,88871.39999999998,552.326
Vietnam,2012,0.9201174773873708,89801.89999999998,582.632
Vietnam,2013,0.904830786138716,90752.60000000002,615.021
Vietnam,2014,1.024834329748716,91713.89999999998,654.419
Vietnam,2015,1.1332841775908693,92677.10000000002,700.257
Vietnam,2016,1.264919912582792,93640.39999999998,747.042
Vietnam,2017,1.340593860040618,94600.60000000002,798.9410000000001
Vietnam,2018,1.4529978576571518,95513.3,855.4720000000001
Vietnam,2019,1.40363421888597,96425.89999999998,915.504
Wake Island,1980,0.007494997349164199,,
Wake Island,1981,0.0074745192143303996,,
Wake Island,1982,0.0074745192143303996,,
Wake Island,1983,0.0074745192143303996,,
Wake Island,1984,0.007494997349164199,,
Wake Island,1985,0.007391469,,
Wake Island,1986,0.007391469,,
Wake Island,1987,0.007391469,,
Wake Island,1988,0.007328710800000001,,
Wake Island,1989,0.0073086869999999995,,
Wake Island,1990,0.0071431229999999995,,
Wake Island,1991,0.0071431229999999995,,
Wake Island,1992,0.007245702,,
Wake Island,1993,0.007225905,,
Wake Island,1994,0.007224007,,
Wake Island,1995,0.007306788999999999,,
Wake Island,1996,0.0074120856,,
Wake Island,1997,0.007476513999999999,,
Wake Island,1998,0.007476513999999999,,
Wake Island,1999,0.007476513999999999,,
Wake Island,2000,0.007478990400000001,,
Wake Island,2001,0.007478990400000001,,
Wake Island,2002,0.0076069464,,
Wake Island,2003,0.0076069464,,
Wake Island,2004,0.0076069464,,
Wake Island,2005,0.0075515348,,
Wake Island,2006,0.007728072,,
Wake Island,2007,0.007728072,,
Wake Island,2008,0.007749244800000001,,
Wake Island,2009,0.007728072,,
Wake Island,2010,0.00766343415,,
Wake Island,2011,0.007728072,,
Wake Island,2012,0.007749244800000001,,
Wake Island,2013,0.007728072,,
Wake Island,2014,0.007728072,,
Wake Island,2015,0.00772766,,
Wake Island,2016,0.007729864,,
Wake Island,2017,0.007730012,,
Wake Island,2018,0.0077588119999999995,,
Wake Island,2019,0.00777441824,,
Western Sahara,1980,0.000946214145365,,
Western Sahara,1981,0.0009436288608148,,
Western Sahara,1982,0.00102941330363096,,
Western Sahara,1983,0.00102941330363096,,
Western Sahara,1984,0.00103223361405188,,
Western Sahara,1985,0.00111519774562296,,
Western Sahara,1986,0.0010772295516000001,,
Western Sahara,1987,0.001095209802,,
Western Sahara,1988,0.00109781776128,,
Western Sahara,1989,0.001095209802,,
Western Sahara,1990,0.001180254802,,
Western Sahara,1991,0.001180254802,,
Western Sahara,1992,0.0011830957612799999,,
Western Sahara,1993,0.0011276633974,,
Western Sahara,1994,0.0011276633974,,
Western Sahara,1995,0.0012720450019999999,,
Western Sahara,1996,0.00127513744128,,
Western Sahara,1997,0.0012720450019999999,,
Western Sahara,1998,0.0012720450019999999,,
Western Sahara,1999,0.00127206124,,
Western Sahara,2000,0.001458934232,,
Western Sahara,2001,0.001458934232,,
Western Sahara,2002,0.001458934232,,
Western Sahara,2003,0.001458934232,,
Western Sahara,2004,0.001458934232,,
Western Sahara,2005,0.001458934232,,
Western Sahara,2006,0.001458934232,,
Western Sahara,2007,0.001458934232,,
Western Sahara,2008,0.001458934232,,
Western Sahara,2009,0.001458934232,,
Western Sahara,2010,0.001458934232,,
Western Sahara,2011,0.001458934232,,
Western Sahara,2012,0.00146293131208764,,
Western Sahara,2013,0.001458934232,,
Western Sahara,2014,0.001458934232,,
Western Sahara,2015,0.001457696,,
Western Sahara,2016,0.00145440688,,
Western Sahara,2017,0.00148483823205112,,
Western Sahara,2018,0.00148483823205112,,
Western Sahara,2019,0.0014848382000000001,,
World,1980,97.62720182348225,4298126.5224,27770.910281
World,1981,96.45193926429197,4377059.5593,28665.819138000003
World,1982,96.55382806560353,4456829.97443,28801.769507
World,1983,97.89893135187613,4537793.89383,29617.577192
World,1984,102.39803316020759,4572800.78237,31097.252511
World,1985,105.13008341484728,4657357.404,32289.040681
World,1986,107.38740072260782,4745135.92538,33425.371024
World,1987,110.8992078128136,4835605.8458,34792.987235
World,1988,115.17404958123605,4927545.0842,42106.595403
World,1989,117.11806007285621,5056794.37357,44075.6352239
World,1990,117.8567544785666,5294251.48698,49229.890519
World,1991,117.96407623672089,5396473.6766,50156.762624
World,1992,117.61078306380499,5481774.19023,51016.352946
World,1993,118.55472470279103,5581568.66482,52108.49509800001
World,1994,119.82382789822655,5663996.163399999,53646.343445
World,1995,123.10839708229621,5745283.94102,55384.826679
World,1996,126.38457564655575,5826303.733,57529.161409
World,1997,126.77629943908762,5906491.025989999,59832.326571000005
World,1998,127.4900518696874,5985040.94597,61263.857052
World,1999,129.89094257346298,6063581.745,63358.515519
World,2000,134.11953106556027,6141880.59902,66398.356393
World,2001,135.08088814157142,6220160.567619999,67935.205642
World,2002,137.99791243210427,6298597.470199999,69813.837803
World,2003,142.86206268754776,6377289.06582,72365.060333
World,2004,150.2511297550335,6456652.84538,76045.707548
World,2005,155.13557840464895,6536810.245,79576.34507
World,2006,160.0706720076523,6618223.73697,83710.080805
World,2007,164.43479064140516,6700371.897999999,88074.601701
World,2008,166.71327882900462,6783134.44,90624.603666
World,2009,165.16989768577594,6865794.1842,90003.176025
World,2010,175.75036337973373,6948810.014000001,94617.526435
World,2011,180.3430482151717,7041712.689,98369.0322
World,2012,184.0403556881704,7126262.29402,101534.112578
World,2013,187.2177908616071,7211822.209,104859.448866
World,2014,188.9033142899444,7297269.981,108404.179858
World,2015,189.30334596984187,7379227.32003,111935.895738
World,2016,190.93216215625057,7464042.84623,115567.880105
World,2017,194.9533002216432,7548343.78937,119854.32170699998
World,2018,199.46832195837771,7632247.011549999,124161.994035
World,2019,200.57198117629514,7714631.06383,127690.247059
Yemen,1980,0.03819690650601512,7941.899999999999,
Yemen,1981,0.03893904433733536,8231.91,
Yemen,1982,0.04571105204742168,8541.61,
Yemen,1983,0.04232504819265136,8869.36,
Yemen,1984,0.05262684896391852,9213.08,
Yemen,1985,0.05840856650590888,9572.17,
Yemen,1986,0.056207664000000004,9941.1,
Yemen,1987,0.055738858,10322.0,
Yemen,1988,0.057490547999999995,10730.9,
Yemen,1989,0.06140570199999999,11189.200000000003,
Yemen,1990,0.064230072,11710.0,40.1
Yemen,1991,0.066469858,12302.1,40.2248
Yemen,1992,0.0696735168,12954.200000000003,42.1955
Yemen,1993,0.057408368,13634.1,43.9121
Yemen,1994,0.054367188,14297.6,44.8623
Yemen,1995,0.060287049999999995,14913.299999999997,52.3338
Yemen,1996,0.060645614400000006,15469.299999999997,63.0755
Yemen,1997,0.06257136599999999,15975.700000000003,66.3749
Yemen,1998,0.067749402,16450.3,69.5259
Yemen,1999,0.05086786,16921.2,72.6625
Yemen,2000,0.08207889331248161,17409.1,78.1938
Yemen,2001,0.08832347442299517,17918.4,82.8333
Yemen,2002,0.08909752622940308,18443.7,87.01209999999999
Yemen,2003,0.10215182993376404,18985.0,92.02140000000001
Yemen,2004,0.10785540594826375,19540.1,96.2871
Yemen,2005,0.11367226909037095,20107.4,101.235
Yemen,2006,0.11357484191259867,20687.7,105.933
Yemen,2007,0.12059021165168964,21282.5,109.61399999999999
Yemen,2008,0.1266271756729079,21892.2,114.015
Yemen,2009,0.14027988048034112,22516.5,118.729
Yemen,2010,0.1361265170967663,23154.8,122.668
Yemen,2011,0.1143760278128793,23807.599999999995,104.159
Yemen,2012,0.09910717466728995,24473.2,106.437
Yemen,2013,0.13986757938293048,25147.099999999995,110.258
Yemen,2014,0.13239676502154496,25823.5,98.56260000000002
Yemen,2015,0.07147952239873652,26497.900000000005,68.543
Yemen,2016,0.05720783509895276,27168.2,58.5318
Yemen,2017,0.05279391330075704,27834.8,52.7009
Yemen,2018,0.049104655055028,28498.5,51.992
Yemen,2019,0.06360786764556312,29162.2,53.0838
Zambia,1980,0.05324665667036956,5851.817,
Zambia,1981,0.052991307340991736,6055.363,
Zambia,1982,0.05415557723759158,6265.87,
Zambia,1983,0.05392920480142408,6481.905,
Zambia,1984,0.05218753109862993,6701.548,
Zambia,1985,0.05169278725664256,6923.147,
Zambia,1986,0.051450336184669196,7146.965,
Zambia,1987,0.04768806368257748,7372.835,
Zambia,1988,0.04864785010530548,7598.27,71.2451
Zambia,1989,0.04184141205015524,7820.2,70.5159
Zambia,1990,0.04497138176447092,8036.846999999999,70.1766
Zambia,1991,0.04327314624889916,8246.662,70.1514
Zambia,1992,0.04438731904051244,8451.346,68.937
Zambia,1993,0.04242957175386812,8656.482,73.6229
Zambia,1994,0.042208794108065,8869.745,67.2726
Zambia,1995,0.04055479073468584,9096.609,69.2219
Zambia,1996,0.03857882666882672,9339.74,73.5265
Zambia,1997,0.0417378047827816,9597.609,76.33091
Zambia,1998,0.04086300107853952,9866.476,76.0363
Zambia,1999,0.039641256640909,10140.58,79.5722
Zambia,2000,0.03984342136644234,10415.95,82.67341
Zambia,2001,0.041699896054523275,10692.17,87.0691
Zambia,2002,0.0431176447311505,10971.68,90.9923
Zambia,2003,0.04467131272957322,11256.72,97.3118
Zambia,2004,0.04600873517375512,11550.67,104.1551
Zambia,2005,0.048429261355885746,11856.25,111.6913
Zambia,2006,0.050071815770438476,12173.5,120.5191
Zambia,2007,0.04728292542972394,12502.97,130.5854
Zambia,2008,0.04888469833289322,12848.519999999999,140.737
Zambia,2009,0.04971290550682978,13215.15,153.7134
Zambia,2010,0.05210799833861242,13606.0,169.5431
Zambia,2011,0.058376567692839984,14023.18,178.97760000000002
Zambia,2012,0.06272231400379406,14465.15,192.5756
Zambia,2013,0.06650879556701153,14926.53,202.31450000000004
Zambia,2014,0.07138576641716532,15399.799999999997,211.7024
Zambia,2015,0.06908131422036387,15879.38,217.93089999999998
Zambia,2016,0.06514836787475284,16363.450000000003,226.11350000000002
Zambia,2017,0.07514608908889911,16853.6,234.0865
Zambia,2018,0.08452044528467692,17363.72,243.5819
Zambia,2019,0.08283862275331044,17873.85,247.1819
Zimbabwe,1980,0.0565889496567931,7408.63,
Zimbabwe,1981,0.056946742775196305,7675.579999999999,
Zimbabwe,1982,0.05396282212840792,7958.240000000001,
Zimbabwe,1983,0.0557267319498869,8254.75,
Zimbabwe,1984,0.05573794521978618,8562.26,
Zimbabwe,1985,0.0585719612738053,8877.49,
Zimbabwe,1986,0.065514410706065,9200.15,
Zimbabwe,1987,0.0739752374388794,9527.2,
Zimbabwe,1988,0.07299302705265054,9849.13,16.2287
Zimbabwe,1989,0.07904991021726578,10153.8,17.0752
Zimbabwe,1990,0.08361824959461614,10432.4,18.2676
Zimbabwe,1991,0.085496596829,10681.0,19.2764
Zimbabwe,1992,0.07861137133622145,10900.5,17.9209
Zimbabwe,1993,0.07584754682210354,11092.799999999997,18.2991
Zimbabwe,1994,0.07259851990770362,11261.799999999997,19.3606
Zimbabwe,1995,0.07194115028145413,11410.700000000003,19.392
Zimbabwe,1996,0.07390952657162318,11541.200000000003,21.2796
Zimbabwe,1997,0.07292623604712188,11653.200000000003,21.583
Zimbabwe,1998,0.07350546901698204,11747.1,21.6893
Zimbabwe,1999,0.08466968451410904,11822.700000000003,20.9091
Zimbabwe,2000,0.07946326838842013,11881.5,19.2011
Zimbabwe,2001,0.07502435083768104,11923.9,19.1639
Zimbabwe,2002,0.07460971020130214,11954.299999999997,18.0257
Zimbabwe,2003,0.07247603549202783,11982.200000000003,16.6807
Zimbabwe,2004,0.06714221839090988,12019.9,16.0731
Zimbabwe,2005,0.06941665487008893,12076.700000000003,15.42
Zimbabwe,2006,0.06958093830337389,12155.5,14.861200000000002
Zimbabwe,2007,0.06834787496055224,12255.9,14.3756
Zimbabwe,2008,0.0569529592008164,12379.5,13.694
Zimbabwe,2009,0.056319007632853677,12527.0,21.8464
Zimbabwe,2010,0.06295960969026948,12697.700000000003,26.1448
Zimbabwe,2011,0.06863840980769757,12894.299999999997,29.8557
Zimbabwe,2012,0.07435744974520894,13115.200000000003,34.8313
Zimbabwe,2013,0.07558356637112625,13350.4,35.5243
Zimbabwe,2014,0.07452658219973542,13586.700000000003,36.3687
Zimbabwe,2015,0.07459089101956581,13814.6,37.016
Zimbabwe,2016,0.06369230851749666,14030.299999999997,37.2958
Zimbabwe,2017,0.06269612296259877,14236.6,39.0502
Zimbabwe,2018,0.06483351123442263,14445.4,40.9362
Zimbabwe,2019,0.06746032350339494,14654.200000000003,37.6204
